origen,productos,juntos,lift,confianza,detalle,skus,precio_suelto,ahorro_ml,ahorro_de,cruza_umbral,descuento_que_banca,tope_marca,marcas,descuento,limita,tipo_publicacion,precio_kit_sugerido,motivo,items,user_product,crear_kit
se compran juntos,4,3,126126.6,0.25,Llave Criquet Articulada Bulit S + Llave Criquet Articulada Bulit S + Llave Criquet Articulada Bulit S + Llave Criquet Articulada Bulit S,"CR016000000LLV8VAC16, CR016000000LLV8VAC17, CR016000000LLV8VAC18, CR016000000LLV8VAC19",100322.28,3379.0,cargo fijo,True,0.0392,0.15,Bulit,0.0392,la economía del kit,gold_special,96387.38,"3 compras juntas, 126126.6× más de lo esperable, confianza 25%","MLA866188077, MLA866187994, MLA866187969, MLA866188938","MLAU208198725, MLAU208245191, MLAU296229008, MLAU294825217",https://vendedores.mercadolibre.com.ar/publicar/kit?pre_charged_ups=MLAU208198725
se compran juntos,3,2,99.6,0.12,Traba U Máxima Seguridad Bulit G + Traba Discos Bulit De 5.5mm Con  + Recordatorio Traba Disco Bulit A,"CR01600000000CDBU180, CR0160000000CDBTD55F, CR01600000CDBACCTDIS",101633.55,8891.0,cargo fijo y envío,True,0.0981,0.15,Bulit,0.0981,la economía del kit,gold_special,91663.26,"2 compras juntas, 99.6× más de lo esperable, confianza 12%","MLA812439849, MLA813096045, MLA818173515","MLAU208216957, MLAU209857710, MLAU284612357",https://vendedores.mercadolibre.com.ar/publicar/kit?pre_charged_ups=MLAU208216957
se compran juntos,3,2,25004.7,0.5,Pinza Bulit Universal Aislada 10 + Alicate Aislado Bulit Profesiona + Pinza Bulit De Punta Semiredonda,"CR0160000000PZAP8PU8, CR016000000PZAP10AL7, CR016000000PZAP10PS6",92368.46,1374.0,cargo fijo,True,0.0166,0.15,Bulit,0.0166,la economía del kit,gold_special,90833.22,"2 compras juntas, 25004.7× más de lo esperable, confianza 50%","MLA932410161, MLA3037708514, MLA2624508686","MLAU268238176, MLAU3843934688, MLAU3645205975",https://vendedores.mercadolibre.com.ar/publicar/kit?pre_charged_ups=MLAU268238176
se compran juntos,3,2,106.9,0.14,Burlete Suprabond Goma Espuma Do + Burlete Suprabond Goma Espuma No + Burlete Autoadhesivo Suprabond P,"CR01600000000000SLTD, CR01600000000000SLTN, CR0160000000000SLTEA",22976.31,1245.0,cargo fijo,False,0.0666,0.15,Suprabond,0.0666,la economía del kit,gold_special,21445.86,"2 compras juntas, 106.9× más de lo esperable, confianza 14%","MLA842568397, MLA931075172, MLA1863881731","MLAU208228953, MLAU209441954, MLAU4170871397",https://vendedores.mercadolibre.com.ar/publicar/kit?pre_charged_ups=MLAU208228953
se compran juntos,3,4,2160.9,0.33,Llave Criquet Articulada Bulit S + Llave Criquet Articulada Bulit S + Llave Criquet Articulada Bulit S,"CR016000000LLV8VAC17, CR016000000LLV8VAC18, CR016000000LLV8VAC19",77498.28,874.0,cargo fijo,True,0.0132,0.15,Bulit,0.0132,la economía del kit,gold_special,76478.29,"4 compras juntas, 2160.9× más de lo esperable, confianza 33%","MLA866187994, MLA866187969, MLA866188938","MLAU208245191, MLAU296229008, MLAU294825217",https://vendedores.mercadolibre.com.ar/publicar/kit?pre_charged_ups=MLAU208245191
se compran juntos,3,4,1525.3,0.27,Llave Criquet Articulada Bulit S + Llave Criquet Articulada Bulit S + Llave Criquet Articulada Bulit S,"CR016000000LLV8VAC16, CR016000000LLV8VAC17, CR016000000LLV8VAC19",77955.28,874.0,cargo fijo,True,0.013,0.15,Bulit,0.013,la economía del kit,gold_special,76938.25,"4 compras juntas, 1525.3× más de lo esperable, confianza 27%","MLA866188077, MLA866187994, MLA866188938","MLAU208198725, MLAU208245191, MLAU294825217",https://vendedores.mercadolibre.com.ar/publicar/kit?pre_charged_ups=MLAU208198725
se compran juntos,3,3,288.3,0.27,Topetina Suprabond De Fieltro Ma + Topetina Suprabond De Fieltro Ma + Topetina Suprabond De Fieltro Ma,"CR01600000000TPCF20M, CR01600000000TPCF30M, CR01600000000TPRF30M",29377.03,745.0,cargo fijo,False,0.0292,0.15,Suprabond,0.0292,la economía del kit,gold_special,28519.66,"3 compras juntas, 288.3× más de lo esperable, confianza 27%","MLA859036213, MLA886762533, MLA864705575","MLAU208237143, MLAU264775982, MLAU209411116",https://vendedores.mercadolibre.com.ar/publicar/kit?pre_charged_ups=MLAU208237143
se compran juntos,3,4,117.4,0.11,Topetina Suprabond De Fieltro Ma + Topetina Suprabond De Fieltro Ma + Topetina Suprabond De Fieltro Ma,"CR01600000000TPCF20M, CR01600000000TPRF20M, CR01600000000TPRF30M",29369.5,745.0,cargo fijo,False,0.0292,0.15,Suprabond,0.0292,la economía del kit,gold_special,28512.46,"4 compras juntas, 117.4× más de lo esperable, confianza 11%","MLA859036213, MLA859036030, MLA864705575","MLAU208237143, MLAU209680020, MLAU209411116",https://vendedores.mercadolibre.com.ar/publicar/kit?pre_charged_ups=MLAU208237143
se compran juntos,3,2,81.3,0.08,Topetina Suprabond De Fieltro Ma + Topetina Suprabond De Fieltro Ma + Adhesivo Suprabond Transparente ,"CR01600000000TPCF20M, CR01600000000TPRF30M, CR0160000000SBDTR50B",27779.74,745.0,cargo fijo,False,0.0324,0.15,Suprabond,0.0324,la economía del kit,gold_special,26880.76,"2 compras juntas, 81.3× más de lo esperable, confianza 8%","MLA859036213, MLA864705575, MLA1387618937","MLAU208237143, MLAU209411116, MLAU298831110",https://vendedores.mercadolibre.com.ar/publicar/kit?pre_charged_ups=MLAU208237143
se compran juntos,3,2,73.0,0.06,Burlete Autoadhesivos De Goma Pe + Topetina Suprabond De Fieltro Ma + Topetina Suprabond De Fieltro Ma,"CR01600000000SLTD5MI, CR01600000000TPRF20M, CR01600000000TPRF30M",31183.07,745.0,cargo fijo,False,0.0285,0.15,Suprabond,0.0285,la economía del kit,gold_special,30294.73,"2 compras juntas, 73.0× más de lo esperable, confianza 6%","MLA861014506, MLA859036030, MLA864705575","MLAU293776265, MLAU209680020, MLAU209411116",https://vendedores.mercadolibre.com.ar/publicar/kit?pre_charged_ups=MLAU293776265
se compran juntos,3,2,26.8,0.06,Burlete Autoadhesivo Suprabond D + Topetina Suprabond De Fieltro Ma + Topetina Suprabond De Fieltro Ma,"CR01600000000SLTE5BI, CR01600000000TPCF20M, CR01600000000TPRF30M",30087.74,745.0,cargo fijo,False,0.0295,0.15,Suprabond,0.0295,la economía del kit,gold_special,29199.27,"2 compras juntas, 26.8× más de lo esperable, confianza 6%","MLA863200953, MLA859036213, MLA864705575","MLAU237320801, MLAU208237143, MLAU209411116",https://vendedores.mercadolibre.com.ar/publicar/kit?pre_charged_ups=MLAU237320801
se compran juntos,3,2,24.3,0.07,Burlete Suprabond Goma Espuma Do + Burlete Autoadhesivo Suprabond P + Burlete Autoadhesivo Suprabond D,"CR01600000000000SLTD, CR01600000000SLTD5BI, CR01600000000SLTE5BI",30522.49,745.0,cargo fijo,False,0.0309,0.15,Suprabond,0.0309,la economía del kit,gold_special,29580.34,"2 compras juntas, 24.3× más de lo esperable, confianza 7%","MLA842568397, MLA1864096019, MLA863200953","MLAU208228953, MLAU4170873065, MLAU237320801",https://vendedores.mercadolibre.com.ar/publicar/kit?pre_charged_ups=MLAU208228953
se compran juntos,3,4,2288.0,0.33,Llave Criquet Articulada Bulit S + Llave Criquet Articulada Bulit S + Llave Criquet Articulada Bulit S,"CR016000000LLV8VAC16, CR016000000LLV8VAC18, CR016000000LLV8VAC19",73253.0,374.0,cargo fijo,True,0.0059,0.15,Bulit,0.0059,la economía del kit,gold_special,72817.76,"4 compras juntas, 2288.0× más de lo esperable, confianza 33%","MLA866188077, MLA866187969, MLA866188938","MLAU208198725, MLAU296229008, MLAU294825217",https://vendedores.mercadolibre.com.ar/publicar/kit?pre_charged_ups=MLAU208198725
se compran juntos,3,4,1906.7,0.33,Llave Criquet Articulada Bulit S + Llave Criquet Articulada Bulit S + Llave Criquet Articulada Bulit S,"CR016000000LLV8VAC16, CR016000000LLV8VAC17, CR016000000LLV8VAC18",72260.28,374.0,cargo fijo,True,0.006,0.15,Bulit,0.006,la economía del kit,gold_special,71825.08,"4 compras juntas, 1906.7× más de lo esperable, confianza 33%","MLA866188077, MLA866187994, MLA866187969","MLAU208198725, MLAU208245191, MLAU296229008",https://vendedores.mercadolibre.com.ar/publicar/kit?pre_charged_ups=MLAU208198725
se compran juntos,3,2,3432.0,0.4,Llave Criquet Articulada Bulit S + Llave Criquet Articulada Bulit S + Llave Criquet Articulada Bulit S,"CR016000000LLV8VAC15, CR016000000LLV8VAC16, CR016000000LLV8VAC18",63109.0,-126.0,cargo fijo,True,0.0,0.15,Bulit,0.0,la economía del kit,gold_special,63109.0,"2 compras juntas, 3432.0× más de lo esperable, confianza 40%","MLA866189116, MLA866188077, MLA866187969","MLAU294878515, MLAU208198725, MLAU296229008",https://vendedores.mercadolibre.com.ar/publicar/kit?pre_charged_ups=MLAU294878515
se compran juntos,3,3,4290.0,0.75,Llave Criquet Articulada Bulit S + Llave Criquet Articulada Bulit S + Llave Criquet Articulada Bulit S,"CR0160000000LLV8VAC9, CR016000000LLV8VAC16, CR016000000LLV8VAC17",62871.28,-881.0,cargo fijo,True,0.0,0.15,Bulit,0.0,la economía del kit,gold_special,62871.28,"3 compras juntas, 4290.0× más de lo esperable, confianza 75%","MLA866187891, MLA866188077, MLA866187994","MLAU297756141, MLAU208198725, MLAU208245191",https://vendedores.mercadolibre.com.ar/publicar/kit?pre_charged_ups=MLAU297756141
se compran juntos,3,2,556.4,0.18,Cinta Suprabond Autoadhesiva Dob + Pistola Encoladora Suprabond Sil + Barras Suprabond Finas Ultratran,"CR016000000000AFXWR2, CR0160000000CPHX200R, CR01600000CHMF10UT25",45418.08,-2136.0,cargo fijo,True,0.0,0.15,Suprabond,0.0,la economía del kit,gold_special,45418.08,"2 compras juntas, 556.4× más de lo esperable, confianza 18%","MLA860849627, MLA1918162600, MLA901347064","MLAU293505437, MLAU1536951475, MLAU224535540",https://vendedores.mercadolibre.com.ar/publicar/kit?pre_charged_ups=MLAU293505437
se compran juntos,3,2,281.9,0.2,Nuevo Adhesivo Suprabond Erpox B + Adhesivo Epoxi Suprabond Erpox A + Adhesivo Epoxi Suprabond Transpa,"CR0160000000000EXB80, CR016000000000EXA105, CR016000000SPXSA16TE",40200.0,-2636.0,cargo fijo,True,0.0,0.15,Suprabond,0.0,la economía del kit,gold_special,40200.0,"2 compras juntas, 281.9× más de lo esperable, confianza 20%","MLA859732690, MLA859727205, MLA1139075420","MLAU209400230, MLAU209419070, MLAU217079705",https://vendedores.mercadolibre.com.ar/publicar/kit?pre_charged_ups=MLAU209400230
se compran juntos,3,2,122.8,0.08,Adhesivo Suprabond Montajes En C + Sellador Acrílico Suprabond Made + Sellador Acrílico Pintable Supra,"CR016000000000MTJ400, CR0160000000GMXM280N, CR01600000GMXACR280B",52438.27,-2636.0,cargo fijo,True,0.0,0.15,Suprabond,0.0,la economía del kit,gold_special,52438.27,"2 compras juntas, 122.8× más de lo esperable, confianza 8%","MLA872758443, MLA830680804, MLA826407146","MLAU1593181050, MLAU208258443, MLAU232332180",https://vendedores.mercadolibre.com.ar/publicar/kit?pre_charged_ups=MLAU1593181050
se compran juntos,3,2,10804.5,0.5,Candado Bulit Bronce Macizo Stan + Candado De Hierro Dorado Bulit N + Candado De Hierro Dorado Bulit N,"CR01600000000CDBBS40, CR0160000000CDBH30DL, CR0160000000CDBH40DL",33109.9,-3891.0,cargo fijo,True,0.0,0.15,Bulit,0.0,la economía del kit,gold_special,33109.9,"2 compras juntas, 10804.5× más de lo esperable, confianza 50%","MLA828385142, MLA822566229, MLA822568139","MLAU209394022, MLAU209370436, MLAU208210887",https://vendedores.mercadolibre.com.ar/publicar/kit?pre_charged_ups=MLAU209394022
se compran juntos,3,2,4802.0,0.22,Candado Bulit Bronce Macizo Stan + Candado De Hierro Dorado Bulit N + Candado De Hierro Dorado Bulit N,"CR01600000000CDBBS40, CR01600000000CDBH50D, CR0160000000CDBH40DL",38930.37,-3891.0,cargo fijo,True,0.0,0.15,Bulit,0.0,la economía del kit,gold_special,38930.37,"2 compras juntas, 4802.0× más de lo esperable, confianza 22%","MLA828385142, MLA822565107, MLA822568139","MLAU209394022, MLAU208241861, MLAU208210887",https://vendedores.mercadolibre.com.ar/publicar/kit?pre_charged_ups=MLAU209394022
se compran juntos,3,2,184.2,0.09,Sellador Acrílico Suprabond Made + Sellador Acrílico Pintable Supra + Sellador Suprabond Reparador De ,"CR0160000000GMXM280N, CR01600000GMXACR280B, CR01600000GMXCTO280G",43454.0,-3891.0,cargo fijo,True,0.0,0.15,Suprabond,0.0,la economía del kit,gold_special,43454.0,"2 compras juntas, 184.2× más de lo esperable, confianza 9%","MLA830680804, MLA826407146, MLA842564403","MLAU208258443, MLAU232332180, MLAU289731511",https://vendedores.mercadolibre.com.ar/publicar/kit?pre_charged_ups=MLAU208258443
se compran juntos,3,2,113.0,0.14,Burlete Autoadhesivo Suprabond P + Burlete Autoadhesivo Suprabond P + Burlete Autoadhesivo Suprabond D,"CR0160000000000SLTEA, CR01600000000SLTD5BI, CR01600000000SLTE5BI",34086.8,-3891.0,cargo fijo,True,0.0,0.15,Suprabond,0.0,la economía del kit,gold_special,34086.8,"2 compras juntas, 113.0× más de lo esperable, confianza 14%","MLA1863881731, MLA1864096019, MLA863200953","MLAU4170871397, MLAU4170873065, MLAU237320801",https://vendedores.mercadolibre.com.ar/publicar/kit?pre_charged_ups=MLAU4170871397
se compran juntos,3,2,87.9,0.11,Zócalo Autoadhesivo Suprabond Si + Burlete Autoadhesivo Suprabond P + Burlete Autoadhesivo Suprabond D,"CR0160000000000ZNOSM, CR01600000000SLTD5BI, CR01600000000SLTE5BI",35099.49,-3891.0,cargo fijo,True,0.0,0.15,Suprabond,0.0,la economía del kit,gold_special,35099.49,"2 compras juntas, 87.9× más de lo esperable, confianza 11%","MLA857856272, MLA1864096019, MLA863200953","MLAU209373308, MLAU4170873065, MLAU237320801",https://vendedores.mercadolibre.com.ar/publicar/kit?pre_charged_ups=MLAU209373308
se compran juntos,2,4,105.8,0.8,Cadena Bulit Máxima Seguridad 3/ + Candado Bulit De Máxima Segurida,"CR01600000000CAD3815, CR0160000000CDBMS72B",154522.0,7641.0,envío,False,0.0619,0.15,Bulit,0.0619,la economía del kit,gold_pro,144951.88,"4 compras juntas, 105.8× más de lo esperable, confianza 80%","MLA1139028496, MLA1139075511","MLAU225987720, MLAU326341832",https://vendedores.mercadolibre.com.ar/publicar/kit?pre_charged_ups=MLAU225987720
se compran juntos,2,5,52.5,0.71,Cadena Bulit Máxima Seguridad 15 + Traba Discos Bulit De 5.5mm Con ,"CR01600000000CAD3815 + CR0160000000CDBMS72B, CR01600000CDBACCTDIS + CR0160000000CDBTD55F",204120.0,7641.0,envío,False,0.0449,0.15,Bulit,0.0449,la economía del kit,gold_pro,194951.17,"5 compras juntas, 52.5× más de lo esperable, confianza 71%","MLA1139075412, MLA1139075423","MLAU1471512988, MLAU1187301320",https://vendedores.mercadolibre.com.ar/publicar/kit?pre_charged_ups=MLAU1471512988
se compran juntos,2,4,26.7,0.36,Traba Discos Bulit De 5.5mm Con  + Cadena Máxima Seguridad Con Cand,"CR01600000CDBACCTDIS + CR0160000000CDBTD55F, CR01600000CDBCAD101C",184848.0,7641.0,envío,False,0.0495,0.15,Bulit,0.0495,la economía del kit,gold_pro,175704.41,"4 compras juntas, 26.7× más de lo esperable, confianza 36%","MLA1139075423, MLA1459713884","MLAU1187301320, MLAU2580297441",https://vendedores.mercadolibre.com.ar/publicar/kit?pre_charged_ups=MLAU1187301320
se compran juntos,2,5,21.6,0.29,Traba U Máxima Seguridad Bulit G + Traba Discos Bulit De 5.5mm Con ,"CR01600000000CDBU180, CR01600000CDBACCTDIS + CR0160000000CDBTD55F",110761.0,7641.0,envío,False,0.0804,0.15,Bulit,0.0804,la economía del kit,gold_special,101852.19,"5 compras juntas, 21.6× más de lo esperable, confianza 29%","MLA812439849, MLA1139075423","MLAU208216957, MLAU1187301320",https://vendedores.mercadolibre.com.ar/publicar/kit?pre_charged_ups=MLAU208216957
se compran juntos,2,2,24.1,0.2,Candado Bulit De Máxima Segurida + Cadena Máxima Seguridad Con Cand,"CR0160000000CDBMS72B, CR01600000CDBCAD101C",182748.0,7641.0,envío,False,0.0524,0.15,Bulit,0.0524,la economía del kit,gold_pro,173165.96,"2 compras juntas, 24.1× más de lo esperable, confianza 20%","MLA1139075511, MLA1459713884","MLAU326341832, MLAU2580297441",https://vendedores.mercadolibre.com.ar/publicar/kit?pre_charged_ups=MLAU326341832
se compran juntos,2,2,14.1,0.18,Traba U Máxima Seguridad Bulit G + Cadena Máxima Seguridad Con Cand,"CR01600000000CDBU180, CR01600000CDBCAD101C",179169.0,7641.0,envío,False,0.0509,0.15,Bulit,0.0509,la economía del kit,gold_special,170050.62,"2 compras juntas, 14.1× más de lo esperable, confianza 18%","MLA812439849, MLA1459713884","MLAU208216957, MLAU2580297441",https://vendedores.mercadolibre.com.ar/publicar/kit?pre_charged_ups=MLAU208216957
se compran juntos,2,2,10.7,0.15,Pistola Suprabond Encoladora Px3 + Barras Suprabond Gruesas Ultratr,"CR016000000000CPX300 + CR01600000CHMG30UN17, CR01600000CHMG30UT17 X 2 UNIDADES",143984.0,7641.0,envío,False,0.0672,0.15,Suprabond,0.0672,la economía del kit,gold_pro,134304.39,"2 compras juntas, 10.7× más de lo esperable, confianza 15%","MLA847929993, MLA815612620","MLAU1486861342, MLAU285385060",https://vendedores.mercadolibre.com.ar/publicar/kit?pre_charged_ups=MLAU1486861342
se compran juntos,2,4,6.6,0.24,Traba U Máxima Seguridad Bulit G + Traba Discos Bulit De 5.5mm Con ,"CR01600000000CDBU180, CR0160000000CDBTD55F",90955.0,7641.0,envío,False,0.0992,0.15,Bulit,0.0992,la economía del kit,gold_special,81930.12,"4 compras juntas, 6.6× más de lo esperable, confianza 24%","MLA812439849, MLA813096045","MLAU208216957, MLAU209857710",https://vendedores.mercadolibre.com.ar/publicar/kit?pre_charged_ups=MLAU208216957
se compran juntos,2,2,9.3,0.15,Pistola Encoladora Silicona Supr + Barras Suprabond Gruesas Ultratr,"CR016000000000CPX300 + CR01600000CHMG10UT10, CR01600000CHMG30UT17 X 2 UNIDADES",109267.0,7641.0,envío,False,0.0868,0.15,Suprabond,0.0868,la economía del kit,gold_special,99786.94,"2 compras juntas, 9.3× más de lo esperable, confianza 15%","MLA1139583742, MLA815612620","MLAU218296050, MLAU285385060",https://vendedores.mercadolibre.com.ar/publicar/kit?pre_charged_ups=MLAU218296050
se compran juntos,2,9,45.8,0.69,Mosquitero Puertas Suprabond Aut + Mosquitero Ventana Suprabond Aut,"CR01600000AFXMP1X22N, CR0160000AFXMV13X16N",120555.0,3005.0,cargo fijo,True,0.0291,0.15,Suprabond,0.0291,la economía del kit,gold_special,117050.88,"9 compras juntas, 45.8× más de lo esperable, confianza 69%","MLA2747754384, MLA2058875680","MLAU3139009592, MLAU3138997632",https://vendedores.mercadolibre.com.ar/publicar/kit?pre_charged_ups=MLAU3139009592
se compran juntos,2,3,30.5,0.3,Barras Suprabond Finas Máxima Ad + Barras Suprabond Gruesas Ultratr,"CR01600000CHMF30UN41, CR01600000CHMG30UT17 X 2 UNIDADES",98938.0,3005.0,cargo fijo,True,0.0387,0.15,Suprabond,0.0387,la economía del kit,gold_pro,95113.87,"3 compras juntas, 30.5× más de lo esperable, confianza 30%","MLA1139034797, MLA815612620","MLAU290027160, MLAU285385060",https://vendedores.mercadolibre.com.ar/publicar/kit?pre_charged_ups=MLAU290027160
se compran juntos,2,6,13.5,0.32,Pistola Suprabond Encoladora Px3 + Barras Suprabond Gruesas Univers,"CR016000000000CPX300 + CR01600000CHMG30UN17, CR01600000CHMG30UN17",103300.0,3005.0,cargo fijo,True,0.0377,0.15,Suprabond,0.0377,la economía del kit,gold_pro,99402.86,"6 compras juntas, 13.5× más de lo esperable, confianza 32%","MLA847929993, MLA848001898","MLAU1486861342, MLAU209363244",https://vendedores.mercadolibre.com.ar/publicar/kit?pre_charged_ups=MLAU1486861342
se compran juntos,2,4,15.0,0.5,Pistola Encoladora Suprabond Sil + Barras Suprabond Finas Para Pist,"CR0160000000CPHX200R, CR01600000CHMF30UN41 X 2 UNIDADES",97498.0,3005.0,cargo fijo,True,0.0381,0.15,Suprabond,0.0381,la economía del kit,gold_pro,93787.07,"4 compras juntas, 15.0× más de lo esperable, confianza 50%","MLA1918162600, MLA1139062828","MLAU1536951475, MLAU282441080",https://vendedores.mercadolibre.com.ar/publicar/kit?pre_charged_ups=MLAU1536951475
se compran juntos,2,5,9.7,0.23,Pistola Encoladora Silicona Supr + Barras Suprabond Gruesas Univers,"CR016000000000CPX300 + CR01600000CHMG10UT10, CR01600000CHMG30UN17",68583.0,3005.0,cargo fijo,True,0.0556,0.15,Suprabond,0.0556,la economía del kit,gold_special,64768.07,"5 compras juntas, 9.7× más de lo esperable, confianza 23%","MLA1139583742, MLA848001898","MLAU218296050, MLAU209363244",https://vendedores.mercadolibre.com.ar/publicar/kit?pre_charged_ups=MLAU218296050
se compran juntos,2,5,9.2,0.26,Pistola Suprabond Encoladora Px3 + Pistola Encoladora Silicona Supr,"CR016000000000CPX300 + CR01600000CHMG30UN17, CR01600000CHMF10UT25 + CR01600000000CPHX100",106973.0,3005.0,cargo fijo,True,0.0342,0.15,Suprabond,0.0342,la economía del kit,gold_pro,103314.92,"5 compras juntas, 9.2× más de lo esperable, confianza 26%","MLA847929993, MLA3366502794","MLAU1486861342, MLAU209268740",https://vendedores.mercadolibre.com.ar/publicar/kit?pre_charged_ups=MLAU1486861342
se compran juntos,2,2,12.0,0.15,Mosquitero Ventana Suprabond Aut + Mosquitero Puertas Suprabond Aut,"CR016000000AFXMV2X2N, CR01600000AFXMP1X22N",126356.0,3005.0,cargo fijo,True,0.027,0.15,Suprabond,0.027,la economía del kit,gold_special,122938.83,"2 compras juntas, 12.0× más de lo esperable, confianza 15%","MLA2058567622, MLA2747754384","MLAU3133539519, MLAU3139009592",https://vendedores.mercadolibre.com.ar/publicar/kit?pre_charged_ups=MLAU3133539519
se compran juntos,2,2,8.7,0.25,Pistola Encoladora Silicona Supr + Barras Suprabond Finas Para Pist,"CR01600000CHMF10UT25 + CR01600000000CPHX100, CR01600000CHMF30UN41 X 2 UNIDADES",102611.0,3005.0,cargo fijo,True,0.0346,0.15,Suprabond,0.0346,la economía del kit,gold_pro,99062.67,"2 compras juntas, 8.7× más de lo esperable, confianza 25%","MLA3366502794, MLA1139062828","MLAU209268740, MLAU282441080",https://vendedores.mercadolibre.com.ar/publicar/kit?pre_charged_ups=MLAU209268740
se compran juntos,2,2,6.6,0.15,Barras Suprabond Gruesas Univers + Barras Suprabond Gruesas Ultratr,"CR01600000CHMG30UN17, CR01600000CHMG30UT17 X 2 UNIDADES",98938.0,3005.0,cargo fijo,True,0.0395,0.15,Suprabond,0.0395,la economía del kit,gold_pro,95033.93,"2 compras juntas, 6.6× más de lo esperable, confianza 15%","MLA848001898, MLA815612620","MLAU209363244, MLAU285385060",https://vendedores.mercadolibre.com.ar/publicar/kit?pre_charged_ups=MLAU209363244
se compran juntos,2,3,4.7,0.14,Pistola Encoladora Silicona Supr + Pistola Encoladora Silicona Supr,"CR016000000000CPX300 + CR01600000CHMG10UT10, CR01600000CHMF10UT25 + CR01600000000CPHX100",72256.0,3005.0,cargo fijo,True,0.0496,0.15,Suprabond,0.0496,la economía del kit,gold_special,68670.45,"3 compras juntas, 4.7× más de lo esperable, confianza 14%","MLA1139583742, MLA3366502794","MLAU218296050, MLAU209268740",https://vendedores.mercadolibre.com.ar/publicar/kit?pre_charged_ups=MLAU218296050
se compran juntos,2,2,4.6,0.15,Pistola Encoladora Suprabond Sil + Barras Suprabond Gruesas Ultratr,"CR0160000000CPHX200R, CR01600000CHMG30UT17 X 2 UNIDADES",97498.0,3005.0,cargo fijo,True,0.0394,0.15,Suprabond,0.0394,la economía del kit,gold_pro,93660.16,"2 compras juntas, 4.6× más de lo esperable, confianza 15%","MLA1918162600, MLA815612620","MLAU1536951475, MLAU285385060",https://vendedores.mercadolibre.com.ar/publicar/kit?pre_charged_ups=MLAU1536951475
se compran juntos,2,6,41.3,0.5,Sellador Suprabond Baños Cocinas + Pistola Suprabond Portacartuchos,"CR0160000000GFXB280B, CR0160000000PSTPL700",57170.85,2505.0,cargo fijo,True,0.0529,0.15,Suprabond,0.0529,la economía del kit,gold_special,54146.5,"6 compras juntas, 41.3× más de lo esperable, confianza 50%","MLA850476191, MLA795299180","MLAU208246297, MLAU281046513",https://vendedores.mercadolibre.com.ar/publicar/kit?pre_charged_ups=MLAU208246297
se compran juntos,2,3,30.1,0.27,Sellador Suprabond Zinguería 300 + Sellador De Silicona Suprabond U,"CR01600000000SMZ300A, CR0160000000GFXU280N",59082.0,2505.0,cargo fijo,True,0.0515,0.15,Suprabond,0.0515,la economía del kit,gold_pro,56038.78,"3 compras juntas, 30.1× más de lo esperable, confianza 27%","MLA1139197644, MLA1401669067","MLAU252272723, MLAU209435106",https://vendedores.mercadolibre.com.ar/publicar/kit?pre_charged_ups=MLAU252272723
se compran juntos,2,2,27.6,0.33,Acrílico Premium Suprabond Junta + Pistola Suprabond Portacartuchos,"CR0160000000GMXJ280T, CR0160000000PSTPL700",55429.85,2505.0,cargo fijo,True,0.0534,0.15,Suprabond,0.0534,la economía del kit,gold_special,52468.34,"2 compras juntas, 27.6× más de lo esperable, confianza 33%","MLA826414534, MLA795299180","MLAU208234667, MLAU281046513",https://vendedores.mercadolibre.com.ar/publicar/kit?pre_charged_ups=MLAU208234667
se compran juntos,2,2,17.2,0.18,Sellador Suprabond Zinguería 300 + Sellador Silicona Suprabond Neut,"CR01600000000SMZ300A, CR0160000000GFXC280T",63910.51,2505.0,cargo fijo,True,0.0436,0.15,Suprabond,0.0436,la economía del kit,gold_pro,61121.38,"2 compras juntas, 17.2× más de lo esperable, confianza 18%","MLA1139197644, MLA1387670353","MLAU252272723, MLAU208160457",https://vendedores.mercadolibre.com.ar/publicar/kit?pre_charged_ups=MLAU252272723
se compran juntos,2,2,13.4,0.22,Adhesivo Epoxi Suprabond Erpox A + Pistola Encoladora Silicona Supr,"CR016000000000000EXA, CR016000000000CPX300 + CR01600000CHMG10UT10",63392.44,2505.0,cargo fijo,True,0.0472,0.15,Suprabond,0.0472,la economía del kit,gold_special,60401.57,"2 compras juntas, 13.4× más de lo esperable, confianza 22%","MLA844329908, MLA1139583742","MLAU209398146, MLAU218296050",https://vendedores.mercadolibre.com.ar/publicar/kit?pre_charged_ups=MLAU209398146
se compran juntos,2,2,13.2,0.2,Candado Bulit Doble Traba Resist + Candado Bulit De Máxima Segurida,"CR01600000000CDBWR40, CR0160000000CDBMS72B",75775.62,2505.0,cargo fijo,True,0.0396,0.15,Bulit,0.0396,la economía del kit,gold_special,72776.54,"2 compras juntas, 13.2× más de lo esperable, confianza 20%","MLA932731808, MLA1139075511","MLAU313079966, MLAU326341832",https://vendedores.mercadolibre.com.ar/publicar/kit?pre_charged_ups=MLAU313079966
se compran juntos,2,2,7.8,0.12,Traba U Máxima Seguridad Bulit G + Candado Bulit Doble Traba Resist,"CR01600000000CDBU180, CR01600000000CDBWR40",72196.62,2505.0,cargo fijo,True,0.0396,0.15,Bulit,0.0396,la economía del kit,gold_special,69336.39,"2 compras juntas, 7.8× más de lo esperable, confianza 12%","MLA812439849, MLA932731808","MLAU208216957, MLAU313079966",https://vendedores.mercadolibre.com.ar/publicar/kit?pre_charged_ups=MLAU208216957
se compran juntos,2,2,5.2,0.18,Sellador Suprabond Zinguería 300 + Adhesivo Cianoacrilato Suprabond,"CR01600000000SMZ300A, CR016000000CIAA10020",62310.61,2505.0,cargo fijo,True,0.0453,0.15,Suprabond,0.0453,la economía del kit,gold_special,59490.15,"2 compras juntas, 5.2× más de lo esperable, confianza 18%","MLA1139197644, MLA868545704","MLAU252272723, MLAU241446762",https://vendedores.mercadolibre.com.ar/publicar/kit?pre_charged_ups=MLAU252272723
se compran juntos,2,2,5.0,0.12,Adhesivo Suprabond Montajes En C + Pistola Suprabond Portacartuchos,"CR016000000000MTJ400, CR0160000000PSTPL700",62932.12,2505.0,cargo fijo,True,0.0445,0.15,Suprabond,0.0445,la economía del kit,gold_special,60130.75,"2 compras juntas, 5.0× más de lo esperable, confianza 12%","MLA872758443, MLA795299180","MLAU1593181050, MLAU281046513",https://vendedores.mercadolibre.com.ar/publicar/kit?pre_charged_ups=MLAU1593181050
se compran juntos,2,2,4.3,0.15,Traba Discos Bulit De 5.5mm Con  + Inflador De Mano Bulit Serie 200,"CR0160000000CDBTD55F, CR016000000INFS2230P",57901.33,2505.0,cargo fijo,True,0.0509,0.15,Bulit,0.0509,la economía del kit,gold_special,54954.02,"2 compras juntas, 4.3× más de lo esperable, confianza 15%","MLA813096045, MLA862599277","MLAU209857710, MLAU265320934",https://vendedores.mercadolibre.com.ar/publicar/kit?pre_charged_ups=MLAU209857710
se compran juntos,2,2,3.0,0.11,Pistola Suprabond Encoladora Px3 + Adhesivo Cianoacrilato Suprabond,"CR016000000000CPX300 + CR01600000CHMG30UN17, CR016000000CIAA10020",93553.61,2505.0,cargo fijo,True,0.0323,0.15,Suprabond,0.0323,la economía del kit,gold_special,90535.89,"2 compras juntas, 3.0× más de lo esperable, confianza 11%","MLA847929993, MLA868545704","MLAU1486861342, MLAU241446762",https://vendedores.mercadolibre.com.ar/publicar/kit?pre_charged_ups=MLAU1486861342
se compran juntos,2,2,2.8,0.1,Candado Bulit Doble Traba Resist + Traba Discos Bulit De 5.5mm Con ,"CR01600000000CDBWR40, CR0160000000CDBTD55F",58069.62,2505.0,cargo fijo,True,0.05,0.15,Bulit,0.05,la economía del kit,gold_special,55165.15,"2 compras juntas, 2.8× más de lo esperable, confianza 10%","MLA932731808, MLA813096045","MLAU313079966, MLAU209857710",https://vendedores.mercadolibre.com.ar/publicar/kit?pre_charged_ups=MLAU313079966
se compran juntos,2,2,2.6,0.09,Pistola Encoladora Silicona Supr + Adhesivo Cianoacrilato Suprabond,"CR016000000000CPX300 + CR01600000CHMG10UT10, CR016000000CIAA10020",58836.61,2505.0,cargo fijo,True,0.0503,0.15,Suprabond,0.0503,la economía del kit,gold_special,55878.11,"2 compras juntas, 2.6× más de lo esperable, confianza 9%","MLA1139583742, MLA868545704","MLAU218296050, MLAU241446762",https://vendedores.mercadolibre.com.ar/publicar/kit?pre_charged_ups=MLAU218296050
se compran juntos,2,2,6.4,0.22,Adhesivo Epoxi Suprabond Erpox A + Sellador Silicona Universal Supr,"CR016000000000EXA105, CR0160000000GFXU280B",32577.0,2005.0,cargo fijo,False,0.075,0.15,Suprabond,0.075,la economía del kit,gold_special,30134.2,"2 compras juntas, 6.4× más de lo esperable, confianza 22%","MLA859727205, MLA903304655","MLAU209419070, MLAU209389652",https://vendedores.mercadolibre.com.ar/publicar/kit?pre_charged_ups=MLAU209419070
se compran juntos,2,2,2.1,0.07,Adhesivo Epoxi Suprabond Erpox A + Adhesivo Suprabond Para Suela De,"CR016000000000EXA105, CR016000000SBDTR100E",32995.0,2005.0,cargo fijo,False,0.077,0.15,Suprabond,0.077,la economía del kit,gold_special,30454.94,"2 compras juntas, 2.1× más de lo esperable, confianza 7%","MLA859727205, MLA1146251151","MLAU209419070, MLAU1594526267",https://vendedores.mercadolibre.com.ar/publicar/kit?pre_charged_ups=MLAU209419070
se compran juntos,2,2,661.5,1.0,Destornillador Bulit Profesional + Destornillador Bulit Profesional,"CR0160000DES8TX8X753, CR0160000DES8TX9X754",12951.0,1250.0,cargo fijo,False,0.1126,0.15,Bulit,0.1126,la economía del kit,gold_special,11492.11,"2 compras juntas, 661.5× más de lo esperable, confianza 100%","MLA907859581, MLA907859717","MLAU305045945, MLAU304943999",https://vendedores.mercadolibre.com.ar/publicar/kit?pre_charged_ups=MLAU305045945
se compran juntos,2,2,330.8,1.0,Espátula Bulit Flexible -  Acero + Espátula Bulit Flexible - Acero ,"CR016000000000ESPFX6, CR01600000000ESPFX15",13936.0,1250.0,cargo fijo,False,0.1208,0.15,Bulit,0.1208,la economía del kit,gold_pro,12252.57,"2 compras juntas, 330.8× más de lo esperable, confianza 100%","MLA916333195, MLA3183335262","MLAU290793862, MLAU304717199",https://vendedores.mercadolibre.com.ar/publicar/kit?pre_charged_ups=MLAU290793862
se compran juntos,2,2,330.8,1.0,Espátula Bulit Flexible -  Acero + Espátula Bulit Flexible -  Acero,"CR016000000000ESPFX2, CR016000000000ESPFX6",14571.0,1250.0,cargo fijo,False,0.1137,0.15,Bulit,0.1137,la economía del kit,gold_pro,12914.13,"2 compras juntas, 330.8× más de lo esperable, confianza 100%","MLA907273414, MLA916333195","MLAU304990339, MLAU290793862",https://vendedores.mercadolibre.com.ar/publicar/kit?pre_charged_ups=MLAU304990339
se compran juntos,2,2,264.6,1.0,Destornillador Bulit Profesional + Destornillador Bulit Profesional,"CR0160000DES8PHA0X75, CR0160000DES8RA4X100",13842.0,1250.0,cargo fijo,False,0.1054,0.15,Bulit,0.1054,la economía del kit,gold_special,12382.51,"2 compras juntas, 264.6× más de lo esperable, confianza 100%","MLA855101984, MLA855103592","MLAU292425055, MLAU297368172",https://vendedores.mercadolibre.com.ar/publicar/kit?pre_charged_ups=MLAU292425055
se compran juntos,2,2,220.5,1.0,Destornillador Bulit Profesional + Destornillador Bulit Profesional,"CR01600000DES8PH1X75, CR01600000DES8PL5X75",12597.0,1250.0,cargo fijo,False,0.1156,0.15,Bulit,0.1156,la economía del kit,gold_special,11141.23,"2 compras juntas, 220.5× más de lo esperable, confianza 100%","MLA868550274, MLA868558767","MLAU295508217, MLAU295504439",https://vendedores.mercadolibre.com.ar/publicar/kit?pre_charged_ups=MLAU295508217
se compran juntos,2,38,24.3,0.86,Traba Discos Bulit De 5.5mm Con  + Recordatorio Traba Disco Bulit A,"CR0160000000CDBTD55F, CR01600000CDBACCTDIS",49092.55,1250.0,cargo fijo,True,0.0281,0.15,Bulit,0.0281,la economía del kit,gold_special,47715.33,"38 compras juntas, 24.3× más de lo esperable, confianza 86%","MLA813096045, MLA818173515","MLAU209857710, MLAU284612357",https://vendedores.mercadolibre.com.ar/publicar/kit?pre_charged_ups=MLAU209857710
se compran juntos,2,2,40.7,0.4,Adhesivo Suprabond Silicona Líqu + Cinta Suprabond Autoadhesiva Dob,"CR0160000000000ESL30, CR016000000000AFXWR2",14466.08,1250.0,cargo fijo,False,0.0974,0.15,Suprabond,0.0974,la economía del kit,gold_special,13056.64,"2 compras juntas, 40.7× más de lo esperable, confianza 40%","MLA1523012518, MLA860849627","MLAU305158541, MLAU293505437",https://vendedores.mercadolibre.com.ar/publicar/kit?pre_charged_ups=MLAU305158541
se compran juntos,2,3,22.6,0.75,Traba Discos Bulit De 10mm Con F + Recordatorio Traba Disco Bulit A,"CR0160000000CDBTD10F, CR01600000CDBACCTDIS",52339.55,1250.0,cargo fijo,True,0.0259,0.15,Bulit,0.0259,la economía del kit,gold_special,50982.28,"3 compras juntas, 22.6× más de lo esperable, confianza 75%","MLA813095575, MLA818173515","MLAU285048438, MLAU284612357",https://vendedores.mercadolibre.com.ar/publicar/kit?pre_charged_ups=MLAU285048438
se compran juntos,2,2,24.1,0.4,Pistola Encoladora Silicona Supr + Adhesivo Instantáneo Suprabond F,"CR016000000000CPX300 + CR01600000CHMG10UT10, CR0160000000ARNFL3GB",43212.0,1250.0,cargo fijo,True,0.0345,0.15,Suprabond,0.0345,la economía del kit,gold_special,41721.76,"2 compras juntas, 24.1× más de lo esperable, confianza 40%","MLA1139583742, MLA872840590","MLAU218296050, MLAU278809767",https://vendedores.mercadolibre.com.ar/publicar/kit?pre_charged_ups=MLAU218296050
se compran juntos,2,2,21.9,0.18,Topetina Suprabond De Goma Redon + Topetina Suprabond De Fieltro Ma,"CR0160000000000TPCSM, CR01600000000TPCF30M",13758.29,1250.0,cargo fijo,False,0.1133,0.15,Suprabond,0.1133,la economía del kit,gold_special,12199.41,"2 compras juntas, 21.9× más de lo esperable, confianza 18%","MLA1388621249, MLA886762533","MLAU278708869, MLAU264775982",https://vendedores.mercadolibre.com.ar/publicar/kit?pre_charged_ups=MLAU278708869
se compran juntos,2,2,11.5,0.4,Cutter Economy Bulit Grande + Adhesivo Epoxi Suprabond Erpox A,"CR016000000000CCTRGH, CR016000000000EXA105",19698.0,1250.0,cargo fijo,False,0.0789,0.15,"Bulit, Suprabond",0.0789,la economía del kit,gold_special,18143.58,"2 compras juntas, 11.5× más de lo esperable, confianza 40%","MLA826204529, MLA859727205","MLAU287460860, MLAU209419070",https://vendedores.mercadolibre.com.ar/publicar/kit?pre_charged_ups=MLAU287460860
se compran juntos,2,8,4.5,0.22,Burlete Suprabond Goma Espuma Do + Burlete Suprabond Goma Espuma No,"CR01600000000000SLTD, CR01600000000000SLTN",12458.0,1250.0,cargo fijo,False,0.1275,0.15,Suprabond,0.1275,la economía del kit,gold_pro,10869.75,"8 compras juntas, 4.5× más de lo esperable, confianza 22%","MLA842568397, MLA931075172","MLAU208228953, MLAU209441954",https://vendedores.mercadolibre.com.ar/publicar/kit?pre_charged_ups=MLAU208228953
se compran juntos,2,2,8.9,0.18,Nuevo Adhesivo Suprabond Erpox B + Sellador Suprabond Zinguería 300,"CR0160000000000EXB80, CR01600000000SMZ300A",58319.0,1250.0,cargo fijo,True,0.0243,0.15,Suprabond,0.0243,la economía del kit,gold_special,56904.03,"2 compras juntas, 8.9× más de lo esperable, confianza 18%","MLA859732690, MLA1139197644","MLAU209400230, MLAU252272723",https://vendedores.mercadolibre.com.ar/publicar/kit?pre_charged_ups=MLAU209400230
se compran juntos,2,2,7.5,0.25,Pistola Encoladora Suprabond Sil + Adhesivo Instantáneo Suprabond F,"CR0160000000CPHX200R, CR016000000ARNFL1X3B",30931.0,1250.0,cargo fijo,False,0.0496,0.15,Suprabond,0.0496,la economía del kit,gold_special,29396.06,"2 compras juntas, 7.5× más de lo esperable, confianza 25%","MLA1918162600, MLA1628237220","MLAU1536951475, MLAU298018136",https://vendedores.mercadolibre.com.ar/publicar/kit?pre_charged_ups=MLAU1536951475
se compran juntos,2,2,7.2,0.12,Pistola Suprabond Portacartuchos + Sellador Silicona Suprabond Neut,"CR0160000000PSTPL700, CR01600000GFXNS5280T",50748.85,1250.0,cargo fijo,True,0.0294,0.15,Suprabond,0.0294,la economía del kit,gold_special,49258.68,"2 compras juntas, 7.2× más de lo esperable, confianza 12%","MLA795299180, MLA2074597444","MLAU281046513, MLAU3161712213",https://vendedores.mercadolibre.com.ar/publicar/kit?pre_charged_ups=MLAU281046513
se compran juntos,2,2,5.8,0.29,Burlete Suprabond Goma Espuma Do + Espuma De Poliuretano Suprabond ,"CR01600000000000SLTD, CR016000000EPPPU300E",23451.0,1250.0,cargo fijo,False,0.0658,0.15,Suprabond,0.0658,la economía del kit,gold_special,21908.55,"2 compras juntas, 5.8× más de lo esperable, confianza 29%","MLA842568397, MLA843310708","MLAU208228953, MLAU263527763",https://vendedores.mercadolibre.com.ar/publicar/kit?pre_charged_ups=MLAU208228953
se compran juntos,2,4,3.7,0.11,Topetina Suprabond De Goma Recta + Topetina Suprabond De Fieltro Ma,"CR0160000000000TPRBC, CR01600000000TPRF30M",13573.31,1250.0,cargo fijo,False,0.1124,0.15,Suprabond,0.1124,la economía del kit,gold_special,12048.12,"4 compras juntas, 3.7× más de lo esperable, confianza 11%","MLA2044414164, MLA864705575","MLAU236119832, MLAU209411116",https://vendedores.mercadolibre.com.ar/publicar/kit?pre_charged_ups=MLAU236119832
se compran juntos,2,4,2.9,0.1,Topetina Suprabond De Goma Recta + Topetina Suprabond De Fieltro Ma,"CR0160000000000TPRBC, CR01600000000TPCF20M",12989.43,1250.0,cargo fijo,False,0.115,0.15,Suprabond,0.115,la economía del kit,gold_special,11496.13,"4 compras juntas, 2.9× más de lo esperable, confianza 10%","MLA2044414164, MLA859036213","MLAU236119832, MLAU208237143",https://vendedores.mercadolibre.com.ar/publicar/kit?pre_charged_ups=MLAU236119832
se compran juntos,2,2,3.7,0.18,Burlete Suprabond Goma Espuma Do + Barras Suprabond Finas Ultratran,"CR01600000000000SLTD, CR01600000CHMF10UT25",13643.0,1250.0,cargo fijo,False,0.1185,0.15,Suprabond,0.1185,la economía del kit,gold_pro,12026.28,"2 compras juntas, 3.7× más de lo esperable, confianza 18%","MLA842568397, MLA901347064","MLAU208228953, MLAU224535540",https://vendedores.mercadolibre.com.ar/publicar/kit?pre_charged_ups=MLAU208228953
se compran juntos,2,2,3.5,0.12,Traba U Máxima Seguridad Bulit G + Recordatorio Traba Disco Bulit A,"CR01600000000CDBU180, CR01600000CDBACCTDIS",63219.55,1250.0,cargo fijo,True,0.0215,0.15,Bulit,0.0215,la economía del kit,gold_special,61862.28,"2 compras juntas, 3.5× más de lo esperable, confianza 12%","MLA812439849, MLA818173515","MLAU208216957, MLAU284612357",https://vendedores.mercadolibre.com.ar/publicar/kit?pre_charged_ups=MLAU208216957
se compran juntos,2,5,2.1,0.12,Topetina Suprabond De Goma Recta + Burlete Autoadhesivo Suprabond D,"CR0160000000000TPRBC, CR01600000000SLTE5BI",14292.0,1250.0,cargo fijo,False,0.1131,0.15,Suprabond,0.1131,la economía del kit,gold_pro,12675.96,"5 compras juntas, 2.1× más de lo esperable, confianza 12%","MLA2044414164, MLA863200953","MLAU236119832, MLAU237320801",https://vendedores.mercadolibre.com.ar/publicar/kit?pre_charged_ups=MLAU236119832
se compran juntos,2,2,3.3,0.09,Burlete Suprabond Goma Espuma No + Pistola Encoladora Silicona Supr,"CR01600000000000SLTN, CR016000000000CPX300 + CR01600000CHMG10UT10",44960.0,1250.0,cargo fijo,True,0.0348,0.15,Suprabond,0.0348,la economía del kit,gold_special,43396.85,"2 compras juntas, 3.3× más de lo esperable, confianza 9%","MLA931075172, MLA1139583742","MLAU209441954, MLAU218296050",https://vendedores.mercadolibre.com.ar/publicar/kit?pre_charged_ups=MLAU209441954
se compran juntos,2,2,3.0,0.18,Topetina Suprabond De Goma Redon + Burlete Autoadhesivo Suprabond D,"CR0160000000000TPCSM, CR01600000000SLTE5BI",14469.0,1250.0,cargo fijo,False,0.1142,0.15,Suprabond,0.1142,la economía del kit,gold_pro,12816.06,"2 compras juntas, 3.0× más de lo esperable, confianza 18%","MLA1388621249, MLA863200953","MLAU278708869, MLAU237320801",https://vendedores.mercadolibre.com.ar/publicar/kit?pre_charged_ups=MLAU278708869
se compran juntos,2,2,2.9,0.14,Burlete Suprabond Goma Espuma Do + Adhesivo Para Zapatillas Deporti,"CR01600000000000SLTD, CR016000000000ZAP10B",14751.39,1250.0,cargo fijo,False,0.095,0.15,Suprabond,0.095,la economía del kit,gold_special,13350.32,"2 compras juntas, 2.9× más de lo esperable, confianza 14%","MLA842568397, MLA1510949196","MLAU208228953, MLAU245130940",https://vendedores.mercadolibre.com.ar/publicar/kit?pre_charged_ups=MLAU208228953
se compran juntos,2,2,29.1,0.29,Llave Criquet Articulada Bulit S + Llave Criquet Articulada Bulit S,"CR0160000000LLV8VAC8, CR016000000LLV8VAC13",31247.0,750.0,cargo fijo,False,0.0279,0.15,Bulit,0.0279,la economía del kit,gold_special,30375.75,"2 compras juntas, 29.1× más de lo esperable, confianza 29%","MLA866189564, MLA866189205","MLAU296040806, MLAU296172586",https://vendedores.mercadolibre.com.ar/publicar/kit?pre_charged_ups=MLAU296040806
se compran juntos,2,2,27.0,0.29,Adhesivo Para Zapatillas Deporti + Espuma De Poliuretano Suprabond ,"CR016000000000ZAP10B, CR016000000EPPPU300E",24294.39,750.0,cargo fijo,False,0.0342,0.15,Suprabond,0.0342,la economía del kit,gold_special,23464.61,"2 compras juntas, 27.0× más de lo esperable, confianza 29%","MLA1510949196, MLA843310708","MLAU245130940, MLAU263527763",https://vendedores.mercadolibre.com.ar/publicar/kit?pre_charged_ups=MLAU245130940
se compran juntos,2,10,10.7,0.37,Nuevo Adhesivo Suprabond Erpox B + Adhesivo Epoxi Suprabond Erpox A,"CR0160000000000EXB80, CR016000000000EXA105",31814.0,750.0,cargo fijo,False,0.028,0.15,Suprabond,0.028,la economía del kit,gold_special,30922.04,"10 compras juntas, 10.7× más de lo esperable, confianza 37%","MLA859732690, MLA859727205","MLAU209400230, MLAU209419070",https://vendedores.mercadolibre.com.ar/publicar/kit?pre_charged_ups=MLAU209400230
se compran juntos,2,4,11.5,0.4,Adhesivo Epoxi Suprabond Erpox A + Adhesivo Epoxi Suprabond Transpa,"CR016000000000EXA105, CR016000000SPXSA16TE",24811.0,750.0,cargo fijo,False,0.0384,0.15,Suprabond,0.0384,la economía del kit,gold_special,23857.4,"4 compras juntas, 11.5× más de lo esperable, confianza 40%","MLA859727205, MLA1139075420","MLAU209419070, MLAU217079705",https://vendedores.mercadolibre.com.ar/publicar/kit?pre_charged_ups=MLAU209419070
se compran juntos,2,2,14.7,0.2,Zócalo Autoadhesivo Suprabond Si + 2 Burletes Autoadhesivos De Goma,"CR0160000000000ZNOSM, CR01600000000SLTE5MI X 2 UNIDADES",32937.0,750.0,cargo fijo,False,0.0259,0.15,Suprabond,0.0259,la economía del kit,gold_special,32083.78,"2 compras juntas, 14.7× más de lo esperable, confianza 20%","MLA857856272, MLA847472567","MLAU209373308, MLAU209412074",https://vendedores.mercadolibre.com.ar/publicar/kit?pre_charged_ups=MLAU209373308
se compran juntos,2,5,8.6,0.23,Sellador Suprabond Baños Cocinas + Sellador Suprabond Reparador De ,"CR0160000000GFXB280T, CR01600000GMXCTO280G",32301.0,750.0,cargo fijo,False,0.0282,0.15,Suprabond,0.0282,la economía del kit,gold_special,31389.8,"5 compras juntas, 8.6× más de lo esperable, confianza 23%","MLA827116200, MLA842564403","MLAU209400002, MLAU289731511",https://vendedores.mercadolibre.com.ar/publicar/kit?pre_charged_ups=MLAU209400002
se compran juntos,2,7,7.2,0.25,Adhesivo Epoxi Suprabond Erpox A + Masilla Suprabond Erpox Acero 10,"CR016000000000EXA105, CR0160000MPXEXA10100",24709.0,750.0,cargo fijo,False,0.0388,0.15,Suprabond,0.0388,la economía del kit,gold_special,23750.0,"7 compras juntas, 7.2× más de lo esperable, confianza 25%","MLA859727205, MLA860460310","MLAU209419070, MLAU208243095",https://vendedores.mercadolibre.com.ar/publicar/kit?pre_charged_ups=MLAU209419070
se compran juntos,2,2,12.3,0.22,Sellador Silicona Universal Supr + Sellador Acrílico Pintable Supra,"CR0160000000GFXU280B, CR01600000GMXACR280B",29334.0,750.0,cargo fijo,False,0.0304,0.15,Suprabond,0.0304,la economía del kit,gold_special,28443.33,"2 compras juntas, 12.3× más de lo esperable, confianza 22%","MLA903304655, MLA826407146","MLAU209389652, MLAU232332180",https://vendedores.mercadolibre.com.ar/publicar/kit?pre_charged_ups=MLAU209389652
se compran juntos,2,2,8.6,0.18,Adhesivo Suprabond Para Suela De + Adhesivo Suprabond Transparente ,"CR016000000SBDTR100E, CR0160000SBDTRPR100E",31503.0,750.0,cargo fijo,False,0.0311,0.15,Suprabond,0.0311,la economía del kit,gold_pro,30524.8,"2 compras juntas, 8.6× más de lo esperable, confianza 18%","MLA1146251151, MLA2897755056","MLAU1594526267, MLAU3801417385",https://vendedores.mercadolibre.com.ar/publicar/kit?pre_charged_ups=MLAU1594526267
se compran juntos,2,2,7.4,0.13,Burlete Autoadhesivo De Goma Esp + Burlete Autoadhesivo Suprabond P,"CR01600000000000SLTD X 3 UNIDADES, CR0160000000000SLTVI",31655.84,750.0,cargo fijo,False,0.0281,0.15,Suprabond,0.0281,la economía del kit,gold_special,30767.62,"2 compras juntas, 7.4× más de lo esperable, confianza 13%","MLA795278593, MLA1864096025","MLAU209376060, MLAU4170871399",https://vendedores.mercadolibre.com.ar/publicar/kit?pre_charged_ups=MLAU209376060
se compran juntos,2,2,7.3,0.15,Cinta Suprabond Autoadhesiva Dob + Adhesivo Suprabond Para Suela De,"CR016000000000AFXWR2, CR016000000SBDTR100E",27612.08,750.0,cargo fijo,False,0.0324,0.15,Suprabond,0.0324,la economía del kit,gold_special,26716.64,"2 compras juntas, 7.3× más de lo esperable, confianza 15%","MLA860849627, MLA1146251151","MLAU293505437, MLAU1594526267",https://vendedores.mercadolibre.com.ar/publicar/kit?pre_charged_ups=MLAU293505437
se compran juntos,2,2,7.2,0.2,Burlete Autoadhesivos De Goma Pe + 2 Burletes Autoadhesivos De Goma,"CR01600000000SLTD5MI, CR01600000000SLTE5MI X 2 UNIDADES",32620.0,750.0,cargo fijo,False,0.0274,0.15,Suprabond,0.0274,la economía del kit,gold_special,31727.32,"2 compras juntas, 7.2× más de lo esperable, confianza 20%","MLA861014506, MLA847472567","MLAU293776265, MLAU209412074",https://vendedores.mercadolibre.com.ar/publicar/kit?pre_charged_ups=MLAU293776265
se compran juntos,2,3,5.5,0.15,Burlete Suprabond Goma Espuma No + Zócalo Doble Burlete Suprabond B,"CR01600000000000SLTN, CR0160000000000ZNODN",28322.0,750.0,cargo fijo,False,0.0322,0.15,Suprabond,0.0322,la economía del kit,gold_special,27411.21,"3 compras juntas, 5.5× más de lo esperable, confianza 15%","MLA931075172, MLA3532432406","MLAU209441954, MLAU4188796408",https://vendedores.mercadolibre.com.ar/publicar/kit?pre_charged_ups=MLAU209441954
se compran juntos,2,2,6.1,0.17,Burlete Suprabond Goma Espuma No + Zócalo Burlete Suprabond Doble B,"CR01600000000000SLTN, CR0160000000000ZNODB",29491.06,750.0,cargo fijo,False,0.0308,0.15,Suprabond,0.0308,la economía del kit,gold_special,28581.72,"2 compras juntas, 6.1× más de lo esperable, confianza 17%","MLA931075172, MLA1118361790","MLAU209441954, MLAU209266352",https://vendedores.mercadolibre.com.ar/publicar/kit?pre_charged_ups=MLAU209441954
se compran juntos,2,4,4.1,0.14,Adhesivo Cianoacrilato Suprabond + Masilla Suprabond Erpox Acero 10,"CR016000000CIAA10020, CR0160000MPXEXA10100",27664.61,750.0,cargo fijo,False,0.0336,0.15,Suprabond,0.0336,la economía del kit,gold_special,26733.98,"4 compras juntas, 4.1× más de lo esperable, confianza 14%","MLA868545704, MLA860460310","MLAU241446762, MLAU208243095",https://vendedores.mercadolibre.com.ar/publicar/kit?pre_charged_ups=MLAU241446762
se compran juntos,2,3,4.4,0.21,Burlete Suprabond Goma Espuma Do + 2 Burletes Autoadhesivos De Goma,"CR01600000000000SLTD, CR01600000000SLTD5BI X 2 UNIDADES",29382.0,750.0,cargo fijo,False,0.0308,0.15,Suprabond,0.0308,la economía del kit,gold_special,28476.76,"3 compras juntas, 4.4× más de lo esperable, confianza 21%","MLA842568397, MLA795281515","MLAU208228953, MLAU209325628",https://vendedores.mercadolibre.com.ar/publicar/kit?pre_charged_ups=MLAU208228953
se compran juntos,2,3,4.1,0.2,Burlete Suprabond Goma Espuma Do + Burlete Autoadhesivo De Goma Esp,"CR01600000000000SLTD, CR01600000000000SLTD X 3 UNIDADES",27816.0,750.0,cargo fijo,False,0.0325,0.15,Suprabond,0.0325,la economía del kit,gold_special,26911.18,"3 compras juntas, 4.1× más de lo esperable, confianza 20%","MLA842568397, MLA795278593","MLAU208228953, MLAU209376060",https://vendedores.mercadolibre.com.ar/publicar/kit?pre_charged_ups=MLAU208228953
se compran juntos,2,2,4.4,0.15,Adhesivo Epoxi Suprabond Erpox A + Superadhesivo Suprabond 2 Compon,"CR016000000000EXA105, CR016000000SPXSA25AE",24811.0,750.0,cargo fijo,False,0.0385,0.15,Suprabond,0.0385,la economía del kit,gold_special,23856.54,"2 compras juntas, 4.4× más de lo esperable, confianza 15%","MLA859727205, MLA1139075442","MLAU209419070, MLAU224912963",https://vendedores.mercadolibre.com.ar/publicar/kit?pre_charged_ups=MLAU209419070
se compran juntos,2,3,3.3,0.2,Burlete Autoadhesivo De Goma Esp + Burlete Autoadhesivo Suprabond D,"CR01600000000000SLTD X 3 UNIDADES, CR01600000000SLTE5BI",31565.0,750.0,cargo fijo,False,0.0293,0.15,Suprabond,0.0293,la economía del kit,gold_special,30641.63,"3 compras juntas, 3.3× más de lo esperable, confianza 20%","MLA795278593, MLA863200953","MLAU209376060, MLAU237320801",https://vendedores.mercadolibre.com.ar/publicar/kit?pre_charged_ups=MLAU209376060
se compran juntos,2,2,3.5,0.07,Nuevo Adhesivo Suprabond Erpox B + Adhesivo Suprabond Para Suela De,"CR0160000000000EXB80, CR016000000SBDTR100E",31959.0,750.0,cargo fijo,False,0.029,0.15,Suprabond,0.029,la economía del kit,gold_special,31031.31,"2 compras juntas, 3.5× más de lo esperable, confianza 7%","MLA859732690, MLA1146251151","MLAU209400230, MLAU1594526267",https://vendedores.mercadolibre.com.ar/publicar/kit?pre_charged_ups=MLAU209400230
se compran juntos,2,2,3.2,0.08,Sellador Suprabond Baños Cocinas + Sellador Acrílico Pintable Supra,"CR0160000000GFXB280T, CR01600000GMXACR280B",30944.0,750.0,cargo fijo,False,0.0295,0.15,Suprabond,0.0295,la economía del kit,gold_special,30031.29,"2 compras juntas, 3.2× más de lo esperable, confianza 8%","MLA827116200, MLA826407146","MLAU209400002, MLAU232332180",https://vendedores.mercadolibre.com.ar/publicar/kit?pre_charged_ups=MLAU209400002
se compran juntos,2,2,2.9,0.07,Adhesivo Suprabond Montajes En C + Masilla Suprabond Erpox Acero 10,"CR016000000000MTJ400, CR0160000MPXEXA10100",31807.27,750.0,cargo fijo,False,0.0285,0.15,Suprabond,0.0285,la economía del kit,gold_special,30899.18,"2 compras juntas, 2.9× más de lo esperable, confianza 7%","MLA872758443, MLA860460310","MLAU1593181050, MLAU208243095",https://vendedores.mercadolibre.com.ar/publicar/kit?pre_charged_ups=MLAU1593181050
se compran juntos,2,2,2.9,0.14,Burlete Suprabond Goma Espuma Do + Sellador Silicona Suprabond Neut,"CR01600000000000SLTD, CR0160000000GFXC280T",27934.51,750.0,cargo fijo,False,0.0318,0.15,Suprabond,0.0318,la economía del kit,gold_pro,27045.94,"2 compras juntas, 2.9× más de lo esperable, confianza 14%","MLA842568397, MLA1387670353","MLAU208228953, MLAU208160457",https://vendedores.mercadolibre.com.ar/publicar/kit?pre_charged_ups=MLAU208228953
se compran juntos,2,2,2.6,0.07,Sellador Acrílico Suprabond Made + Adhesivo Suprabond Para Suela De,"CR0160000000GMXM280N, CR016000000SBDTR100E",32303.0,750.0,cargo fijo,False,0.0286,0.15,Suprabond,0.0286,la economía del kit,gold_special,31378.02,"2 compras juntas, 2.6× más de lo esperable, confianza 7%","MLA830680804, MLA1146251151","MLAU208258443, MLAU1594526267",https://vendedores.mercadolibre.com.ar/publicar/kit?pre_charged_ups=MLAU208258443
se compran juntos,2,2,2.2,0.08,Adhesivo Epoxi Suprabond Erpox A + Adhesivo Suprabond Transparente ,"CR016000000000EXA105, CR0160000000SBDTR50B",24820.0,750.0,cargo fijo,False,0.0388,0.15,Suprabond,0.0388,la economía del kit,gold_special,23857.08,"2 compras juntas, 2.2× más de lo esperable, confianza 8%","MLA859727205, MLA1387618937","MLAU209419070, MLAU298831110",https://vendedores.mercadolibre.com.ar/publicar/kit?pre_charged_ups=MLAU209419070
se compran juntos,2,2,441.0,1.0,Alicate De Precisión Bulit Serie + Pinza Bulit Punta Semiredonda - ,"CR01600000PZAS6EAL45, CR01600000PZAS6EPS45",23307.13,-5.0,cargo fijo,False,0.0,0.15,Bulit,0.0,la economía del kit,gold_special,23307.13,"2 compras juntas, 441.0× más de lo esperable, confianza 100%","MLA854257758, MLA908797635","MLAU280629752, MLAU296421828",https://vendedores.mercadolibre.com.ar/publicar/kit?pre_charged_ups=MLAU280629752
se compran juntos,2,2,330.8,1.0,Llave Combinada Bulit De 15mm Pa + Llave Combinada Bulit S700 - Aco,"CR0160000000LLV7VA15, CR0160000000LLV7VA16",23458.0,-5.0,cargo fijo,False,0.0,0.15,Bulit,0.0,la economía del kit,gold_special,23458.0,"2 compras juntas, 330.8× más de lo esperable, confianza 100%","MLA2472207596, MLA1591167210","MLAU241949060, MLAU266044878",https://vendedores.mercadolibre.com.ar/publicar/kit?pre_charged_ups=MLAU241949060
se compran juntos,2,2,330.8,1.0,Espátula Bulit Flexible S700 - A + Espátula Bulit Flexible S700 - A,"CR0160000000ESPFXAI4, CR0160000000ESPFXAI6",22818.87,-5.0,cargo fijo,False,0.0,0.15,Bulit,0.0,la economía del kit,gold_pro,22818.87,"2 compras juntas, 330.8× más de lo esperable, confianza 100%","MLA1720477406, MLA907610097","MLAU282417432, MLAU281841253",https://vendedores.mercadolibre.com.ar/publicar/kit?pre_charged_ups=MLAU282417432
se compran juntos,2,2,220.5,1.0,Destornillador Bulit Profesional + Destornillador Bulit Profesional,"CR016000DES8PHA1X100, CR016000DES8PHA2X100",20394.97,-5.0,cargo fijo,False,0.0,0.15,Bulit,0.0,la economía del kit,gold_special,20394.97,"2 compras juntas, 220.5× más de lo esperable, confianza 100%","MLA855101370, MLA855102843","MLAU294377340, MLAU281570977",https://vendedores.mercadolibre.com.ar/publicar/kit?pre_charged_ups=MLAU294377340
se compran juntos,2,6,55.5,0.55,Trampa Adhesiva Suprabond Para L + 2 Trampas Adhesivas Grandes Rata,"CR01600000000PRTL2FP, CR01600000000PRTR2FP",18909.0,-5.0,cargo fijo,False,0.0,0.15,"Somerset, Suprabond Somerset",0.0,la economía del kit,gold_pro,18909.0,"6 compras juntas, 55.5× más de lo esperable, confianza 55%","MLA908074045, MLA1144613154","MLAU222944906, MLAU220363339",https://vendedores.mercadolibre.com.ar/publicar/kit?pre_charged_ups=MLAU222944906
se compran juntos,2,4,65.3,0.44,Candado Bulit Bronce Macizo Stan + Candado De Hierro Dorado Bulit N,"CR01600000000CDBBS40, CR0160000000CDBH40DL",23048.49,-5.0,cargo fijo,False,0.0,0.15,Bulit,0.0,la economía del kit,gold_special,23048.49,"4 compras juntas, 65.3× más de lo esperable, confianza 44%","MLA828385142, MLA822568139","MLAU209394022, MLAU208210887",https://vendedores.mercadolibre.com.ar/publicar/kit?pre_charged_ups=MLAU209394022
se compran juntos,2,2,88.2,0.4,Destornillador Bulit Profesional + Destornillador Bulit Profesional,"CR0160000DES8RA4X100, CR016000DES8PHA1X100",16708.97,-5.0,cargo fijo,False,0.0,0.15,Bulit,0.0,la economía del kit,gold_special,16708.97,"2 compras juntas, 88.2× más de lo esperable, confianza 40%","MLA855103592, MLA855101370","MLAU297368172, MLAU294377340",https://vendedores.mercadolibre.com.ar/publicar/kit?pre_charged_ups=MLAU297368172
se compran juntos,2,2,73.5,0.5,Candado Bulit Bronce Macizo Stan + Candado De Hierro Dorado Bulit N,"CR01600000000CDBBS40, CR0160000000CDBH30DL",20599.41,-5.0,cargo fijo,False,0.0,0.15,Bulit,0.0,la economía del kit,gold_special,20599.41,"2 compras juntas, 73.5× más de lo esperable, confianza 50%","MLA828385142, MLA822566229","MLAU209394022, MLAU209370436",https://vendedores.mercadolibre.com.ar/publicar/kit?pre_charged_ups=MLAU209394022
se compran juntos,2,2,73.5,0.5,Candado De Hierro Dorado Bulit N + Candado De Hierro Dorado Bulit N,"CR0160000000CDBH30DL, CR0160000000CDBH40DL",22571.9,-5.0,cargo fijo,False,0.0,0.15,Bulit,0.0,la economía del kit,gold_special,22571.9,"2 compras juntas, 73.5× más de lo esperable, confianza 50%","MLA822566229, MLA822568139","MLAU209370436, MLAU208210887",https://vendedores.mercadolibre.com.ar/publicar/kit?pre_charged_ups=MLAU209370436
se compran juntos,2,2,49.0,0.33,Candado Bulit De Bronce Macizo S + Candado Bulit Bronce Macizo Stan,"CR01600000000CDBBS20, CR01600000000CDBBS40",18539.56,-5.0,cargo fijo,False,0.0,0.15,Bulit,0.0,la economía del kit,gold_special,18539.56,"2 compras juntas, 49.0× más de lo esperable, confianza 33%","MLA872095377, MLA828385142","MLAU296493307, MLAU209394022",https://vendedores.mercadolibre.com.ar/publicar/kit?pre_charged_ups=MLAU296493307
se compran juntos,2,3,30.5,0.3,Adhesivo Epoxi Suprabond Transpa + Superadhesivo Suprabond 2 Compon,"CR016000000SPXSA16TE, CR016000000SPXSA25AE",16772.0,-5.0,cargo fijo,False,0.0,0.15,Suprabond,0.0,la economía del kit,gold_pro,16772.0,"3 compras juntas, 30.5× más de lo esperable, confianza 30%","MLA1139075420, MLA1139075442","MLAU217079705, MLAU224912963",https://vendedores.mercadolibre.com.ar/publicar/kit?pre_charged_ups=MLAU217079705
se compran juntos,2,2,37.8,0.29,Perchas Autoadhesivas Suprabond  + Perchas Autoadhesivas Suprabond ,"CR0160000000AFXP35AR, CR0160000000AFXP49AR",21553.61,-5.0,cargo fijo,False,0.0,0.15,Suprabond,0.0,la economía del kit,gold_special,21553.61,"2 compras juntas, 37.8× más de lo esperable, confianza 29%","MLA898114673, MLA863505110","MLAU302069569, MLAU209307894",https://vendedores.mercadolibre.com.ar/publicar/kit?pre_charged_ups=MLAU302069569
se compran juntos,2,16,12.8,0.44,Topetina Suprabond De Fieltro Ma + Topetina Suprabond De Fieltro Ma,"CR01600000000TPCF20M, CR01600000000TPRF30M",19384.74,-5.0,cargo fijo,False,0.0,0.15,Suprabond,0.0,la economía del kit,gold_special,19384.74,"16 compras juntas, 12.8× más de lo esperable, confianza 44%","MLA859036213, MLA864705575","MLAU208237143, MLAU209411116",https://vendedores.mercadolibre.com.ar/publicar/kit?pre_charged_ups=MLAU208237143
se compran juntos,2,2,31.5,0.33,Zócalo Autoadhesivo Suprabond Bl + Topetina Suprabond Protectora Au,"CR0160000000000ZNOBI, CR01600000000TPCA18T",22504.23,-5.0,cargo fijo,False,0.0,0.15,Suprabond,0.0,la economía del kit,gold_special,22504.23,"2 compras juntas, 31.5× más de lo esperable, confianza 33%","MLA1535106307, MLA863850052","MLAU3421346483, MLAU208557991",https://vendedores.mercadolibre.com.ar/publicar/kit?pre_charged_ups=MLAU3421346483
se compran juntos,2,2,29.4,0.22,Candado De Hierro Dorado Bulit N + Candado De Hierro Dorado Bulit N,"CR01600000000CDBH30D, CR0160000000CDBH40DL",22389.31,-5.0,cargo fijo,False,0.0,0.15,Bulit,0.0,la economía del kit,gold_special,22389.31,"2 compras juntas, 29.4× más de lo esperable, confianza 22%","MLA822561607, MLA822568139","MLAU208244259, MLAU208210887",https://vendedores.mercadolibre.com.ar/publicar/kit?pre_charged_ups=MLAU208244259
se compran juntos,2,6,15.7,0.55,Topetina Suprabond De Fieltro Ma + Topetina Suprabond De Fieltro Ma,"CR01600000000TPCF20M, CR01600000000TPCF30M",19392.72,-5.0,cargo fijo,False,0.0,0.15,Suprabond,0.0,la economía del kit,gold_special,19392.72,"6 compras juntas, 15.7× más de lo esperable, confianza 55%","MLA859036213, MLA886762533","MLAU208237143, MLAU264775982",https://vendedores.mercadolibre.com.ar/publicar/kit?pre_charged_ups=MLAU208237143
se compran juntos,2,11,11.2,0.31,Topetina Suprabond De Fieltro Ma + Topetina Suprabond De Fieltro Ma,"CR01600000000TPRF20M, CR01600000000TPRF30M",19969.07,-5.0,cargo fijo,False,0.0,0.15,Suprabond,0.0,la economía del kit,gold_special,19969.07,"11 compras juntas, 11.2× más de lo esperable, confianza 31%","MLA859036030, MLA864705575","MLAU209680020, MLAU209411116",https://vendedores.mercadolibre.com.ar/publicar/kit?pre_charged_ups=MLAU209680020
se compran juntos,2,13,10.4,0.36,Topetina Suprabond De Fieltro Ma + Topetina Suprabond De Fieltro Ma,"CR01600000000TPCF20M, CR01600000000TPRF20M",19385.19,-5.0,cargo fijo,False,0.0,0.15,Suprabond,0.0,la economía del kit,gold_special,19385.19,"13 compras juntas, 10.4× más de lo esperable, confianza 36%","MLA859036213, MLA859036030","MLAU208237143, MLAU209680020",https://vendedores.mercadolibre.com.ar/publicar/kit?pre_charged_ups=MLAU208237143
se compran juntos,2,2,24.1,0.2,Perchas Autoadhesivas Suprabond  + Perchas Autoadhesivas Suprabond ,"CR0160000000AFXP18AR, CR0160000000AFXP49AR",21347.83,-5.0,cargo fijo,False,0.0,0.15,Suprabond,0.0,la economía del kit,gold_special,21347.83,"2 compras juntas, 24.1× más de lo esperable, confianza 20%","MLA862325529, MLA863505110","MLAU209368722, MLAU209307894",https://vendedores.mercadolibre.com.ar/publicar/kit?pre_charged_ups=MLAU209368722
se compran juntos,2,2,18.5,0.18,Cinta Suprabond Autoadhesiva Dob + Barras Suprabond Finas Ultratran,"CR016000000000AFXWR2, CR01600000CHMF10UT25",17731.08,-5.0,cargo fijo,False,0.0,0.15,Suprabond,0.0,la economía del kit,gold_special,17731.08,"2 compras juntas, 18.5× más de lo esperable, confianza 18%","MLA860849627, MLA901347064","MLAU293505437, MLAU224535540",https://vendedores.mercadolibre.com.ar/publicar/kit?pre_charged_ups=MLAU293505437
se compran juntos,2,2,17.2,0.18,Adhesivo Para Zapatillas Deporti + Adhesivo Suprabond Transparente ,"CR016000000000ZAP10B, CR0160000SBDTRPR100E",22730.39,-5.0,cargo fijo,False,0.0,0.15,Suprabond,0.0,la economía del kit,gold_special,22730.39,"2 compras juntas, 17.2× más de lo esperable, confianza 18%","MLA1510949196, MLA2897755056","MLAU245130940, MLAU3801417385",https://vendedores.mercadolibre.com.ar/publicar/kit?pre_charged_ups=MLAU245130940
se compran juntos,2,2,17.0,0.17,20 Clavos Suprabond Para Colgar  + Superadhesivo Suprabond 2 Compon,"CR0160000000AFXPC120, CR016000000SPXSA25AE",19969.32,-5.0,cargo fijo,False,0.0,0.15,Suprabond,0.0,la economía del kit,gold_special,19969.32,"2 compras juntas, 17.0× más de lo esperable, confianza 17%","MLA1445017864, MLA1139075442","MLAU257913473, MLAU224912963",https://vendedores.mercadolibre.com.ar/publicar/kit?pre_charged_ups=MLAU257913473
se compran juntos,2,2,17.0,0.17,Cinta Suprabond Autoadhesiva Dob + 20 Clavos Suprabond Para Colgar ,"CR016000000000AFXWR2, CR0160000000AFXPC120",22625.4,-5.0,cargo fijo,False,0.0,0.15,Suprabond,0.0,la economía del kit,gold_special,22625.4,"2 compras juntas, 17.0× más de lo esperable, confianza 17%","MLA860849627, MLA1445017864","MLAU293505437, MLAU257913473",https://vendedores.mercadolibre.com.ar/publicar/kit?pre_charged_ups=MLAU293505437
se compran juntos,2,12,7.2,0.43,Burlete Autoadhesivo Suprabond P + Burlete Autoadhesivo Suprabond D,"CR01600000000SLTD5BI, CR01600000000SLTE5BI",23568.49,-5.0,cargo fijo,False,0.0,0.15,Suprabond,0.0,la economía del kit,gold_special,23568.49,"12 compras juntas, 7.2× más de lo esperable, confianza 43%","MLA1864096019, MLA863200953","MLAU4170873065, MLAU237320801",https://vendedores.mercadolibre.com.ar/publicar/kit?pre_charged_ups=MLAU4170873065
se compran juntos,2,4,10.5,0.29,Burlete Suprabond Goma Espuma No + Burlete Autoadhesivo Suprabond P,"CR01600000000000SLTN, CR0160000000000SLTEA",16022.31,-5.0,cargo fijo,False,0.0,0.15,Suprabond,0.0,la economía del kit,gold_special,16022.31,"4 compras juntas, 10.5× más de lo esperable, confianza 29%","MLA931075172, MLA1863881731","MLAU209441954, MLAU4170871397",https://vendedores.mercadolibre.com.ar/publicar/kit?pre_charged_ups=MLAU209441954
se compran juntos,2,6,8.7,0.43,Burlete Suprabond Goma Espuma Do + Burlete Autoadhesivo Suprabond P,"CR01600000000000SLTD, CR0160000000000SLTEA",17472.31,-5.0,cargo fijo,False,0.0,0.15,Suprabond,0.0,la economía del kit,gold_special,17472.31,"6 compras juntas, 8.7× más de lo esperable, confianza 43%","MLA842568397, MLA1863881731","MLAU208228953, MLAU4170871397",https://vendedores.mercadolibre.com.ar/publicar/kit?pre_charged_ups=MLAU208228953
se compran juntos,2,3,10.9,0.23,Superadhesivo Suprabond 2 Compon + Masilla Suprabond Erpox Acero 10,"CR016000000SPXSA25AE, CR0160000MPXEXA10100",16670.0,-5.0,cargo fijo,False,0.0,0.15,Suprabond,0.0,la economía del kit,gold_pro,16670.0,"3 compras juntas, 10.9× más de lo esperable, confianza 23%","MLA1139075442, MLA860460310","MLAU224912963, MLAU208243095",https://vendedores.mercadolibre.com.ar/publicar/kit?pre_charged_ups=MLAU224912963
se compran juntos,2,2,13.6,0.15,Cinta Suprabond Autoadhesiva Dob + Adhesivo Suprabond Montajes En P,"CR016000000000AFXWR2, CR016000000000MTJ150",20705.05,-5.0,cargo fijo,False,0.0,0.15,Suprabond,0.0,la economía del kit,gold_special,20705.05,"2 compras juntas, 13.6× más de lo esperable, confianza 15%","MLA860849627, MLA828370410","MLAU293505437, MLAU272183239",https://vendedores.mercadolibre.com.ar/publicar/kit?pre_charged_ups=MLAU293505437
se compran juntos,2,3,10.0,0.27,Topetina Suprabond De Fieltro Ma + Topetina Suprabond De Fieltro Ma,"CR01600000000TPCF30M, CR01600000000TPRF30M",19976.6,-5.0,cargo fijo,False,0.0,0.15,Suprabond,0.0,la economía del kit,gold_special,19976.6,"3 compras juntas, 10.0× más de lo esperable, confianza 27%","MLA886762533, MLA864705575","MLAU264775982, MLAU209411116",https://vendedores.mercadolibre.com.ar/publicar/kit?pre_charged_ups=MLAU264775982
se compran juntos,2,2,9.8,0.2,Nuevo Adhesivo Suprabond Erpox B + Adhesivo Epoxi Suprabond Transpa,"CR0160000000000EXB80, CR016000000SPXSA16TE",23775.0,-5.0,cargo fijo,False,0.0,0.15,Suprabond,0.0,la economía del kit,gold_special,23775.0,"2 compras juntas, 9.8× más de lo esperable, confianza 20%","MLA859732690, MLA1139075420","MLAU209400230, MLAU217079705",https://vendedores.mercadolibre.com.ar/publicar/kit?pre_charged_ups=MLAU209400230
se compran juntos,2,3,7.8,0.27,Topetina Suprabond De Fieltro Ma + Perchas Autoadhesivas Suprabond ,"CR01600000000TPCF20M, CR0160000000AFXP18AR",18773.77,-5.0,cargo fijo,False,0.0,0.15,Suprabond,0.0,la economía del kit,gold_special,18773.77,"3 compras juntas, 7.8× más de lo esperable, confianza 27%","MLA859036213, MLA862325529","MLAU208237143, MLAU209368722",https://vendedores.mercadolibre.com.ar/publicar/kit?pre_charged_ups=MLAU208237143
se compran juntos,2,3,7.7,0.21,Burlete Autoadhesivo Suprabond P + Burlete Autoadhesivos De Goma Pe,"CR0160000000000SLTEA, CR01600000000SLTD5MI",21732.31,-5.0,cargo fijo,False,0.0,0.15,Suprabond,0.0,la economía del kit,gold_special,21732.31,"3 compras juntas, 7.7× más de lo esperable, confianza 21%","MLA1863881731, MLA861014506","MLAU4170871397, MLAU293776265",https://vendedores.mercadolibre.com.ar/publicar/kit?pre_charged_ups=MLAU4170871397
se compran juntos,2,3,7.7,0.21,Burlete Autoadhesivos De Goma Pe + Burlete Autoadhesivo Suprabond D,"CR01600000000SLTD5MI, CR01600000000SLTE5MI",21917.0,-5.0,cargo fijo,False,0.0,0.15,Suprabond,0.0,la economía del kit,gold_pro,21917.0,"3 compras juntas, 7.7× más de lo esperable, confianza 21%","MLA861014506, MLA903945655","MLAU293776265, MLAU305012148",https://vendedores.mercadolibre.com.ar/publicar/kit?pre_charged_ups=MLAU293776265
se compran juntos,2,6,5.1,0.25,Burlete Suprabond Goma Espuma Do + Burlete Autoadhesivo Suprabond P,"CR01600000000000SLTD, CR0160000000000SLTVI",17747.84,-5.0,cargo fijo,False,0.0,0.15,Suprabond,0.0,la economía del kit,gold_special,17747.84,"6 compras juntas, 5.1× más de lo esperable, confianza 25%","MLA842568397, MLA1864096025","MLAU208228953, MLAU4170871399",https://vendedores.mercadolibre.com.ar/publicar/kit?pre_charged_ups=MLAU208228953
se compran juntos,2,2,8.6,0.18,Perchas Autoadhesivas Suprabond  + Masilla Suprabond Erpox Acero 10,"CR0160000000AFXP18AR, CR0160000MPXEXA10100",17657.34,-5.0,cargo fijo,False,0.0,0.15,Suprabond,0.0,la economía del kit,gold_special,17657.34,"2 compras juntas, 8.6× más de lo esperable, confianza 18%","MLA862325529, MLA860460310","MLAU209368722, MLAU208243095",https://vendedores.mercadolibre.com.ar/publicar/kit?pre_charged_ups=MLAU209368722
se compran juntos,2,2,7.9,0.17,20 Clavos Suprabond Para Colgar  + Masilla Suprabond Erpox Acero 10,"CR0160000000AFXPC120, CR0160000MPXEXA10100",19867.32,-5.0,cargo fijo,False,0.0,0.15,Suprabond,0.0,la economía del kit,gold_special,19867.32,"2 compras juntas, 7.9× más de lo esperable, confianza 17%","MLA1445017864, MLA860460310","MLAU257913473, MLAU208243095",https://vendedores.mercadolibre.com.ar/publicar/kit?pre_charged_ups=MLAU257913473
se compran juntos,2,6,4.4,0.21,Burlete Suprabond Goma Espuma Do + Burlete Autoadhesivo Suprabond P,"CR01600000000000SLTD, CR01600000000SLTD5BI",19819.49,-5.0,cargo fijo,False,0.0,0.15,Suprabond,0.0,la economía del kit,gold_special,19819.49,"6 compras juntas, 4.4× más de lo esperable, confianza 21%","MLA842568397, MLA1864096019","MLAU208228953, MLAU4170873065",https://vendedores.mercadolibre.com.ar/publicar/kit?pre_charged_ups=MLAU208228953
se compran juntos,2,6,4.2,0.25,Burlete Autoadhesivo Suprabond P + Burlete Autoadhesivo Suprabond D,"CR0160000000000SLTVI, CR01600000000SLTE5BI",21496.84,-5.0,cargo fijo,False,0.0,0.15,Suprabond,0.0,la economía del kit,gold_special,21496.84,"6 compras juntas, 4.2× más de lo esperable, confianza 25%","MLA1864096025, MLA863200953","MLAU4170871399, MLAU237320801",https://vendedores.mercadolibre.com.ar/publicar/kit?pre_charged_ups=MLAU4170871399
se compran juntos,2,3,5.9,0.12,Burlete Autoadhesivo Suprabond P + Burlete Autoadhesivo Suprabond P,"CR0160000000000SLTVI, CR01600000000SLTD5BI",23659.33,-5.0,cargo fijo,False,0.0,0.15,Suprabond,0.0,la economía del kit,gold_special,23659.33,"3 compras juntas, 5.9× más de lo esperable, confianza 12%","MLA1864096025, MLA1864096019","MLAU4170871399, MLAU4170873065",https://vendedores.mercadolibre.com.ar/publicar/kit?pre_charged_ups=MLAU4170871399
se compran juntos,2,8,3.7,0.22,Burlete Suprabond Goma Espuma No + Burlete Autoadhesivo Suprabond D,"CR01600000000000SLTN, CR01600000000SLTE5BI",16207.0,-5.0,cargo fijo,False,0.0,0.15,Suprabond,0.0,la economía del kit,gold_pro,16207.0,"8 compras juntas, 3.7× más de lo esperable, confianza 22%","MLA931075172, MLA863200953","MLAU209441954, MLAU237320801",https://vendedores.mercadolibre.com.ar/publicar/kit?pre_charged_ups=MLAU209441954
se compran juntos,2,7,3.9,0.19,Burlete Suprabond Goma Espuma Do + Burlete Autoadhesivos De Goma Pe,"CR01600000000000SLTD, CR01600000000SLTD5MI",18168.0,-5.0,cargo fijo,False,0.0,0.15,Suprabond,0.0,la economía del kit,gold_pro,18168.0,"7 compras juntas, 3.9× más de lo esperable, confianza 19%","MLA842568397, MLA861014506","MLAU208228953, MLAU293776265",https://vendedores.mercadolibre.com.ar/publicar/kit?pre_charged_ups=MLAU208228953
se compran juntos,2,2,6.8,0.14,Burlete Autoadhesivo Suprabond P + Burlete Autoadhesivo Suprabond P,"CR0160000000000SLTEA, CR01600000000SLTD5BI",23383.8,-5.0,cargo fijo,False,0.0,0.15,Suprabond,0.0,la economía del kit,gold_special,23383.8,"2 compras juntas, 6.8× más de lo esperable, confianza 14%","MLA1863881731, MLA1864096019","MLAU4170871397, MLAU4170873065",https://vendedores.mercadolibre.com.ar/publicar/kit?pre_charged_ups=MLAU4170871397
se compran juntos,2,3,5.3,0.11,Nuevo Adhesivo Suprabond Erpox B + Masilla Suprabond Erpox Acero 10,"CR0160000000000EXB80, CR0160000MPXEXA10100",23673.0,-5.0,cargo fijo,False,0.0,0.15,Suprabond,0.0,la economía del kit,gold_special,23673.0,"3 compras juntas, 5.3× más de lo esperable, confianza 11%","MLA859732690, MLA860460310","MLAU209400230, MLAU208243095",https://vendedores.mercadolibre.com.ar/publicar/kit?pre_charged_ups=MLAU209400230
se compran juntos,2,2,6.3,0.13,Adhesivo Suprabond Montajes En P + Masilla Suprabond Erpox Acero 10,"CR016000000000MTJ150, CR0160000MPXEXA10100",17946.97,-5.0,cargo fijo,False,0.0,0.15,Suprabond,0.0,la economía del kit,gold_special,17946.97,"2 compras juntas, 6.3× más de lo esperable, confianza 13%","MLA828370410, MLA860460310","MLAU272183239, MLAU208243095",https://vendedores.mercadolibre.com.ar/publicar/kit?pre_charged_ups=MLAU272183239
se compran juntos,2,2,6.0,0.17,Burlete De Vinilo Autoadhesivo S + Burlete Autoadhesivos De Goma Pe,"CR016000000000SLTVMI, CR01600000000SLTD5MI",20622.0,-5.0,cargo fijo,False,0.0,0.15,Suprabond,0.0,la economía del kit,gold_pro,20622.0,"2 compras juntas, 6.0× más de lo esperable, confianza 17%","MLA1139081627, MLA861014506","MLAU3091933178, MLAU293776265",https://vendedores.mercadolibre.com.ar/publicar/kit?pre_charged_ups=MLAU3091933178
se compran juntos,2,3,4.6,0.12,Burlete Suprabond Goma Espuma No + Burlete Autoadhesivo Suprabond P,"CR01600000000000SLTN, CR0160000000000SLTVI",16297.84,-5.0,cargo fijo,False,0.0,0.15,Suprabond,0.0,la economía del kit,gold_special,16297.84,"3 compras juntas, 4.6× más de lo esperable, confianza 12%","MLA931075172, MLA1864096025","MLAU209441954, MLAU4170871399",https://vendedores.mercadolibre.com.ar/publicar/kit?pre_charged_ups=MLAU209441954
se compran juntos,2,4,4.0,0.11,Burlete Suprabond Goma Espuma No + Burlete Autoadhesivos De Goma Pe,"CR01600000000000SLTN, CR01600000000SLTD5MI",16718.0,-5.0,cargo fijo,False,0.0,0.15,Suprabond,0.0,la economía del kit,gold_pro,16718.0,"4 compras juntas, 4.0× más de lo esperable, confianza 11%","MLA931075172, MLA861014506","MLAU209441954, MLAU293776265",https://vendedores.mercadolibre.com.ar/publicar/kit?pre_charged_ups=MLAU209441954
se compran juntos,2,10,2.6,0.15,Burlete Suprabond Goma Espuma Do + Burlete Autoadhesivo Suprabond D,"CR01600000000000SLTD, CR01600000000SLTE5BI",17657.0,-5.0,cargo fijo,False,0.0,0.15,Suprabond,0.0,la economía del kit,gold_pro,17657.0,"10 compras juntas, 2.6× más de lo esperable, confianza 15%","MLA842568397, MLA863200953","MLAU208228953, MLAU237320801",https://vendedores.mercadolibre.com.ar/publicar/kit?pre_charged_ups=MLAU208228953
se compran juntos,2,2,5.3,0.11,Zócalo Autoadhesivo Suprabond Si + Masilla Suprabond Erpox Acero 10,"CR0160000000000ZNOSM, CR0160000MPXEXA10100",19815.0,-5.0,cargo fijo,False,0.0,0.15,Suprabond,0.0,la economía del kit,gold_special,19815.0,"2 compras juntas, 5.3× más de lo esperable, confianza 11%","MLA857856272, MLA860460310","MLAU209373308, MLAU208243095",https://vendedores.mercadolibre.com.ar/publicar/kit?pre_charged_ups=MLAU209373308
se compran juntos,2,2,5.3,0.14,Burlete Suprabond Goma Espuma No + Zócalo Autoadhesivo Suprabond Bl,"CR01600000000000SLTN, CR0160000000000ZNOBI",18371.0,-5.0,cargo fijo,False,0.0,0.15,Suprabond,0.0,la economía del kit,gold_special,18371.0,"2 compras juntas, 5.3× más de lo esperable, confianza 14%","MLA931075172, MLA1535106307","MLAU209441954, MLAU3421346483",https://vendedores.mercadolibre.com.ar/publicar/kit?pre_charged_ups=MLAU209441954
se compran juntos,2,2,5.3,0.14,Zócalo Autoadhesivo Suprabond Bl + Topetina Suprabond De Fieltro Ma,"CR0160000000000ZNOBI, CR01600000000TPRF30M",22851.31,-5.0,cargo fijo,False,0.0,0.15,Suprabond,0.0,la economía del kit,gold_special,22851.31,"2 compras juntas, 5.3× más de lo esperable, confianza 14%","MLA1535106307, MLA864705575","MLAU3421346483, MLAU209411116",https://vendedores.mercadolibre.com.ar/publicar/kit?pre_charged_ups=MLAU3421346483
se compran juntos,2,6,2.7,0.16,Burlete Autoadhesivos De Goma Pe + Burlete Autoadhesivo Suprabond D,"CR01600000000SLTD5MI, CR01600000000SLTE5BI",21917.0,-5.0,cargo fijo,False,0.0,0.15,Suprabond,0.0,la economía del kit,gold_pro,21917.0,"6 compras juntas, 2.7× más de lo esperable, confianza 16%","MLA861014506, MLA863200953","MLAU293776265, MLAU237320801",https://vendedores.mercadolibre.com.ar/publicar/kit?pre_charged_ups=MLAU293776265
se compran juntos,2,2,4.6,0.09,Adhesivo Suprabond Transparente  + Sellador Suprabond Reparador De ,"CR0160000000SBDTR50B, CR01600000GMXCTO280G",22934.0,-5.0,cargo fijo,False,0.0,0.15,Suprabond,0.0,la economía del kit,gold_special,22934.0,"2 compras juntas, 4.6× más de lo esperable, confianza 9%","MLA1387618937, MLA842564403","MLAU298831110, MLAU289731511",https://vendedores.mercadolibre.com.ar/publicar/kit?pre_charged_ups=MLAU298831110
se compran juntos,2,3,3.6,0.21,Burlete Autoadhesivo Suprabond P + Burlete Autoadhesivo Suprabond D,"CR0160000000000SLTEA, CR01600000000SLTE5BI",21221.31,-5.0,cargo fijo,False,0.0,0.15,Suprabond,0.0,la economía del kit,gold_special,21221.31,"3 compras juntas, 3.6× más de lo esperable, confianza 21%","MLA1863881731, MLA863200953","MLAU4170871397, MLAU237320801",https://vendedores.mercadolibre.com.ar/publicar/kit?pre_charged_ups=MLAU4170871397
se compran juntos,2,2,3.8,0.08,Nuevo Adhesivo Suprabond Erpox B + Adhesivo Suprabond Transparente ,"CR0160000000000EXB80, CR0160000000SBDTR50B",23784.0,-5.0,cargo fijo,False,0.0,0.15,Suprabond,0.0,la economía del kit,gold_special,23784.0,"2 compras juntas, 3.8× más de lo esperable, confianza 8%","MLA859732690, MLA1387618937","MLAU209400230, MLAU298831110",https://vendedores.mercadolibre.com.ar/publicar/kit?pre_charged_ups=MLAU209400230
se compran juntos,2,3,3.0,0.08,Burlete Autoadhesivos De Goma Pe + Topetina Suprabond De Fieltro Ma,"CR01600000000SLTD5MI, CR01600000000TPRF30M",21198.31,-5.0,cargo fijo,False,0.0,0.15,Suprabond,0.0,la economía del kit,gold_special,21198.31,"3 compras juntas, 3.0× más de lo esperable, confianza 8%","MLA861014506, MLA864705575","MLAU293776265, MLAU209411116",https://vendedores.mercadolibre.com.ar/publicar/kit?pre_charged_ups=MLAU293776265
se compran juntos,2,2,3.6,0.08,Adhesivo Suprabond Transparente  + Masilla Suprabond Erpox Acero 10,"CR0160000000SBDTR50B, CR0160000MPXEXA10100",16679.0,-5.0,cargo fijo,False,0.0,0.15,Suprabond,0.0,la economía del kit,gold_pro,16679.0,"2 compras juntas, 3.6× más de lo esperable, confianza 8%","MLA1387618937, MLA860460310","MLAU298831110, MLAU208243095",https://vendedores.mercadolibre.com.ar/publicar/kit?pre_charged_ups=MLAU298831110
se compran juntos,2,3,2.8,0.17,Zócalo Autoadhesivo Suprabond Si + Burlete Autoadhesivo Suprabond D,"CR0160000000000ZNOSM, CR01600000000SLTE5BI",22234.0,-5.0,cargo fijo,False,0.0,0.15,Suprabond,0.0,la economía del kit,gold_special,22234.0,"3 compras juntas, 2.8× más de lo esperable, confianza 17%","MLA857856272, MLA863200953","MLAU209373308, MLAU237320801",https://vendedores.mercadolibre.com.ar/publicar/kit?pre_charged_ups=MLAU209373308
se compran juntos,2,2,3.0,0.08,Burlete Autoadhesivo Suprabond P + Burlete Autoadhesivos De Goma Pe,"CR0160000000000SLTVI, CR01600000000SLTD5MI",22007.84,-5.0,cargo fijo,False,0.0,0.15,Suprabond,0.0,la economía del kit,gold_special,22007.84,"2 compras juntas, 3.0× más de lo esperable, confianza 8%","MLA1864096025, MLA861014506","MLAU4170871399, MLAU293776265",https://vendedores.mercadolibre.com.ar/publicar/kit?pre_charged_ups=MLAU4170871399
se compran juntos,2,2,2.8,0.08,Topetina Suprabond De Fieltro Ma + Adhesivo Suprabond Transparente ,"CR01600000000TPRF30M, CR0160000000SBDTR50B",18379.31,-5.0,cargo fijo,False,0.0,0.15,Suprabond,0.0,la economía del kit,gold_special,18379.31,"2 compras juntas, 2.8× más de lo esperable, confianza 8%","MLA864705575, MLA1387618937","MLAU209411116, MLAU298831110",https://vendedores.mercadolibre.com.ar/publicar/kit?pre_charged_ups=MLAU209411116
se compran juntos,2,3,2.2,0.13,Burlete Autoadhesivo Suprabond D + Sellador Silicona Suprabond Neut,"CR01600000000SLTE5BI, CR01600000GFXNS5280T",22043.0,-5.0,cargo fijo,False,0.0,0.15,Suprabond,0.0,la economía del kit,gold_pro,22043.0,"3 compras juntas, 2.2× más de lo esperable, confianza 13%","MLA863200953, MLA2074597444","MLAU237320801, MLAU3161712213",https://vendedores.mercadolibre.com.ar/publicar/kit?pre_charged_ups=MLAU237320801
se compran juntos,2,2,2.6,0.07,Burlete Suprabond Goma Espuma No + Burlete Autoadhesivo Suprabond P,"CR01600000000000SLTN, CR01600000000SLTD5BI",18369.49,-5.0,cargo fijo,False,0.0,0.15,Suprabond,0.0,la economía del kit,gold_special,18369.49,"2 compras juntas, 2.6× más de lo esperable, confianza 7%","MLA931075172, MLA1864096019","MLAU209441954, MLAU4170873065",https://vendedores.mercadolibre.com.ar/publicar/kit?pre_charged_ups=MLAU209441954
se compran juntos,2,2,2.4,0.14,Burlete Autoadhesivo Suprabond D + Burlete Autoadhesivo Suprabond D,"CR01600000000SLTE5BI, CR01600000000SLTE5MI",21406.0,-5.0,cargo fijo,False,0.0,0.15,Suprabond,0.0,la economía del kit,gold_pro,21406.0,"2 compras juntas, 2.4× más de lo esperable, confianza 14%","MLA863200953, MLA903945655","MLAU237320801, MLAU305012148",https://vendedores.mercadolibre.com.ar/publicar/kit?pre_charged_ups=MLAU237320801
se compran juntos,2,2,2.2,0.08,Topetina Suprabond De Fieltro Ma + Adhesivo Suprabond Transparente ,"CR01600000000TPCF20M, CR0160000000SBDTR50B",17795.43,-5.0,cargo fijo,False,0.0,0.15,Suprabond,0.0,la economía del kit,gold_special,17795.43,"2 compras juntas, 2.2× más de lo esperable, confianza 8%","MLA859036213, MLA1387618937","MLAU208237143, MLAU298831110",https://vendedores.mercadolibre.com.ar/publicar/kit?pre_charged_ups=MLAU208237143
se compran juntos,2,2,110.2,1.0,Percha Autoadhesiva Suprabond Pa + 20 Clavos Suprabond Para Colgar ,"CR016000000000AFXSRA, CR0160000000AFXPC120",24454.32,-505.0,cargo fijo,False,0.0,0.15,Suprabond,0.0,la economía del kit,gold_special,24454.32,"2 compras juntas, 110.2× más de lo esperable, confianza 100%","MLA904930384, MLA1445017864","MLAU305268536, MLAU257913473",https://vendedores.mercadolibre.com.ar/publicar/kit?pre_charged_ups=MLAU305268536
se compran juntos,2,2,94.5,0.5,Llave Criquet Articulada Bulit S + Llave Criquet Articulada Bulit S,"CR0160000000LLV8VAC8, CR016000000LLV8VAC12",27523.0,-505.0,cargo fijo,False,0.0,0.15,Bulit,0.0,la economía del kit,gold_special,27523.0,"2 compras juntas, 94.5× más de lo esperable, confianza 50%","MLA866189564, MLA866189265","MLAU296040806, MLAU295801728",https://vendedores.mercadolibre.com.ar/publicar/kit?pre_charged_ups=MLAU296040806
se compran juntos,2,2,82.7,0.5,Llave Criquet Articulada Bulit S + Llave Criquet Articulada Bulit S,"CR016000000LLV8VAC10, CR016000000LLV8VAC12",31310.0,-505.0,cargo fijo,False,0.0,0.15,Bulit,0.0,la economía del kit,gold_special,31310.0,"2 compras juntas, 82.7× más de lo esperable, confianza 50%","MLA866189367, MLA866189265","MLAU294458971, MLAU295801728",https://vendedores.mercadolibre.com.ar/publicar/kit?pre_charged_ups=MLAU294458971
se compran juntos,2,2,47.2,0.29,Llave Criquet Articulada Bulit S + Llave Criquet Articulada Bulit S,"CR0160000000LLV8VAC8, CR016000000LLV8VAC10",28189.0,-505.0,cargo fijo,False,0.0,0.15,Bulit,0.0,la economía del kit,gold_special,28189.0,"2 compras juntas, 47.2× más de lo esperable, confianza 29%","MLA866189564, MLA866189367","MLAU296040806, MLAU294458971",https://vendedores.mercadolibre.com.ar/publicar/kit?pre_charged_ups=MLAU296040806
se compran juntos,2,10,17.5,0.48,Sellador Acrílico Suprabond Made + Sellador Acrílico Suprabond Made,"CR0160000000GMXM280N, CR0160000000GMXM280P",31466.0,-505.0,cargo fijo,False,0.0,0.15,Suprabond,0.0,la economía del kit,gold_special,31466.0,"10 compras juntas, 17.5× más de lo esperable, confianza 48%","MLA830680804, MLA830682732","MLAU208258443, MLAU208270053",https://vendedores.mercadolibre.com.ar/publicar/kit?pre_charged_ups=MLAU208258443
se compran juntos,2,2,32.7,0.22,Candado De Hierro Dorado Bulit N + Candado De Hierro Dorado Bulit N,"CR01600000000CDBH50D, CR0160000000CDBH40DL",28392.37,-505.0,cargo fijo,False,0.0,0.15,Bulit,0.0,la economía del kit,gold_special,28392.37,"2 compras juntas, 32.7× más de lo esperable, confianza 22%","MLA822565107, MLA822568139","MLAU208241861, MLAU208210887",https://vendedores.mercadolibre.com.ar/publicar/kit?pre_charged_ups=MLAU208241861
se compran juntos,2,2,32.7,0.22,Candado Bulit Bronce Macizo Stan + Candado De Hierro Dorado Bulit N,"CR01600000000CDBBS40, CR01600000000CDBH50D",26419.88,-505.0,cargo fijo,False,0.0,0.15,Bulit,0.0,la economía del kit,gold_special,26419.88,"2 compras juntas, 32.7× más de lo esperable, confianza 22%","MLA828385142, MLA822565107","MLAU209394022, MLAU208241861",https://vendedores.mercadolibre.com.ar/publicar/kit?pre_charged_ups=MLAU209394022
se compran juntos,2,3,23.6,0.25,Burlete Autoadhesivo Suprabond D + Burlete Autoadhesivo Suprabond D,"CR01600000000SLTE5MI, CR01600000000SLTP5MI",24142.0,-505.0,cargo fijo,False,0.0,0.15,Suprabond,0.0,la economía del kit,gold_pro,24142.0,"3 compras juntas, 23.6× más de lo esperable, confianza 25%","MLA903945655, MLA1139034790","MLAU305012148, MLAU209270308",https://vendedores.mercadolibre.com.ar/publicar/kit?pre_charged_ups=MLAU305012148
se compran juntos,2,8,12.3,0.33,Sellador Acrílico Suprabond Made + Sellador Acrílico Pintable Supra,"CR0160000000GMXM280N, CR01600000GMXACR280B",28915.0,-505.0,cargo fijo,False,0.0,0.15,Suprabond,0.0,la economía del kit,gold_special,28915.0,"8 compras juntas, 12.3× más de lo esperable, confianza 33%","MLA830680804, MLA826407146","MLAU208258443, MLAU232332180",https://vendedores.mercadolibre.com.ar/publicar/kit?pre_charged_ups=MLAU208258443
se compran juntos,2,2,18.5,0.18,Cinta Suprabond Autoadhesiva Dob + Adhesivo Suprabond Transparente ,"CR016000000000AFXWR2, CR0160000SBDTRPR100E",25975.08,-505.0,cargo fijo,False,0.0,0.15,Suprabond,0.0,la economía del kit,gold_special,25975.08,"2 compras juntas, 18.5× más de lo esperable, confianza 18%","MLA860849627, MLA2897755056","MLAU293505437, MLAU3801417385",https://vendedores.mercadolibre.com.ar/publicar/kit?pre_charged_ups=MLAU293505437
se compran juntos,2,6,10.0,0.27,Sellador Acrílico Suprabond Made + Sellador Suprabond Reparador De ,"CR0160000000GMXM280N, CR01600000GMXCTO280G",30272.0,-505.0,cargo fijo,False,0.0,0.15,Suprabond,0.0,la economía del kit,gold_special,30272.0,"6 compras juntas, 10.0× más de lo esperable, confianza 27%","MLA830680804, MLA842564403","MLAU208258443, MLAU289731511",https://vendedores.mercadolibre.com.ar/publicar/kit?pre_charged_ups=MLAU208258443
se compran juntos,2,2,16.0,0.18,Adhesivo Suprabond Montajes En P + Adhesivo Suprabond Transparente ,"CR016000000000MTJ150, CR0160000SBDTRPR100E",24595.97,-505.0,cargo fijo,False,0.0,0.15,Suprabond,0.0,la economía del kit,gold_special,24595.97,"2 compras juntas, 16.0× más de lo esperable, confianza 18%","MLA828370410, MLA2897755056","MLAU272183239, MLAU3801417385",https://vendedores.mercadolibre.com.ar/publicar/kit?pre_charged_ups=MLAU272183239
se compran juntos,2,3,8.9,0.25,Burlete Autoadhesivos De Goma Pe + Burlete Autoadhesivo Suprabond D,"CR01600000000SLTD5MI, CR01600000000SLTP5MI",24653.0,-505.0,cargo fijo,False,0.0,0.15,Suprabond,0.0,la economía del kit,gold_pro,24653.0,"3 compras juntas, 8.9× más de lo esperable, confianza 25%","MLA861014506, MLA1139034790","MLAU293776265, MLAU209270308",https://vendedores.mercadolibre.com.ar/publicar/kit?pre_charged_ups=MLAU293776265
se compran juntos,2,2,10.5,0.14,Zócalo Autoadhesivo Suprabond Bl + Zócalo Autoadhesivo Suprabond Si,"CR0160000000000ZNOBI, CR0160000000000ZNOSM",24398.0,-505.0,cargo fijo,False,0.0,0.15,Suprabond,0.0,la economía del kit,gold_special,24398.0,"2 compras juntas, 10.5× más de lo esperable, confianza 14%","MLA1535106307, MLA857856272","MLAU3421346483, MLAU209373308",https://vendedores.mercadolibre.com.ar/publicar/kit?pre_charged_ups=MLAU3421346483
se compran juntos,2,3,7.9,0.14,Sellador Acrílico Suprabond Made + Sellador Acrílico Pintable Supra,"CR0160000000GMXM280P, CR01600000GMXACR280B",28915.0,-505.0,cargo fijo,False,0.0,0.15,Suprabond,0.0,la economía del kit,gold_special,28915.0,"3 compras juntas, 7.9× más de lo esperable, confianza 14%","MLA830682732, MLA826407146","MLAU208270053, MLAU232332180",https://vendedores.mercadolibre.com.ar/publicar/kit?pre_charged_ups=MLAU208270053
se compran juntos,2,2,5.3,0.11,Zócalo Autoadhesivo Suprabond Si + Burlete Autoadhesivo Suprabond P,"CR0160000000000ZNOSM, CR01600000000SLTD5BI",24396.49,-505.0,cargo fijo,False,0.0,0.15,Suprabond,0.0,la economía del kit,gold_special,24396.49,"2 compras juntas, 5.3× más de lo esperable, confianza 11%","MLA857856272, MLA1864096019","MLAU209373308, MLAU4170873065",https://vendedores.mercadolibre.com.ar/publicar/kit?pre_charged_ups=MLAU209373308
se compran juntos,2,2,5.0,0.09,Sellador Acrílico Pintable Supra + Sellador Suprabond Reparador De ,"CR01600000GMXACR280B, CR01600000GMXCTO280G",27721.0,-505.0,cargo fijo,False,0.0,0.15,Suprabond,0.0,la economía del kit,gold_special,27721.0,"2 compras juntas, 5.0× más de lo esperable, confianza 9%","MLA826407146, MLA842564403","MLAU232332180, MLAU289731511",https://vendedores.mercadolibre.com.ar/publicar/kit?pre_charged_ups=MLAU232332180
se compran juntos,2,4,264.6,1.0,Alicate Aislado Bulit Profesiona + Pinza Bulit De Punta Semiredonda,"CR016000000PZAP10AL7, CR016000000PZAP10PS6",62384.46,-1631.0,cargo fijo,True,0.0,0.15,Bulit,0.0,la economía del kit,gold_special,62384.46,"4 compras juntas, 264.6× más de lo esperable, confianza 100%","MLA3037708514, MLA2624508686","MLAU3843934688, MLAU3645205975",https://vendedores.mercadolibre.com.ar/publicar/kit?pre_charged_ups=MLAU3843934688
se compran juntos,2,3,147.0,1.0,Candado Crafters De Máxima Segur + Candado Bulit Reforzado Acero Ni,"CR00800000CAN72, CR01600000000CDBAS50",54282.66,-1631.0,cargo fijo,True,0.0,0.15,"Bulit, Crafters",0.0,la economía del kit,gold_special,54282.66,"3 compras juntas, 147.0× más de lo esperable, confianza 100%","MLA1315723041, MLA822754563","MLAU209301112, MLAU285381501",https://vendedores.mercadolibre.com.ar/publicar/kit?pre_charged_ups=MLAU209301112
se compran juntos,2,3,113.4,0.6,Pinza Bulit Universal Aislada 10 + Pinza Bulit De Punta Semiredonda,"CR0160000000PZAP8PU8, CR016000000PZAP10PS6",59369.46,-1631.0,cargo fijo,True,0.0,0.15,Bulit,0.0,la economía del kit,gold_special,59369.46,"3 compras juntas, 113.4× más de lo esperable, confianza 60%","MLA932410161, MLA2624508686","MLAU268238176, MLAU3645205975",https://vendedores.mercadolibre.com.ar/publicar/kit?pre_charged_ups=MLAU268238176
se compran juntos,2,2,110.2,0.5,Sellador Multiuso Perbond En Car + Sellador Multiuso Perbond En Car,"CR016000000000PBD400, CR01600000000PBD400B",55592.67,-1631.0,cargo fijo,True,0.0,0.15,Suprabond,0.0,la economía del kit,gold_special,55592.67,"2 compras juntas, 110.2× más de lo esperable, confianza 50%","MLA841945693, MLA814188350","MLAU208223045, MLAU208600679",https://vendedores.mercadolibre.com.ar/publicar/kit?pre_charged_ups=MLAU208223045
se compran juntos,2,2,94.5,0.5,Pinza Bulit Universal Aislada 10 + Alicate Aislado Bulit Profesiona,"CR0160000000PZAP8PU8, CR016000000PZAP10AL7",62983.0,-1631.0,cargo fijo,True,0.0,0.15,Bulit,0.0,la economía del kit,gold_special,62983.0,"2 compras juntas, 94.5× más de lo esperable, confianza 50%","MLA932410161, MLA3037708514","MLAU268238176, MLAU3843934688",https://vendedores.mercadolibre.com.ar/publicar/kit?pre_charged_ups=MLAU268238176
se compran juntos,2,9,44.1,0.6,Llave Criquet Articulada Bulit S + Llave Criquet Articulada Bulit S,"CR016000000LLV8VAC17, CR016000000LLV8VAC19",55131.28,-1631.0,cargo fijo,True,0.0,0.15,Bulit,0.0,la economía del kit,gold_special,55131.28,"9 compras juntas, 44.1× más de lo esperable, confianza 60%","MLA866187994, MLA866188938","MLAU208245191, MLAU294825217",https://vendedores.mercadolibre.com.ar/publicar/kit?pre_charged_ups=MLAU208245191
se compran juntos,2,3,66.1,0.5,Sellador Multiuso Perbond En Car + Sellador Suprabond Perbond Premi,"CR01600000000PBD400B, CR01600000000PBDP310",57438.02,-1631.0,cargo fijo,True,0.0,0.15,Suprabond,0.0,la economía del kit,gold_special,57438.02,"3 compras juntas, 66.1× más de lo esperable, confianza 50%","MLA814188350, MLA861877044","MLAU208600679, MLAU240057356",https://vendedores.mercadolibre.com.ar/publicar/kit?pre_charged_ups=MLAU208600679
se compran juntos,2,2,82.7,0.5,Candado De Aleación Bulit 10.000 + Candado De Aleación Bulit 10.000,"CR016000000CDBC565CA, CR016000000CDBC565CR",53849.27,-1631.0,cargo fijo,True,0.0,0.15,Bulit,0.0,la economía del kit,gold_special,53849.27,"2 compras juntas, 82.7× más de lo esperable, confianza 50%","MLA813051529, MLA813052944","MLAU265525455, MLAU208210829",https://vendedores.mercadolibre.com.ar/publicar/kit?pre_charged_ups=MLAU265525455
se compran juntos,2,2,54.0,0.29,Pistola Encoladora Suprabond Hot + Barras Suprabond Gruesas Ultratr,"CR016000000000CPX300, CR01600000CHMG30UT17",61894.0,-1631.0,cargo fijo,True,0.0,0.15,Suprabond,0.0,la economía del kit,gold_pro,61894.0,"2 compras juntas, 54.0× más de lo esperable, confianza 29%","MLA1139190965, MLA842890739","MLAU218128324, MLAU291003858",https://vendedores.mercadolibre.com.ar/publicar/kit?pre_charged_ups=MLAU218128324
se compran juntos,2,11,22.1,0.73,Pistola Encoladora Suprabond Sil + Barras Suprabond Finas Ultratran,"CR0160000000CPHX200R, CR01600000CHMF30UT41",56814.0,-1631.0,cargo fijo,True,0.0,0.15,Suprabond,0.0,la economía del kit,gold_pro,56814.0,"11 compras juntas, 22.1× más de lo esperable, confianza 73%","MLA1918162600, MLA1518210614","MLAU1536951475, MLAU209426944",https://vendedores.mercadolibre.com.ar/publicar/kit?pre_charged_ups=MLAU1536951475
se compran juntos,2,2,47.2,0.5,Candado Bulit Doble Traba Resist + Candado Bulit Doble Traba Resist,"CR01600000000CDBWR50, CR0160000000CDBWR50L",59234.74,-1631.0,cargo fijo,True,0.0,0.15,Bulit,0.0,la economía del kit,gold_special,59234.74,"2 compras juntas, 47.2× más de lo esperable, confianza 50%","MLA932731275, MLA932732606","MLAU311784419, MLAU313731560",https://vendedores.mercadolibre.com.ar/publicar/kit?pre_charged_ups=MLAU311784419
se compran juntos,2,2,46.4,0.67,Cadena Bulit Máxima Seguridad De + Candado Bulit Doble Traba Resist,"CR016000000000CAD385, CR0160000000CDBWR40L",55957.49,-1631.0,cargo fijo,True,0.0,0.15,Bulit,0.0,la economía del kit,gold_special,55957.49,"2 compras juntas, 46.4× más de lo esperable, confianza 67%","MLA866641571, MLA932732117","MLAU294779237, MLAU295795513",https://vendedores.mercadolibre.com.ar/publicar/kit?pre_charged_ups=MLAU294779237
se compran juntos,2,2,32.7,0.22,Candado Bulit Reforzado Acero Ni + Candados Hermanados Bulit - Dobl,"CR01600000000CDBAS50, CR016000000CDBAR40X2",58132.43,-1631.0,cargo fijo,True,0.0,0.15,Bulit,0.0,la economía del kit,gold_special,58132.43,"2 compras juntas, 32.7× más de lo esperable, confianza 22%","MLA822754563, MLA916068139","MLAU285381501, MLAU209311794",https://vendedores.mercadolibre.com.ar/publicar/kit?pre_charged_ups=MLAU285381501
se compran juntos,2,5,19.5,0.29,Mosquitero Ventana Suprabond Aut + Mosquitero Ventana Suprabond Aut,"CR016000000AFXMV2X2N, CR0160000AFXMV13X16N",60197.0,-1631.0,cargo fijo,True,0.0,0.15,Suprabond,0.0,la economía del kit,gold_special,60197.0,"5 compras juntas, 19.5× más de lo esperable, confianza 29%","MLA2058567622, MLA2058875680","MLAU3133539519, MLAU3138997632",https://vendedores.mercadolibre.com.ar/publicar/kit?pre_charged_ups=MLAU3133539519
se compran juntos,2,3,14.9,0.21,Candado Bulit Doble Traba Resist + Candado Bulit Doble Traba Resist,"CR01600000000CDBWR50, CR0160000000CDBWR40L",56728.23,-1631.0,cargo fijo,True,0.0,0.15,Bulit,0.0,la economía del kit,gold_special,56728.23,"3 compras juntas, 14.9× más de lo esperable, confianza 21%","MLA932731275, MLA932732117","MLAU311784419, MLAU295795513",https://vendedores.mercadolibre.com.ar/publicar/kit?pre_charged_ups=MLAU311784419
se compran juntos,2,4,12.0,0.4,Pistola Encoladora Suprabond Sil + Barras Suprabond Finas Máxima Ad,"CR0160000000CPHX200R, CR01600000CHMF30UN41",56814.0,-1631.0,cargo fijo,True,0.0,0.15,Suprabond,0.0,la economía del kit,gold_pro,56814.0,"4 compras juntas, 12.0× más de lo esperable, confianza 40%","MLA1918162600, MLA1139034797","MLAU1536951475, MLAU290027160",https://vendedores.mercadolibre.com.ar/publicar/kit?pre_charged_ups=MLAU1536951475
se compran juntos,2,2,12.2,0.29,Pistola Encoladora Suprabond Hot + Barras Suprabond Gruesas Univers,"CR016000000000CPX300, CR01600000CHMG30UN17",61894.0,-1631.0,cargo fijo,True,0.0,0.15,Suprabond,0.0,la economía del kit,gold_pro,61894.0,"2 compras juntas, 12.2× más de lo esperable, confianza 29%","MLA1139190965, MLA848001898","MLAU218128324, MLAU209363244",https://vendedores.mercadolibre.com.ar/publicar/kit?pre_charged_ups=MLAU218128324
se compran juntos,2,2,8.5,0.2,Barras Suprabond Finas Máxima Ad + Barras Suprabond Gruesas Univers,"CR01600000CHMF30UN41, CR01600000CHMG30UN17",58254.0,-1631.0,cargo fijo,True,0.0,0.15,Suprabond,0.0,la economía del kit,gold_pro,58254.0,"2 compras juntas, 8.5× más de lo esperable, confianza 20%","MLA1139034797, MLA848001898","MLAU290027160, MLAU209363244",https://vendedores.mercadolibre.com.ar/publicar/kit?pre_charged_ups=MLAU290027160
se compran juntos,2,5,4.8,0.16,Pistola Encoladora Suprabond Sil + Barras Suprabond Gruesas Univers,"CR0160000000CPHX200R, CR01600000CHMG30UN17",56814.0,-1631.0,cargo fijo,True,0.0,0.15,Suprabond,0.0,la economía del kit,gold_pro,56814.0,"5 compras juntas, 4.8× más de lo esperable, confianza 16%","MLA1918162600, MLA848001898","MLAU1536951475, MLAU209363244",https://vendedores.mercadolibre.com.ar/publicar/kit?pre_charged_ups=MLAU1536951475
se compran juntos,2,2,5.7,0.13,Barras Suprabond Finas Ultratran + Barras Suprabond Gruesas Univers,"CR01600000CHMF30UT41, CR01600000CHMG30UN17",58254.0,-1631.0,cargo fijo,True,0.0,0.15,Suprabond,0.0,la economía del kit,gold_pro,58254.0,"2 compras juntas, 5.7× más de lo esperable, confianza 13%","MLA1518210614, MLA848001898","MLAU209426944, MLAU209363244",https://vendedores.mercadolibre.com.ar/publicar/kit?pre_charged_ups=MLAU209426944
se compran juntos,2,4,3.2,0.11,Pistola Encoladora Suprabond Sil + Pistola Encoladora Silicona Supr,"CR0160000000CPHX200R, CR01600000CHMF10UT25 + CR01600000000CPHX100",60487.0,-1631.0,cargo fijo,True,0.0,0.15,Suprabond,0.0,la economía del kit,gold_pro,60487.0,"4 compras juntas, 3.2× más de lo esperable, confianza 11%","MLA1918162600, MLA3366502794","MLAU1536951475, MLAU209268740",https://vendedores.mercadolibre.com.ar/publicar/kit?pre_charged_ups=MLAU1536951475
se compran juntos,2,3,198.4,0.75,Candado Bulit Reforzado Acero Ni + Candado Acero Niquelado N° 50 Ar,"CR0160000000CDBAR30L, CR0160000000CDBAR50L",43100.56,-2131.0,cargo fijo,True,0.0,0.15,Bulit,0.0,la economía del kit,gold_special,43100.56,"3 compras juntas, 198.4× más de lo esperable, confianza 75%","MLA909669357, MLA812619468","MLAU209438002, MLAU283364283",https://vendedores.mercadolibre.com.ar/publicar/kit?pre_charged_ups=MLAU209438002
se compran juntos,2,7,36.3,0.47,Llave Criquet Articulada Bulit S + Llave Criquet Articulada Bulit S,"CR016000000LLV8VAC16, CR016000000LLV8VAC19",50886.0,-2131.0,cargo fijo,True,0.0,0.15,Bulit,0.0,la economía del kit,gold_special,50886.0,"7 compras juntas, 36.3× más de lo esperable, confianza 47%","MLA866188077, MLA866188938","MLAU208198725, MLAU294825217",https://vendedores.mercadolibre.com.ar/publicar/kit?pre_charged_ups=MLAU208198725
se compran juntos,2,5,36.8,0.42,Llave Criquet Articulada Bulit S + Llave Criquet Articulada Bulit S,"CR016000000LLV8VAC18, CR016000000LLV8VAC19",50429.0,-2131.0,cargo fijo,True,0.0,0.15,Bulit,0.0,la economía del kit,gold_special,50429.0,"5 compras juntas, 36.8× más de lo esperable, confianza 42%","MLA866187969, MLA866188938","MLAU296229008, MLAU294825217",https://vendedores.mercadolibre.com.ar/publicar/kit?pre_charged_ups=MLAU296229008
se compran juntos,2,7,30.3,0.41,Llave Criquet Articulada Bulit S + Llave Criquet Articulada Bulit S,"CR016000000LLV8VAC16, CR016000000LLV8VAC17",49893.28,-2131.0,cargo fijo,True,0.0,0.15,Bulit,0.0,la economía del kit,gold_special,49893.28,"7 compras juntas, 30.3× más de lo esperable, confianza 41%","MLA866188077, MLA866187994","MLAU208198725, MLAU208245191",https://vendedores.mercadolibre.com.ar/publicar/kit?pre_charged_ups=MLAU208198725
se compran juntos,2,5,30.6,0.42,Llave Criquet Articulada Bulit S + Llave Criquet Articulada Bulit S,"CR016000000LLV8VAC17, CR016000000LLV8VAC18",49436.28,-2131.0,cargo fijo,True,0.0,0.15,Bulit,0.0,la economía del kit,gold_special,49436.28,"5 compras juntas, 30.6× más de lo esperable, confianza 42%","MLA866187994, MLA866187969","MLAU208245191, MLAU296229008",https://vendedores.mercadolibre.com.ar/publicar/kit?pre_charged_ups=MLAU208245191
se compran juntos,2,2,40.7,0.4,Candado Bulit De Aleación Alumin + Candado De Aleación Aluminio 4 C,"CR016000000CDBC330AR, CR016000000CDBC440AR",46110.78,-2131.0,cargo fijo,True,0.0,0.15,Bulit,0.0,la economía del kit,gold_special,46110.78,"2 compras juntas, 40.7× más de lo esperable, confianza 40%","MLA839337332, MLA1459702346","MLAU208215085, MLAU243961034",https://vendedores.mercadolibre.com.ar/publicar/kit?pre_charged_ups=MLAU208215085
se compran juntos,2,2,37.8,0.4,Sellador Silicona Suprabond Neut + Sellador Suprabond Poliuretano C,"CR0160000000GFXC280T, CR0160000000GPUC310G",53979.51,-2131.0,cargo fijo,True,0.0,0.15,Suprabond,0.0,la economía del kit,gold_special,53979.51,"2 compras juntas, 37.8× más de lo esperable, confianza 40%","MLA1387670353, MLA817644970","MLAU208160457, MLAU237350798",https://vendedores.mercadolibre.com.ar/publicar/kit?pre_charged_ups=MLAU208160457
se compran juntos,2,2,36.8,0.33,Zócalo Burlete Suprabond Doble B + Zócalo Burlete Suprabond Doble B,"CR0160000000000ZNODB, CR0160000000ZNODM120",52522.2,-2131.0,cargo fijo,True,0.0,0.15,Suprabond,0.0,la economía del kit,gold_special,52522.2,"2 compras juntas, 36.8× más de lo esperable, confianza 33%","MLA1118361790, MLA1118342599","MLAU209266352, MLAU240705468",https://vendedores.mercadolibre.com.ar/publicar/kit?pre_charged_ups=MLAU209266352
se compran juntos,2,2,33.1,0.5,Mosquitero Suprabond Autoadhesiv + Mosquitero Ventana Suprabond Aut,"CR01600000AFXMV1X12N, CR0160000AFXMV13X16N",50739.71,-2131.0,cargo fijo,True,0.0,0.15,Suprabond,0.0,la economía del kit,gold_special,50739.71,"2 compras juntas, 33.1× más de lo esperable, confianza 50%","MLA2058567964, MLA2058875680","MLAU3139001074, MLAU3138997632",https://vendedores.mercadolibre.com.ar/publicar/kit?pre_charged_ups=MLAU3139001074
se compran juntos,2,2,22.0,0.33,Zócalo Doble Burlete Suprabond B + Zócalo Burlete Suprabond Doble B,"CR0160000000000ZNODN, CR0160000000ZNODM120",51353.14,-2131.0,cargo fijo,True,0.0,0.15,Suprabond,0.0,la economía del kit,gold_special,51353.14,"2 compras juntas, 22.0× más de lo esperable, confianza 33%","MLA3532432406, MLA1118342599","MLAU4188796408, MLAU240705468",https://vendedores.mercadolibre.com.ar/publicar/kit?pre_charged_ups=MLAU4188796408
se compran juntos,2,5,13.5,0.36,Nuevo Adhesivo Suprabond Erpox B + Sellador Suprabond Baños Cocinas,"CR016000000000000EXB, CR0160000000GFXB280T",46434.34,-2131.0,cargo fijo,True,0.0,0.15,Suprabond,0.0,la economía del kit,gold_special,46434.34,"5 compras juntas, 13.5× más de lo esperable, confianza 36%","MLA857064687, MLA827116200","MLAU277466514, MLAU209400002",https://vendedores.mercadolibre.com.ar/publicar/kit?pre_charged_ups=MLAU277466514
se compran juntos,2,3,17.0,0.23,Llave Criquet Articulada Bulit S + Llave Criquet Articulada Bulit S,"CR016000000LLV8VAC13, CR016000000LLV8VAC17",46115.28,-2131.0,cargo fijo,True,0.0,0.15,Bulit,0.0,la economía del kit,gold_special,46115.28,"3 compras juntas, 17.0× más de lo esperable, confianza 23%","MLA866189205, MLA866187994","MLAU296172586, MLAU208245191",https://vendedores.mercadolibre.com.ar/publicar/kit?pre_charged_ups=MLAU296172586
se compran juntos,2,2,20.4,0.2,Inflador De Mano Bulit Serie 200 + Linga De Seguridad Con Combinaci,"CR016000000INFS2230P, CR01600000CDBLINBCMB",46712.97,-2131.0,cargo fijo,True,0.0,0.15,Bulit,0.0,la economía del kit,gold_special,46712.97,"2 compras juntas, 20.4× más de lo esperable, confianza 20%","MLA862599277, MLA812438003","MLAU265320934, MLAU284906640",https://vendedores.mercadolibre.com.ar/publicar/kit?pre_charged_ups=MLAU265320934
se compran juntos,2,4,8.2,0.29,Nuevo Adhesivo Suprabond Erpox B + Adhesivo Epoxi Suprabond Erpox A,"CR016000000000000EXB, CR016000000000EXA105",45097.34,-2131.0,cargo fijo,True,0.0,0.15,Suprabond,0.0,la economía del kit,gold_special,45097.34,"4 compras juntas, 8.2× más de lo esperable, confianza 29%","MLA857064687, MLA859727205","MLAU277466514, MLAU209419070",https://vendedores.mercadolibre.com.ar/publicar/kit?pre_charged_ups=MLAU277466514
se compran juntos,2,2,9.5,0.14,Candado Bulit Doble Traba Resist + Candado Bulit Doble Traba Resist,"CR01600000000CDBWR40, CR01600000000CDBWR50",48147.36,-2131.0,cargo fijo,True,0.0,0.15,Bulit,0.0,la economía del kit,gold_special,48147.36,"2 compras juntas, 9.5× más de lo esperable, confianza 14%","MLA932731808, MLA932731275","MLAU313079966, MLAU311784419",https://vendedores.mercadolibre.com.ar/publicar/kit?pre_charged_ups=MLAU313079966
se compran juntos,2,2,8.0,0.2,Sellador Suprabond Perbond Premi + Adhesivo Cianoacrilato Suprabond,"CR01600000000PBDP310, CR0160000000CIAA4020",49562.43,-2131.0,cargo fijo,True,0.0,0.15,Suprabond,0.0,la economía del kit,gold_special,49562.43,"2 compras juntas, 8.0× más de lo esperable, confianza 20%","MLA861877044, MLA818709665","MLAU240057356, MLAU208212823",https://vendedores.mercadolibre.com.ar/publicar/kit?pre_charged_ups=MLAU240057356
se compran juntos,2,2,7.6,0.2,Sellador Suprabond Perbond Premi + Sellador Suprabond Baños Cocinas,"CR01600000000PBDP310, CR0160000000GFXB280T",46971.35,-2131.0,cargo fijo,True,0.0,0.15,Suprabond,0.0,la economía del kit,gold_special,46971.35,"2 compras juntas, 7.6× más de lo esperable, confianza 20%","MLA861877044, MLA827116200","MLAU240057356, MLAU209400002",https://vendedores.mercadolibre.com.ar/publicar/kit?pre_charged_ups=MLAU240057356
se compran juntos,2,2,4.8,0.17,Adhesivo Epoxi Suprabond Erpox A + Adhesivo Suprabond Transparente ,"CR016000000000EXA105, CR01600000000SBDTR12",43557.0,-2131.0,cargo fijo,True,0.0,0.15,Suprabond,0.0,la economía del kit,gold_special,43557.0,"2 compras juntas, 4.8× más de lo esperable, confianza 17%","MLA859727205, MLA901069874","MLAU209419070, MLAU258401622",https://vendedores.mercadolibre.com.ar/publicar/kit?pre_charged_ups=MLAU209419070
se compran juntos,2,2,3.4,0.12,Adhesivo Epoxi Suprabond Erpox A + Mosquitero Ventana Suprabond Aut,"CR016000000000EXA105, CR016000000AFXMV2X2N",49424.0,-2131.0,cargo fijo,True,0.0,0.15,Suprabond,0.0,la economía del kit,gold_special,49424.0,"2 compras juntas, 3.4× más de lo esperable, confianza 12%","MLA859727205, MLA2058567622","MLAU209419070, MLAU3133539519",https://vendedores.mercadolibre.com.ar/publicar/kit?pre_charged_ups=MLAU209419070
se compran juntos,2,10,64.9,0.83,Llave Criquet Articulada Bulit S + Llave Criquet Articulada Bulit S,"CR016000000LLV8VAC16, CR016000000LLV8VAC18",45191.0,-2631.0,cargo fijo,True,0.0,0.15,Bulit,0.0,la economía del kit,gold_special,45191.0,"10 compras juntas, 64.9× más de lo esperable, confianza 83%","MLA866188077, MLA866187969","MLAU208198725, MLAU296229008",https://vendedores.mercadolibre.com.ar/publicar/kit?pre_charged_ups=MLAU208198725
se compran juntos,2,2,77.8,1.0,Llave Criquet Articulada Bulit S + Llave Criquet Articulada Bulit S,"CR016000000LLV8VAC14, CR016000000LLV8VAC16",39752.0,-2631.0,cargo fijo,True,0.0,0.15,Bulit,0.0,la economía del kit,gold_special,39752.0,"2 compras juntas, 77.8× más de lo esperable, confianza 100%","MLA866189852, MLA866188077","MLAU295768132, MLAU208198725",https://vendedores.mercadolibre.com.ar/publicar/kit?pre_charged_ups=MLAU295768132
se compran juntos,2,3,46.7,0.6,Llave Criquet Articulada Bulit S + Llave Criquet Articulada Bulit S,"CR016000000LLV8VAC15, CR016000000LLV8VAC16",40742.0,-2631.0,cargo fijo,True,0.0,0.15,Bulit,0.0,la economía del kit,gold_special,40742.0,"3 compras juntas, 46.7× más de lo esperable, confianza 60%","MLA866189116, MLA866188077","MLAU294878515, MLAU208198725",https://vendedores.mercadolibre.com.ar/publicar/kit?pre_charged_ups=MLAU294878515
se compran juntos,2,2,44.1,0.4,Llave Criquet Articulada Bulit S + Llave Criquet Articulada Bulit S,"CR016000000LLV8VAC15, CR016000000LLV8VAC18",40285.0,-2631.0,cargo fijo,True,0.0,0.15,Bulit,0.0,la economía del kit,gold_special,40285.0,"2 compras juntas, 44.1× más de lo esperable, confianza 40%","MLA866189116, MLA866187969","MLAU294878515, MLAU296229008",https://vendedores.mercadolibre.com.ar/publicar/kit?pre_charged_ups=MLAU294878515
se compran juntos,2,2,37.8,0.4,2 Burletes Autoadhesivos De Goma + 2 Burletes Autoadhesivos De Goma,"CR01600000000SLTD5BI X 2 UNIDADES, CR01600000000SLTP5BI X 2 UNIDADES",44858.0,-2631.0,cargo fijo,True,0.0,0.15,Suprabond,0.0,la economía del kit,gold_special,44858.0,"2 compras juntas, 37.8× más de lo esperable, confianza 40%","MLA795281515, MLA854562955","MLAU209325628, MLAU293444360",https://vendedores.mercadolibre.com.ar/publicar/kit?pre_charged_ups=MLAU209325628
se compran juntos,2,2,35.3,0.4,Burlete Autoadhesivo De Goma Esp + 2 Burletes Autoadhesivos De Goma,"CR01600000000000SLTD X 3 UNIDADES, CR01600000000SLTP5BI X 2 UNIDADES",43292.0,-2631.0,cargo fijo,True,0.0,0.15,Suprabond,0.0,la economía del kit,gold_special,43292.0,"2 compras juntas, 35.3× más de lo esperable, confianza 40%","MLA795278593, MLA854562955","MLAU209376060, MLAU293444360",https://vendedores.mercadolibre.com.ar/publicar/kit?pre_charged_ups=MLAU209376060
se compran juntos,2,2,35.3,0.4,Cadena Bulit Aro Cementado Máxim + Candado Bulit Reforzado De Acero,"CR016000000000CAD145, CR01600000000CDBAR40",38349.33,-2631.0,cargo fijo,True,0.0,0.15,Bulit,0.0,la economía del kit,gold_special,38349.33,"2 compras juntas, 35.3× más de lo esperable, confianza 40%","MLA844330121, MLA872092847","MLAU289996003, MLAU209386470",https://vendedores.mercadolibre.com.ar/publicar/kit?pre_charged_ups=MLAU289996003
se compran juntos,2,14,12.2,0.42,Adhesivo Cianoacrilato Suprabond + Adhesivo Cianoacrilato Suprabond,"CR0160000000CIAA4020, CR016000000CIAA10020",39733.69,-2631.0,cargo fijo,True,0.0,0.15,Suprabond,0.0,la economía del kit,gold_special,39733.69,"14 compras juntas, 12.2× más de lo esperable, confianza 42%","MLA818709665, MLA868545704","MLAU208212823, MLAU241446762",https://vendedores.mercadolibre.com.ar/publicar/kit?pre_charged_ups=MLAU208212823
se compran juntos,2,4,17.6,0.27,Cadena Bulit Aro Cementado Máxim + Candado Bulit Doble Traba Resist,"CR016000000000CAD145, CR01600000000CDBWR40",39518.22,-2631.0,cargo fijo,True,0.0,0.15,Bulit,0.0,la economía del kit,gold_special,39518.22,"4 compras juntas, 17.6× más de lo esperable, confianza 27%","MLA844330121, MLA932731808","MLAU289996003, MLAU313079966",https://vendedores.mercadolibre.com.ar/publicar/kit?pre_charged_ups=MLAU289996003
se compran juntos,2,2,12.6,0.14,Burlete Autoadhesivo De Goma Esp + 2 Burletes Autoadhesivos De Goma,"CR01600000000000SLTD X 3 UNIDADES, CR01600000000SLTD5BI X 2 UNIDADES",43290.0,-2631.0,cargo fijo,True,0.0,0.15,Suprabond,0.0,la economía del kit,gold_special,43290.0,"2 compras juntas, 12.6× más de lo esperable, confianza 14%","MLA795278593, MLA795281515","MLAU209376060, MLAU209325628",https://vendedores.mercadolibre.com.ar/publicar/kit?pre_charged_ups=MLAU209376060
se compran juntos,2,2,12.0,0.15,Llave Criquet Articulada Bulit S + Llave Criquet Articulada Bulit S,"CR016000000LLV8VAC13, CR016000000LLV8VAC16",41870.0,-2631.0,cargo fijo,True,0.0,0.15,Bulit,0.0,la economía del kit,gold_special,41870.0,"2 compras juntas, 12.0× más de lo esperable, confianza 15%","MLA866189205, MLA866188077","MLAU296172586, MLAU208198725",https://vendedores.mercadolibre.com.ar/publicar/kit?pre_charged_ups=MLAU296172586
se compran juntos,2,2,8.9,0.22,Adhesivo Epoxi Suprabond Erpox A + Adhesivo Cianoacrilato Suprabond,"CR016000000000000EXA, CR0160000000CIAA4020",44289.52,-2631.0,cargo fijo,True,0.0,0.15,Suprabond,0.0,la economía del kit,gold_special,44289.52,"2 compras juntas, 8.9× más de lo esperable, confianza 22%","MLA844329908, MLA818709665","MLAU209398146, MLAU208212823",https://vendedores.mercadolibre.com.ar/publicar/kit?pre_charged_ups=MLAU209398146
se compran juntos,2,5,4.4,0.15,Adhesivo Epoxi Suprabond Erpox A + Adhesivo Cianoacrilato Suprabond,"CR016000000000EXA105, CR0160000000CIAA4020",36778.08,-2631.0,cargo fijo,True,0.0,0.15,Suprabond,0.0,la economía del kit,gold_special,36778.08,"5 compras juntas, 4.4× más de lo esperable, confianza 15%","MLA859727205, MLA818709665","MLAU209419070, MLAU208212823",https://vendedores.mercadolibre.com.ar/publicar/kit?pre_charged_ups=MLAU209419070
se compran juntos,2,2,6.7,0.17,Adhesivo Suprabond Montajes En C + Sellador Suprabond Baños Cocinas,"CR016000000000MTJ400, CR0160000000GFXB280B",41285.27,-2631.0,cargo fijo,True,0.0,0.15,Suprabond,0.0,la economía del kit,gold_special,41285.27,"2 compras juntas, 6.7× más de lo esperable, confianza 17%","MLA872758443, MLA850476191","MLAU1593181050, MLAU208246297",https://vendedores.mercadolibre.com.ar/publicar/kit?pre_charged_ups=MLAU1593181050
se compran juntos,2,2,6.4,0.22,Adhesivo Epoxi Suprabond Erpox A + Adhesivo Cianoacrilato Suprabond,"CR016000000000000EXA, CR016000000CIAA10020",43317.05,-2631.0,cargo fijo,True,0.0,0.15,Suprabond,0.0,la economía del kit,gold_special,43317.05,"2 compras juntas, 6.4× más de lo esperable, confianza 22%","MLA844329908, MLA868545704","MLAU209398146, MLAU241446762",https://vendedores.mercadolibre.com.ar/publicar/kit?pre_charged_ups=MLAU209398146
se compran juntos,2,2,6.3,0.17,Sellador Suprabond Baños Cocinas + Sellador De Silicona Suprabond U,"CR0160000000GFXB280T, CR0160000000GFXU280N",33914.0,-2631.0,cargo fijo,True,0.0,0.15,Suprabond,0.0,la economía del kit,gold_pro,33914.0,"2 compras juntas, 6.3× más de lo esperable, confianza 17%","MLA827116200, MLA1401669067","MLAU209400002, MLAU209435106",https://vendedores.mercadolibre.com.ar/publicar/kit?pre_charged_ups=MLAU209400002
se compran juntos,2,4,4.1,0.14,Adhesivo Cianoacrilato Suprabond + Adhesivo Suprabond Para Suela De,"CR016000000CIAA10020, CR016000000SBDTR100E",35950.61,-2631.0,cargo fijo,True,0.0,0.15,Suprabond,0.0,la economía del kit,gold_special,35950.61,"4 compras juntas, 4.1× más de lo esperable, confianza 14%","MLA868545704, MLA1146251151","MLAU241446762, MLAU1594526267",https://vendedores.mercadolibre.com.ar/publicar/kit?pre_charged_ups=MLAU241446762
se compran juntos,2,3,4.3,0.11,Adhesivo Cianoacrilato Suprabond + Adhesivo Suprabond Para Suela De,"CR0160000000CIAA4020, CR016000000SBDTR100E",36923.08,-2631.0,cargo fijo,True,0.0,0.15,Suprabond,0.0,la economía del kit,gold_special,36923.08,"3 compras juntas, 4.3× más de lo esperable, confianza 11%","MLA818709665, MLA1146251151","MLAU208212823, MLAU1594526267",https://vendedores.mercadolibre.com.ar/publicar/kit?pre_charged_ups=MLAU208212823
se compran juntos,2,2,2.4,0.06,Adhesivo Suprabond Montajes En C + Adhesivo Cianoacrilato Suprabond,"CR016000000000MTJ400, CR0160000000CIAA4020",43876.35,-2631.0,cargo fijo,True,0.0,0.15,Suprabond,0.0,la economía del kit,gold_special,43876.35,"2 compras juntas, 2.4× más de lo esperable, confianza 6%","MLA872758443, MLA818709665","MLAU1593181050, MLAU208212823",https://vendedores.mercadolibre.com.ar/publicar/kit?pre_charged_ups=MLAU1593181050
se compran juntos,2,2,2.3,0.06,Adhesivo Suprabond Montajes En C + Sellador Suprabond Baños Cocinas,"CR016000000000MTJ400, CR0160000000GFXB280T",41285.27,-2631.0,cargo fijo,True,0.0,0.15,Suprabond,0.0,la economía del kit,gold_special,41285.27,"2 compras juntas, 2.3× más de lo esperable, confianza 6%","MLA872758443, MLA827116200","MLAU1593181050, MLAU209400002",https://vendedores.mercadolibre.com.ar/publicar/kit?pre_charged_ups=MLAU1593181050
se compran juntos,2,2,441.0,1.0,Cinta Métrica Bulit Serie 550 3  + Cinta Métrica Bulit Serie 550 5 ,"CR016000000CTAMCA5C3, CR016000000CTAMCA5C5",42111.0,-3386.0,cargo fijo,True,0.0,0.15,Bulit,0.0,la economía del kit,gold_special,42111.0,"2 compras juntas, 441.0× más de lo esperable, confianza 100%","MLA1491135475, MLA1491060835","MLAU3140898712, MLAU3140927430",https://vendedores.mercadolibre.com.ar/publicar/kit?pre_charged_ups=MLAU3140898712
se compran juntos,2,2,147.0,0.67,Candado Reforzado Acero Niquelad + Candado Bulit Reforzado Acero Ni,"CR01600000000CDBAR30, CR01600000000CDBAR50",37762.15,-3386.0,cargo fijo,True,0.0,0.15,Bulit,0.0,la economía del kit,gold_special,37762.15,"2 compras juntas, 147.0× más de lo esperable, confianza 67%","MLA822733250, MLA874230585","MLAU208231847, MLAU209434926",https://vendedores.mercadolibre.com.ar/publicar/kit?pre_charged_ups=MLAU208231847
se compran juntos,2,2,132.3,0.5,Espátula Bulit Flexible S700 - A + Espátula Bulit Llana Lisa Serie ,"CR0160000000ESPFXAI6, CR01600000ESPLLAI280",38655.54,-3386.0,cargo fijo,True,0.0,0.15,Bulit,0.0,la economía del kit,gold_pro,38655.54,"2 compras juntas, 132.3× más de lo esperable, confianza 50%","MLA907610097, MLA845897839","MLAU281841253, MLAU257420489",https://vendedores.mercadolibre.com.ar/publicar/kit?pre_charged_ups=MLAU281841253
se compran juntos,2,3,55.1,0.75,Llave Criquet Articulada Bulit S + Llave Criquet Articulada Bulit S,"CR0160000000LLV8VAC9, CR016000000LLV8VAC17",40047.28,-3386.0,cargo fijo,True,0.0,0.15,Bulit,0.0,la economía del kit,gold_special,40047.28,"3 compras juntas, 55.1× más de lo esperable, confianza 75%","MLA866187891, MLA866187994","MLAU297756141, MLAU208245191",https://vendedores.mercadolibre.com.ar/publicar/kit?pre_charged_ups=MLAU297756141
se compran juntos,2,2,55.1,0.33,Candado Bulit Reforzado Acero Ni + Candado De Hierro Dorado Bulit N,"CR01600000000CDBAR50, CR01600000000CDBH40D",37417.94,-3386.0,cargo fijo,True,0.0,0.15,Bulit,0.0,la economía del kit,gold_special,37417.94,"2 compras juntas, 55.1× más de lo esperable, confianza 33%","MLA874230585, MLA822564530","MLAU209434926, MLAU209307882",https://vendedores.mercadolibre.com.ar/publicar/kit?pre_charged_ups=MLAU209434926
se compran juntos,2,3,31.5,0.43,Llave Criquet Articulada Bulit S + Llave Criquet Articulada Bulit S,"CR0160000000LLV8VAC8, CR016000000LLV8VAC17",39270.28,-3386.0,cargo fijo,True,0.0,0.15,Bulit,0.0,la economía del kit,gold_special,39270.28,"3 compras juntas, 31.5× más de lo esperable, confianza 43%","MLA866189564, MLA866187994","MLAU296040806, MLAU208245191",https://vendedores.mercadolibre.com.ar/publicar/kit?pre_charged_ups=MLAU296040806
se compran juntos,2,2,38.3,0.67,Sellador Silicona Suprabond Neut + 2 Selladores Acrílico Pintable S,"CR01600000GFXNS5280T, CR01600000GMXACR280B X 2 UNIDADES",37704.0,-3386.0,cargo fijo,True,0.0,0.15,Suprabond,0.0,la economía del kit,gold_special,37704.0,"2 compras juntas, 38.3× más de lo esperable, confianza 67%","MLA2074597444, MLA837648568","MLAU3161712213, MLAU288717903",https://vendedores.mercadolibre.com.ar/publicar/kit?pre_charged_ups=MLAU3161712213
se compran juntos,2,6,16.4,0.55,Pistola Encoladora Suprabond Sil + Barras Suprabond Finas Ultratran,"CR0160000000CPHX200R, CR01600000CHMF10UT25",34376.0,-3386.0,cargo fijo,True,0.0,0.15,Suprabond,0.0,la economía del kit,gold_pro,34376.0,"6 compras juntas, 16.4× más de lo esperable, confianza 55%","MLA1918162600, MLA901347064","MLAU1536951475, MLAU224535540",https://vendedores.mercadolibre.com.ar/publicar/kit?pre_charged_ups=MLAU1536951475
se compran juntos,2,6,12.0,0.4,Pistola Encoladora Suprabond Sil + Barras Suprabond Finas Ultratran,"CR0160000000CPHX200R, CR01600000CHMF30UT14",38223.0,-3386.0,cargo fijo,True,0.0,0.15,Suprabond,0.0,la economía del kit,gold_pro,38223.0,"6 compras juntas, 12.0× más de lo esperable, confianza 40%","MLA1918162600, MLA1139041360","MLAU1536951475, MLAU218133244",https://vendedores.mercadolibre.com.ar/publicar/kit?pre_charged_ups=MLAU1536951475
se compran juntos,2,2,18.4,0.33,Sellador Multiuso Perbond En Car + Sellador Acrílico Pintable Supra,"CR01600000000PBD400B, CR01600000GMXACR280B",41410.67,-3386.0,cargo fijo,True,0.0,0.15,Suprabond,0.0,la economía del kit,gold_special,41410.67,"2 compras juntas, 18.4× más de lo esperable, confianza 33%","MLA814188350, MLA826407146","MLAU208600679, MLAU232332180",https://vendedores.mercadolibre.com.ar/publicar/kit?pre_charged_ups=MLAU208600679
se compran juntos,2,3,9.0,0.18,Adhesivo Suprabond Transparente  + Mosquitero Ventana Suprabond Aut,"CR0160000000SBDTR50B, CR016000000AFXMV2X2N",41394.0,-3386.0,cargo fijo,True,0.0,0.15,Suprabond,0.0,la economía del kit,gold_special,41394.0,"3 compras juntas, 9.0× más de lo esperable, confianza 18%","MLA1387618937, MLA2058567622","MLAU298831110, MLAU3133539519",https://vendedores.mercadolibre.com.ar/publicar/kit?pre_charged_ups=MLAU298831110
se compran juntos,2,3,7.0,0.2,Pistola Encoladora Silicona Supr + Barras Suprabond Finas Ultratran,"CR01600000CHMF10UT25 + CR01600000000CPHX100, CR01600000CHMF30UT14",43336.0,-3386.0,cargo fijo,True,0.0,0.15,Suprabond,0.0,la economía del kit,gold_pro,43336.0,"3 compras juntas, 7.0× más de lo esperable, confianza 20%","MLA3366502794, MLA1139041360","MLAU209268740, MLAU218133244",https://vendedores.mercadolibre.com.ar/publicar/kit?pre_charged_ups=MLAU209268740
se compran juntos,2,3,6.9,0.23,Cinta Suprabond Autoadhesiva Dob + Pistola Encoladora Suprabond Sil,"CR016000000000AFXWR2, CR0160000000CPHX200R",38729.08,-3386.0,cargo fijo,True,0.0,0.15,Suprabond,0.0,la economía del kit,gold_special,38729.08,"3 compras juntas, 6.9× más de lo esperable, confianza 23%","MLA860849627, MLA1918162600","MLAU293505437, MLAU1536951475",https://vendedores.mercadolibre.com.ar/publicar/kit?pre_charged_ups=MLAU293505437
se compran juntos,2,2,8.5,0.17,Adhesivo Suprabond Transparente  + Adhesivo Suprabond Transparente ,"CR01600000000SBDTR12, CR0160000000SBDTR50B",35527.0,-3386.0,cargo fijo,True,0.0,0.15,Suprabond,0.0,la economía del kit,gold_pro,35527.0,"2 compras juntas, 8.5× más de lo esperable, confianza 17%","MLA901069874, MLA1387618937","MLAU258401622, MLAU298831110",https://vendedores.mercadolibre.com.ar/publicar/kit?pre_charged_ups=MLAU258401622
se compran juntos,2,3,5.6,0.33,Burlete Autoadhesivo Suprabond D + Zócalo Burlete Suprabond Doble B,"CR01600000000SLTE5BI, CR0160000000ZNODG120",39458.28,-3386.0,cargo fijo,True,0.0,0.15,Suprabond,0.0,la economía del kit,gold_special,39458.28,"3 compras juntas, 5.6× más de lo esperable, confianza 33%","MLA863200953, MLA1118361849","MLAU237320801, MLAU215063137",https://vendedores.mercadolibre.com.ar/publicar/kit?pre_charged_ups=MLAU237320801
se compran juntos,2,2,7.0,0.14,Nuevo Adhesivo Suprabond Erpox B + Nuevo Adhesivo Suprabond Erpox B,"CR016000000000000EXB, CR0160000000000EXB80",44061.34,-3386.0,cargo fijo,True,0.0,0.15,Suprabond,0.0,la economía del kit,gold_special,44061.34,"2 compras juntas, 7.0× más de lo esperable, confianza 14%","MLA857064687, MLA859732690","MLAU277466514, MLAU209400230",https://vendedores.mercadolibre.com.ar/publicar/kit?pre_charged_ups=MLAU277466514
se compran juntos,2,3,4.0,0.12,Adhesivo Suprabond Transparente  + Pistola Encoladora Silicona Supr,"CR0160000000SBDTR50B, CR01600000CHMF10UT25 + CR01600000000CPHX100",41195.0,-3386.0,cargo fijo,True,0.0,0.15,Suprabond,0.0,la economía del kit,gold_pro,41195.0,"3 compras juntas, 4.0× más de lo esperable, confianza 12%","MLA1387618937, MLA3366502794","MLAU298831110, MLAU209268740",https://vendedores.mercadolibre.com.ar/publicar/kit?pre_charged_ups=MLAU298831110
se compran juntos,2,2,4.5,0.22,Burlete Suprabond Goma Espuma Do + Zócalo Burlete Suprabond Doble B,"CR01600000000000SLTD, CR0160000000ZNODG120",35709.28,-3386.0,cargo fijo,True,0.0,0.15,Suprabond,0.0,la economía del kit,gold_special,35709.28,"2 compras juntas, 4.5× más de lo esperable, confianza 22%","MLA842568397, MLA1118361849","MLAU208228953, MLAU215063137",https://vendedores.mercadolibre.com.ar/publicar/kit?pre_charged_ups=MLAU208228953
se compran juntos,2,3,58.4,0.75,Llave Criquet Articulada Bulit S + Llave Criquet Articulada Bulit S,"CR0160000000LLV8VAC9, CR016000000LLV8VAC16",35802.0,-3886.0,cargo fijo,True,0.0,0.15,Bulit,0.0,la economía del kit,gold_special,35802.0,"3 compras juntas, 58.4× más de lo esperable, confianza 75%","MLA866187891, MLA866188077","MLAU297756141, MLAU208198725",https://vendedores.mercadolibre.com.ar/publicar/kit?pre_charged_ups=MLAU297756141
se compran juntos,2,2,25.4,0.25,Llave Criquet Articulada Bulit S + Llave Criquet Articulada Bulit S,"CR016000000LLV8VAC10, CR016000000LLV8VAC13",35034.0,-3886.0,cargo fijo,True,0.0,0.15,Bulit,0.0,la economía del kit,gold_special,35034.0,"2 compras juntas, 25.4× más de lo esperable, confianza 25%","MLA866189367, MLA866189205","MLAU294458971, MLAU296172586",https://vendedores.mercadolibre.com.ar/publicar/kit?pre_charged_ups=MLAU294458971
se compran juntos,2,2,22.0,0.2,2 Burletes Autoadhesivos De Goma + Burlete Autoadhesivo Suprabond D,"CR01600000000SLTE5MI X 2 UNIDADES, CR01600000000SLTP5MI",34845.0,-3886.0,cargo fijo,True,0.0,0.15,Suprabond,0.0,la economía del kit,gold_special,34845.0,"2 compras juntas, 22.0× más de lo esperable, confianza 20%","MLA847472567, MLA1139034790","MLAU209412074, MLAU209270308",https://vendedores.mercadolibre.com.ar/publicar/kit?pre_charged_ups=MLAU209412074
se compran juntos,2,6,10.0,0.25,Adhesivo Suprabond Montajes En C + Sellador Acrílico Pintable Supra,"CR016000000000MTJ400, CR01600000GMXACR280B",36705.27,-3886.0,cargo fijo,True,0.0,0.15,Suprabond,0.0,la economía del kit,gold_special,36705.27,"6 compras juntas, 10.0× más de lo esperable, confianza 25%","MLA872758443, MLA826407146","MLAU1593181050, MLAU232332180",https://vendedores.mercadolibre.com.ar/publicar/kit?pre_charged_ups=MLAU1593181050
se compran juntos,2,2,13.4,0.22,Adhesivo Epoxi Suprabond Erpox A + Sellador Suprabond Reparador De ,"CR016000000000000EXA, CR01600000GMXCTO280G",38475.44,-3886.0,cargo fijo,True,0.0,0.15,Suprabond,0.0,la economía del kit,gold_special,38475.44,"2 compras juntas, 13.4× más de lo esperable, confianza 22%","MLA844329908, MLA842564403","MLAU209398146, MLAU289731511",https://vendedores.mercadolibre.com.ar/publicar/kit?pre_charged_ups=MLAU209398146
se compran juntos,2,5,7.0,0.19,Nuevo Adhesivo Suprabond Erpox B + Sellador Suprabond Baños Cocinas,"CR0160000000000EXB80, CR0160000000GFXB280T",33151.0,-3886.0,cargo fijo,True,0.0,0.15,Suprabond,0.0,la economía del kit,gold_special,33151.0,"5 compras juntas, 7.0× más de lo esperable, confianza 19%","MLA859732690, MLA827116200","MLAU209400230, MLAU209400002",https://vendedores.mercadolibre.com.ar/publicar/kit?pre_charged_ups=MLAU209400230
se compran juntos,2,3,7.9,0.21,Sellador Silicona Suprabond Neut + Sellador Acrílico Suprabond Made,"CR0160000000GFXC280T, CR0160000000GMXM280N",36713.51,-3886.0,cargo fijo,True,0.0,0.15,Suprabond,0.0,la economía del kit,gold_special,36713.51,"3 compras juntas, 7.9× más de lo esperable, confianza 21%","MLA1387670353, MLA830680804","MLAU208160457, MLAU208258443",https://vendedores.mercadolibre.com.ar/publicar/kit?pre_charged_ups=MLAU208160457
se compran juntos,2,2,9.5,0.14,Zócalo Doble Burlete Suprabond B + Burlete Autoadhesivo Suprabond D,"CR0160000000000ZNODN, CR01600000000SLTE5MI",33521.0,-3886.0,cargo fijo,True,0.0,0.15,Suprabond,0.0,la economía del kit,gold_special,33521.0,"2 compras juntas, 9.5× más de lo esperable, confianza 14%","MLA3532432406, MLA903945655","MLAU4188796408, MLAU305012148",https://vendedores.mercadolibre.com.ar/publicar/kit?pre_charged_ups=MLAU4188796408
se compran juntos,2,2,8.6,0.14,Sellador Silicona Suprabond Neut + Sellador Suprabond Reparador De ,"CR0160000000GFXC280T, CR01600000GMXCTO280G",35519.51,-3886.0,cargo fijo,True,0.0,0.15,Suprabond,0.0,la economía del kit,gold_special,35519.51,"2 compras juntas, 8.6× más de lo esperable, confianza 14%","MLA1387670353, MLA842564403","MLAU208160457, MLAU289731511",https://vendedores.mercadolibre.com.ar/publicar/kit?pre_charged_ups=MLAU208160457
se compran juntos,2,2,7.9,0.17,Zócalo Burlete Suprabond Doble B + Burlete Autoadhesivo Suprabond P,"CR0160000000000ZNODB, CR01600000000SLTD5BI",36852.55,-3886.0,cargo fijo,True,0.0,0.15,Suprabond,0.0,la economía del kit,gold_special,36852.55,"2 compras juntas, 7.9× más de lo esperable, confianza 17%","MLA1118361790, MLA1864096019","MLAU209266352, MLAU4170873065",https://vendedores.mercadolibre.com.ar/publicar/kit?pre_charged_ups=MLAU209266352
se compran juntos,2,2,7.9,0.14,Burlete Autoadhesivo Suprabond P + 2 Burletes Autoadhesivos De Goma,"CR0160000000000SLTVI, CR01600000000SLTD5BI X 2 UNIDADES",33221.84,-3886.0,cargo fijo,True,0.0,0.15,Suprabond,0.0,la economía del kit,gold_special,33221.84,"2 compras juntas, 7.9× más de lo esperable, confianza 14%","MLA1864096025, MLA795281515","MLAU4170871399, MLAU209325628",https://vendedores.mercadolibre.com.ar/publicar/kit?pre_charged_ups=MLAU4170871399
se compran juntos,2,2,7.9,0.14,Sellador Silicona Suprabond Neut + Sellador Acrílico Pintable Supra,"CR0160000000GFXC280T, CR01600000GMXACR280B",34162.51,-3886.0,cargo fijo,True,0.0,0.15,Suprabond,0.0,la economía del kit,gold_special,34162.51,"2 compras juntas, 7.9× más de lo esperable, confianza 14%","MLA1387670353, MLA826407146","MLAU208160457, MLAU232332180",https://vendedores.mercadolibre.com.ar/publicar/kit?pre_charged_ups=MLAU208160457
se compran juntos,2,3,5.5,0.14,Adhesivo Suprabond Montajes En C + Sellador Suprabond Reparador De ,"CR016000000000MTJ400, CR01600000GMXCTO280G",38062.27,-3886.0,cargo fijo,True,0.0,0.15,Suprabond,0.0,la economía del kit,gold_special,38062.27,"3 compras juntas, 5.5× más de lo esperable, confianza 14%","MLA872758443, MLA842564403","MLAU1593181050, MLAU289731511",https://vendedores.mercadolibre.com.ar/publicar/kit?pre_charged_ups=MLAU1593181050
se compran juntos,2,2,6.7,0.4,Burlete Autoadhesivo Suprabond D + 2 Burletes Autoadhesivos De Goma,"CR01600000000SLTE5BI, CR01600000000SLTP5BI X 2 UNIDADES",33133.0,-3886.0,cargo fijo,True,0.0,0.15,Suprabond,0.0,la economía del kit,gold_special,33133.0,"2 compras juntas, 6.7× más de lo esperable, confianza 40%","MLA863200953, MLA854562955","MLAU237320801, MLAU293444360",https://vendedores.mercadolibre.com.ar/publicar/kit?pre_charged_ups=MLAU237320801
se compran juntos,2,2,5.5,0.1,Burlete Autoadhesivo Suprabond P + Zócalo Doble Burlete Suprabond B,"CR0160000000000SLTVI, CR0160000000000ZNODN",33611.84,-3886.0,cargo fijo,True,0.0,0.15,Suprabond,0.0,la economía del kit,gold_special,33611.84,"2 compras juntas, 5.5× más de lo esperable, confianza 10%","MLA1864096025, MLA3532432406","MLAU4170871399, MLAU4188796408",https://vendedores.mercadolibre.com.ar/publicar/kit?pre_charged_ups=MLAU4170871399
se compran juntos,2,4,3.3,0.2,Zócalo Doble Burlete Suprabond B + Burlete Autoadhesivo Suprabond D,"CR0160000000000ZNODN, CR01600000000SLTE5BI",33521.0,-3886.0,cargo fijo,True,0.0,0.15,Suprabond,0.0,la economía del kit,gold_special,33521.0,"4 compras juntas, 3.3× más de lo esperable, confianza 20%","MLA3532432406, MLA863200953","MLAU4188796408, MLAU237320801",https://vendedores.mercadolibre.com.ar/publicar/kit?pre_charged_ups=MLAU4188796408
se compran juntos,2,3,3.6,0.21,2 Burletes Autoadhesivos De Goma + Burlete Autoadhesivo Suprabond D,"CR01600000000SLTD5BI X 2 UNIDADES, CR01600000000SLTE5BI",33131.0,-3886.0,cargo fijo,True,0.0,0.15,Suprabond,0.0,la economía del kit,gold_special,33131.0,"3 compras juntas, 3.6× más de lo esperable, confianza 21%","MLA795281515, MLA863200953","MLAU209325628, MLAU237320801",https://vendedores.mercadolibre.com.ar/publicar/kit?pre_charged_ups=MLAU209325628
se compran juntos,2,3,3.3,0.09,Adhesivo Suprabond Montajes En C + Sellador Acrílico Suprabond Made,"CR016000000000MTJ400, CR0160000000GMXM280N",39256.27,-3886.0,cargo fijo,True,0.0,0.15,Suprabond,0.0,la economía del kit,gold_special,39256.27,"3 compras juntas, 3.3× más de lo esperable, confianza 9%","MLA872758443, MLA830680804","MLAU1593181050, MLAU208258443",https://vendedores.mercadolibre.com.ar/publicar/kit?pre_charged_ups=MLAU1593181050
