origen,unidades,sku,ahorro_de,ahorro_cargo_fijo,ahorro_envio,supuesto,producto,precio_unidad,precio_suelto,ahorro_ml,descuento_que_banca,tope_marca,marca,descuento,limita,tipo_publicacion,precio_kit_sugerido,motivo,vendidas,item,user_product,crear_kit
multipack,4,CR0160000000ELPEL6AL,envío,0.0,22923.0,"el ahorro de envío supone que, sin el pack, serían compras separadas",Pelacables Automático Bulit Lateral Serie 600,47500.0,190000.0,22923.0,0.1427,0.15,Bulit,0.1427,la economía del kit,gold_pro,162894.83,4 unidades en una venta ahorran $22.923 de envío ($30.564 → $7.641),3026,MLA799205105,MLAU282850436,https://vendedores.mercadolibre.com.ar/publicar/kit?pre_charged_ups=MLAU282850436
multipack,4,CR0070INF600PIE,envío,0.0,22923.0,"el ahorro de envío supone que, sin el pack, serían compras separadas",Inflador De Pie Crafters Con Manómetro Bicicleta + Multiuso ,40277.0,161108.0,22923.0,0.2069,0.25,Crafters,0.2069,la economía del kit,gold_special,127775.89,4 unidades en una venta ahorran $22.923 de envío ($30.564 → $7.641),2422,MLA1390260082,MLAU231460014,https://vendedores.mercadolibre.com.ar/publicar/kit?pre_charged_ups=MLAU231460014
multipack,4,CR016000000000CPX300 + CR01600000CHMG10UT10,envío,0.0,22923.0,"el ahorro de envío supone que, sin el pack, serían compras separadas",Pistola Encoladora Silicona Suprabond + 10 Barras + Garantía,39456.0,157824.0,22923.0,0.1763,0.15,Suprabond,0.15,la marca,gold_special,134150.4,4 unidades en una venta ahorran $22.923 de envío ($30.564 → $7.641),993,MLA1139583742,MLAU218296050,https://vendedores.mercadolibre.com.ar/publicar/kit?pre_charged_ups=MLAU218296050
multipack,4,CR0160000000CDBTD55F,envío,0.0,22923.0,"el ahorro de envío supone que, sin el pack, serían compras separadas",Traba Discos Bulit De 5.5mm Con Funda Amarillo,38414.0,153656.0,22923.0,0.179,0.15,Bulit,0.15,la marca,gold_special,130607.6,4 unidades en una venta ahorran $22.923 de envío ($30.564 → $7.641),985,MLA813096045,MLAU209857710,https://vendedores.mercadolibre.com.ar/publicar/kit?pre_charged_ups=MLAU209857710
multipack,4,CR01600000INFS2430MP,envío,0.0,22923.0,"el ahorro de envío supone que, sin el pack, serían compras separadas",Inflador Con Manómetro Bulit Serie 200 Para Auto Moto Bici P,67925.0,271700.0,22923.0,0.1019,0.15,Bulit,0.1019,la economía del kit,gold_pro,244006.84,4 unidades en una venta ahorran $22.923 de envío ($30.564 → $7.641),966,MLA1364259095,MLAU218140044,https://vendedores.mercadolibre.com.ar/publicar/kit?pre_charged_ups=MLAU218140044
multipack,4,CR01600000INFS6272MA,envío,0.0,22923.0,"el ahorro de envío supone que, sin el pack, serían compras separadas",Inflador Con Manómetro Bulit Serie 600 Chico Azul,43859.0,175436.0,22923.0,0.1464,0.15,Bulit,0.1464,la economía del kit,gold_special,149746.26,4 unidades en una venta ahorran $22.923 de envío ($30.564 → $7.641),884,MLA811926284,MLAU209397998,https://vendedores.mercadolibre.com.ar/publicar/kit?pre_charged_ups=MLAU209397998
multipack,4,CR01600000000CDBU180,envío,0.0,22923.0,"el ahorro de envío supone que, sin el pack, serían compras separadas",Traba U Máxima Seguridad Bulit Gris Oscuro,52541.0,210164.0,22923.0,0.1268,0.15,Bulit,0.1268,la economía del kit,gold_special,183509.35,4 unidades en una venta ahorran $22.923 de envío ($30.564 → $7.641),661,MLA812439849,MLAU208216957,https://vendedores.mercadolibre.com.ar/publicar/kit?pre_charged_ups=MLAU208216957
multipack,4,CR01600000INFS6540MA,envío,0.0,22923.0,"el ahorro de envío supone que, sin el pack, serían compras separadas",Inflador Con Manómetro Bulit Serie 600 Grande Azul,115631.0,462524.0,22923.0,0.059,0.15,Bulit,0.059,la economía del kit,gold_pro,435234.98,4 unidades en una venta ahorran $22.923 de envío ($30.564 → $7.641),623,MLA811931941,MLAU284623956,https://vendedores.mercadolibre.com.ar/publicar/kit?pre_charged_ups=MLAU284623956
multipack,4,CR01600000CDBACCTDIS + CR0160000000CDBTD55F,envío,0.0,22923.0,"el ahorro de envío supone que, sin el pack, serían compras separadas",Traba Discos Bulit De 5.5mm Con Funda + Recordatorio Bulit A,58220.0,232880.0,22923.0,0.1151,0.15,Bulit,0.1151,la economía del kit,gold_pro,206081.4,4 unidades en una venta ahorran $22.923 de envío ($30.564 → $7.641),512,MLA1139075423,MLAU1187301320,https://vendedores.mercadolibre.com.ar/publicar/kit?pre_charged_ups=MLAU1187301320
multipack,4,CR0160000000PSTPL800,envío,0.0,22923.0,"el ahorro de envío supone que, sin el pack, serían compras separadas",Pistola Suprabond Portacartuchos Serie 800 Para Selladores,52909.3,211637.2,22923.0,0.1267,0.15,Suprabond,0.1267,la economía del kit,gold_special,184826.68,4 unidades en una venta ahorran $22.923 de envío ($30.564 → $7.641),505,MLA795298782,MLAU208251597,https://vendedores.mercadolibre.com.ar/publicar/kit?pre_charged_ups=MLAU208251597
multipack,4,CR01600000CHMG30UT17 X 2 UNIDADES,envío,0.0,22923.0,"el ahorro de envío supone que, sin el pack, serían compras separadas",Barras Suprabond Gruesas Ultratransparentes Pistola 1kg,69811.0,279244.0,22923.0,0.1042,0.15,Suprabond,0.1042,la economía del kit,gold_pro,250154.7,4 unidades en una venta ahorran $22.923 de envío ($30.564 → $7.641),492,MLA815612620,MLAU285385060,https://vendedores.mercadolibre.com.ar/publicar/kit?pre_charged_ups=MLAU285385060
multipack,4,CR01600000000CAD3815 + CR0160000000CDBMS72B,envío,0.0,22923.0,"el ahorro de envío supone que, sin el pack, serían compras separadas",Cadena Bulit Máxima Seguridad 150cm + Candado 72mm 5 Llaves,145900.0,583600.0,22923.0,0.0484,0.15,Bulit,0.0484,la economía del kit,gold_pro,555347.18,4 unidades en una venta ahorran $22.923 de envío ($30.564 → $7.641),438,MLA1139075412,MLAU1471512988,https://vendedores.mercadolibre.com.ar/publicar/kit?pre_charged_ups=MLAU1471512988
multipack,4,CR01600000000CABINT2,envío,0.0,22923.0,"el ahorro de envío supone que, sin el pack, serían compras separadas",Engrampadora Bulit - Uso Intensivo Tapicería + 200 Grampas,48024.77,192099.08,22923.0,0.1392,0.15,Bulit,0.1392,la economía del kit,gold_special,165354.51,4 unidades en una venta ahorran $22.923 de envío ($30.564 → $7.641),436,MLA799205084,MLAU281768813,https://vendedores.mercadolibre.com.ar/publicar/kit?pre_charged_ups=MLAU281768813
multipack,4,CR016000000000CPX300 + CR01600000CHMG30UN17,envío,0.0,22923.0,"el ahorro de envío supone que, sin el pack, serían compras separadas",Pistola Suprabond Encoladora Px300 + Barras Gruesas Max 500g,74173.0,296692.0,22923.0,0.0977,0.15,Suprabond,0.0977,la economía del kit,gold_pro,267703.48,4 unidades en una venta ahorran $22.923 de envío ($30.564 → $7.641),312,MLA847929993,MLAU1486861342,https://vendedores.mercadolibre.com.ar/publicar/kit?pre_charged_ups=MLAU1486861342
multipack,4,CR0160000000PSTPL700,envío,0.0,22923.0,"el ahorro de envío supone que, sin el pack, serían compras separadas",Pistola Suprabond Portacartuchos Serie 700 Para Selladores,39408.85,157635.4,22923.0,0.1654,0.15,Suprabond,0.15,la marca,gold_special,133990.09,4 unidades en una venta ahorran $22.923 de envío ($30.564 → $7.641),290,MLA795299180,MLAU281046513,https://vendedores.mercadolibre.com.ar/publicar/kit?pre_charged_ups=MLAU281046513
multipack,4,CR0160000000MBNVEN4B,envío,0.0,22923.0,"el ahorro de envío supone que, sin el pack, serían compras separadas",Venda Líquida Suprabond Impermeabilizante Blanca 4kg,148374.0,593496.0,22923.0,0.0529,0.15,Suprabond,0.0529,la economía del kit,gold_pro,562094.63,4 unidades en una venta ahorran $22.923 de envío ($30.564 → $7.641),244,MLA824162798,MLAU1482416765,https://vendedores.mercadolibre.com.ar/publicar/kit?pre_charged_ups=MLAU1482416765
multipack,4,CR01600000CDBCAD101C,envío,0.0,22923.0,"el ahorro de envío supone que, sin el pack, serían compras separadas",Cadena Máxima Seguridad Con Candado Crafters,126628.0,506512.0,22923.0,0.0555,0.15,Bulit,0.0555,la economía del kit,gold_pro,478418.54,4 unidades en una venta ahorran $22.923 de envío ($30.564 → $7.641),238,MLA1459713884,MLAU2580297441,https://vendedores.mercadolibre.com.ar/publicar/kit?pre_charged_ups=MLAU2580297441
multipack,4,CR01600000NVLS63B60A,envío,0.0,22923.0,"el ahorro de envío supone que, sin el pack, serían compras separadas",Nivel Bulit 3 Burbujas 600mm Aluminio,40636.0,162544.0,22923.0,0.1651,0.15,Bulit,0.15,la marca,gold_special,138162.4,4 unidades en una venta ahorran $22.923 de envío ($30.564 → $7.641),216,MLA811885854,MLAU283312503,https://vendedores.mercadolibre.com.ar/publicar/kit?pre_charged_ups=MLAU283312503
multipack,4,CR01600000000CDBU320,envío,0.0,22923.0,"el ahorro de envío supone que, sin el pack, serían compras separadas",Traba U Máxima Seguridad Bulit Gris Oscuro,74281.0,297124.0,22923.0,0.0933,0.15,Bulit,0.0933,la economía del kit,gold_pro,269406.81,4 unidades en una venta ahorran $22.923 de envío ($30.564 → $7.641),146,MLA1139041332,MLAU284742904,https://vendedores.mercadolibre.com.ar/publicar/kit?pre_charged_ups=MLAU284742904
multipack,4,CR0160000000000PAH4B,envío,0.0,22923.0,"el ahorro de envío supone que, sin el pack, serían compras separadas",Pintura Especial Antihongo Suprabond Por 4 Litros,135484.15,541936.6,22923.0,0.0567,0.15,Suprabond,0.0567,la economía del kit,gold_pro,511230.74,4 unidades en una venta ahorran $22.923 de envío ($30.564 → $7.641),144,MLA811907993,MLAU1468325513,https://vendedores.mercadolibre.com.ar/publicar/kit?pre_charged_ups=MLAU1468325513
multipack,4,CR016000000000CPX300 + CR01600000CHMG30UT17 X 2 UNIDADES,envío,0.0,22923.0,"el ahorro de envío supone que, sin el pack, serían compras separadas",Pistola Suprabond Encoladora Px 300 + Barras Gruesas 1kg Gri,109079.0,436316.0,22923.0,0.0618,0.15,Suprabond,0.0618,la economía del kit,gold_pro,409347.77,4 unidades en una venta ahorran $22.923 de envío ($30.564 → $7.641),142,MLA818017335,MLAU286123064,https://vendedores.mercadolibre.com.ar/publicar/kit?pre_charged_ups=MLAU286123064
multipack,4,CR01600000000SLTD5MI X 5 UNIDADES,envío,0.0,22923.0,"el ahorro de envío supone que, sin el pack, serían compras separadas",5 Burletes Autoadhesivos De Goma Perfil D Color Marrón Marró,56070.0,224280.0,22923.0,0.1193,0.15,Suprabond,0.1193,la economía del kit,gold_special,197532.04,4 unidades en una venta ahorran $22.923 de envío ($30.564 → $7.641),133,MLA1139075453,MLAU216716375,https://vendedores.mercadolibre.com.ar/publicar/kit?pre_charged_ups=MLAU216716375
multipack,4,CR01600000000SIES812,envío,0.0,22923.0,"el ahorro de envío supone que, sin el pack, serían compras separadas",Arco De Sierra Bulit Profesional S800 + Hoja De Sierra 12 ,42933.0,171732.0,22923.0,0.1601,0.15,Bulit,0.15,la marca,gold_special,145972.2,4 unidades en una venta ahorran $22.923 de envío ($30.564 → $7.641),121,MLA842460521,MLAU290952908,https://vendedores.mercadolibre.com.ar/publicar/kit?pre_charged_ups=MLAU290952908
multipack,4,CR01600000000CPX2100,envío,0.0,22923.0,"el ahorro de envío supone que, sin el pack, serían compras separadas",Pistola Encoladora Suprabond Modelo Px 2100 Pro S/c,81217.0,324868.0,22923.0,0.0969,0.15,Suprabond,0.0969,la economía del kit,gold_pro,293380.36,4 unidades en una venta ahorran $22.923 de envío ($30.564 → $7.641),97,MLA844321129,MLAU270775388,https://vendedores.mercadolibre.com.ar/publicar/kit?pre_charged_ups=MLAU270775388
multipack,4,CR0160000000CABPROPR,envío,0.0,22923.0,"el ahorro de envío supone que, sin el pack, serían compras separadas",Engrampadora Bulit Profesional Potencia Regulable S/c,123739.0,494956.0,22923.0,0.0597,0.15,Bulit,0.0597,la economía del kit,gold_pro,465392.76,4 unidades en una venta ahorran $22.923 de envío ($30.564 → $7.641),96,MLA844321537,MLAU291337746,https://vendedores.mercadolibre.com.ar/publicar/kit?pre_charged_ups=MLAU291337746
multipack,4,CR01600000000SLTD5BI X 5 UNIDADES,envío,0.0,22923.0,"el ahorro de envío supone que, sin el pack, serían compras separadas",5 Burletes Autoadhesivos De Goma Perfil D Color Blanco Blanc,67193.0,268772.0,22923.0,0.1025,0.15,Suprabond,0.1025,la economía del kit,gold_pro,241213.52,4 unidades en una venta ahorran $22.923 de envío ($30.564 → $7.641),92,MLA1139047478,MLAU208250933,https://vendedores.mercadolibre.com.ar/publicar/kit?pre_charged_ups=MLAU208250933
multipack,4,CR014000080151P,envío,0.0,22923.0,"el ahorro de envío supone que, sin el pack, serían compras separadas",Grifería Ducha Baño Peirano Crown 80-151p Cierre Cerámico Co,164296.54,657186.16,22923.0,0.0421,0.25,Peirano,0.0421,la economía del kit,gold_pro,629519.96,4 unidades en una venta ahorran $22.923 de envío ($30.564 → $7.641),70,MLA1478307571,MLAU2868801020,https://vendedores.mercadolibre.com.ar/publicar/kit?pre_charged_ups=MLAU2868801020
multipack,4,CR01600000INFS6PIEMA,envío,0.0,22923.0,"el ahorro de envío supone que, sin el pack, serían compras separadas",Inflador De Pie Con Manómetro Bulit Serie 600 Azul,87604.0,350416.0,22923.0,0.0798,0.15,Bulit,0.0798,la economía del kit,gold_pro,322446.51,4 unidades en una venta ahorran $22.923 de envío ($30.564 → $7.641),68,MLA1139087878,MLAU221320344,https://vendedores.mercadolibre.com.ar/publicar/kit?pre_charged_ups=MLAU221320344
multipack,4,CR0160000000CDBTD10F,envío,0.0,22923.0,"el ahorro de envío supone que, sin el pack, serían compras separadas",Traba Discos Bulit De 10mm Con Funda  Amarillo,41661.0,166644.0,22923.0,0.1599,0.15,Bulit,0.15,la marca,gold_special,141647.4,4 unidades en una venta ahorran $22.923 de envío ($30.564 → $7.641),64,MLA813095575,MLAU285048438,https://vendedores.mercadolibre.com.ar/publicar/kit?pre_charged_ups=MLAU285048438
multipack,4,CR01600000CDBACCTDIS + CR0160000000CDBTD10F,envío,0.0,22923.0,"el ahorro de envío supone que, sin el pack, serían compras separadas",Trabada Discos Bulit De 10mm Con Funda + Recordatorio Bulit ,51830.0,207320.0,22923.0,0.1286,0.15,Bulit,0.1286,la economía del kit,gold_special,180665.35,4 unidades en una venta ahorran $22.923 de envío ($30.564 → $7.641),54,MLA1610415161,MLAU3685756464,https://vendedores.mercadolibre.com.ar/publicar/kit?pre_charged_ups=MLAU3685756464
multipack,4,CR0160000MBNM100028B,envío,0.0,22923.0,"el ahorro de envío supone que, sin el pack, serían compras separadas",Membrana Impermeabilizante Premium Suprabond M-1000 28kg Bla,459869.0,1839476.0,22923.0,0.017,0.15,Suprabond,0.017,la economía del kit,gold_pro,1808245.75,4 unidades en una venta ahorran $22.923 de envío ($30.564 → $7.641),49,MLA817422922,MLAU285535088,https://vendedores.mercadolibre.com.ar/publicar/kit?pre_charged_ups=MLAU285535088
multipack,4,CR0160000000CDBBR40L,envío,0.0,22923.0,"el ahorro de envío supone que, sin el pack, serían compras separadas",Candado Reforzado Doble Traba Aro Largo N° 40 Bulit Dorado,39791.02,159164.08,22923.0,0.1675,0.15,Bulit,0.15,la marca,gold_special,135289.47,4 unidades en una venta ahorran $22.923 de envío ($30.564 → $7.641),44,MLA813068648,MLAU208246699,https://vendedores.mercadolibre.com.ar/publicar/kit?pre_charged_ups=MLAU208246699
multipack,4,CR016000000000SPSP49,envío,0.0,22923.0,"el ahorro de envío supone que, sin el pack, serían compras separadas",Adhesivo Suprabond Para Ratas Y Lauchas - Pegarat - 4 Litros,208636.0,834544.0,22923.0,0.0324,0.15,Suprabond,0.0324,la economía del kit,gold_pro,807503.52,4 unidades en una venta ahorran $22.923 de envío ($30.564 → $7.641),43,MLA1139051023,MLAU217783336,https://vendedores.mercadolibre.com.ar/publicar/kit?pre_charged_ups=MLAU217783336
multipack,4,CR0160000000CDBMS72B,envío,0.0,22923.0,"el ahorro de envío supone que, sin el pack, serían compras separadas",Candado Bulit De Máxima Seguridad De 72mm Profesional Negro,56120.0,224480.0,22923.0,0.1311,0.15,Bulit,0.1311,la economía del kit,gold_pro,195050.2,4 unidades en una venta ahorran $22.923 de envío ($30.564 → $7.641),36,MLA1139075511,MLAU326341832,https://vendedores.mercadolibre.com.ar/publicar/kit?pre_charged_ups=MLAU326341832
multipack,4,CR01600000CABPROPRGM,envío,0.0,22923.0,"el ahorro de envío supone que, sin el pack, serían compras separadas",Engrampadora Abrochadora Bulit Profesional Regulable,96442.39,385769.56,22923.0,0.0695,0.15,Bulit,0.0695,la economía del kit,gold_special,358959.03,4 unidades en una venta ahorran $22.923 de envío ($30.564 → $7.641),33,MLA1508917241,MLAU3282929672,https://vendedores.mercadolibre.com.ar/publicar/kit?pre_charged_ups=MLAU3282929672
multipack,4,CR01600000000CDBBR50,envío,0.0,22923.0,"el ahorro de envío supone que, sin el pack, serían compras separadas",Candado Reforzado Bronce Macizo Doble Traba Bulit N° 50 Dora,40627.0,162508.0,22923.0,0.1691,0.15,Bulit,0.15,la marca,gold_special,138131.8,4 unidades en una venta ahorran $22.923 de envío ($30.564 → $7.641),33,MLA822745392,MLAU286581020,https://vendedores.mercadolibre.com.ar/publicar/kit?pre_charged_ups=MLAU286581020
multipack,4,CR0160000LLVCR814T12,envío,0.0,22923.0,"el ahorro de envío supone que, sin el pack, serían compras separadas",Juego De Llave Criquet Bulit 10 Tubos + Alargue - 1/4 - S800,66638.0,266552.0,22923.0,0.1031,0.15,Bulit,0.1031,la economía del kit,gold_special,239065.27,4 unidades en una venta ahorran $22.923 de envío ($30.564 → $7.641),29,MLA1398264207,MLAU238445858,https://vendedores.mercadolibre.com.ar/publicar/kit?pre_charged_ups=MLAU238445858
multipack,4,CR016000000000SBDTR1,envío,0.0,22923.0,"el ahorro de envío supone que, sin el pack, serían compras separadas",Adhesivo Suprabond Transparente Extra Fuerte En Lata 1 Litro,57220.0,228880.0,22923.0,0.1308,0.15,Suprabond,0.1308,la economía del kit,gold_pro,198953.91,4 unidades en una venta ahorran $22.923 de envío ($30.564 → $7.641),29,MLA1139041346,MLAU216973311,https://vendedores.mercadolibre.com.ar/publicar/kit?pre_charged_ups=MLAU216973311
multipack,4,CR016000000000SBD1ST,envío,0.0,22923.0,"el ahorro de envío supone que, sin el pack, serían compras separadas",Adhesivo Suprabond De Contacto Sin Tolueno - Lata 1 Litro,47329.0,189316.0,22923.0,0.1452,0.15,Suprabond,0.1452,la economía del kit,gold_pro,161829.27,4 unidades en una venta ahorran $22.923 de envío ($30.564 → $7.641),26,MLA906655527,MLAU3084568353,https://vendedores.mercadolibre.com.ar/publicar/kit?pre_charged_ups=MLAU3084568353
multipack,4,CR01600000000CPX2100 + CR01600000CHMG30UN17 X 2 UNIDADES,envío,0.0,22923.0,"el ahorro de envío supone que, sin el pack, serían compras separadas",Pistola Suprabond Px 2100 + Barras Máxima Adherencia 1kg Gri,186027.0,744108.0,22923.0,0.0362,0.15,Suprabond,0.0362,la economía del kit,gold_pro,717139.76,4 unidades en una venta ahorran $22.923 de envío ($30.564 → $7.641),24,MLA1139075459,MLAU3092939551,https://vendedores.mercadolibre.com.ar/publicar/kit?pre_charged_ups=MLAU3092939551
multipack,4,CR01600000000CAD3815,envío,0.0,22923.0,"el ahorro de envío supone que, sin el pack, serían compras separadas",Cadena Bulit Máxima Seguridad 3/8  Extra Larga - 150cm,98402.0,393608.0,22923.0,0.0712,0.15,Bulit,0.0712,la economía del kit,gold_pro,365582.73,4 unidades en una venta ahorran $22.923 de envío ($30.564 → $7.641),24,MLA1139028496,MLAU225987720,https://vendedores.mercadolibre.com.ar/publicar/kit?pre_charged_ups=MLAU225987720
multipack,4,CR0160000000PZAAJP10,envío,0.0,22923.0,"el ahorro de envío supone que, sin el pack, serían compras separadas",Llave Bulit Ajustable - Cromo Vanadio - 10 Pulgadas,40249.0,160996.0,22923.0,0.1707,0.15,Bulit,0.15,la marca,gold_special,136846.6,4 unidades en una venta ahorran $22.923 de envío ($30.564 → $7.641),24,MLA909501849,MLAU306686528,https://vendedores.mercadolibre.com.ar/publicar/kit?pre_charged_ups=MLAU306686528
multipack,4,CR01600000000CDBAR40 X 8 UNIDADES,envío,0.0,22923.0,"el ahorro de envío supone que, sin el pack, serían compras separadas",8 Candados Acero Niquelado 40mm,134912.0,539648.0,22923.0,0.0509,0.15,Bulit,0.0509,la economía del kit,gold_special,512161.27,4 unidades en una venta ahorran $22.923 de envío ($30.564 → $7.641),23,MLA828793413,MLAU3092183305,https://vendedores.mercadolibre.com.ar/publicar/kit?pre_charged_ups=MLAU3092183305
multipack,4,CR0440000000000BKM1B,envío,0.0,22923.0,"el ahorro de envío supone que, sin el pack, serían compras separadas",Bidet Ferrum Bari De Colgar Suspendido Blanco,224832.06,899328.24,22923.0,0.0297,0.25,Ferrum,0.0297,la economía del kit,gold_pro,872580.28,4 unidades en una venta ahorran $22.923 de envío ($30.564 → $7.641),22,MLA2020266020,MLAU3022336110,https://vendedores.mercadolibre.com.ar/publicar/kit?pre_charged_ups=MLAU3022336110
multipack,4,CR0160000000000SLTEA X 10 UNIDADES,envío,0.0,22923.0,"el ahorro de envío supone que, sin el pack, serían compras separadas",10 Burletes Suprabond Goma Espuma Extra Ancho 5 Metros Gris ,118856.0,475424.0,22923.0,0.0578,0.15,Suprabond,0.0578,la economía del kit,gold_pro,447937.27,4 unidades en una venta ahorran $22.923 de envío ($30.564 → $7.641),21,MLA846130343,MLAU291753682,https://vendedores.mercadolibre.com.ar/publicar/kit?pre_charged_ups=MLAU291753682
multipack,4,CR0020000066020,envío,0.0,22923.0,"el ahorro de envío supone que, sin el pack, serían compras separadas",Grifería Bidet Aqualaf Roma Cierre Cerámico Metálico - Baño ,81405.0,325620.0,22923.0,0.0821,0.25,Aqualaf,0.0821,la economía del kit,gold_special,298872.04,4 unidades en una venta ahorran $22.923 de envío ($30.564 → $7.641),21,MLA1448845069,MLAU1025464405,https://vendedores.mercadolibre.com.ar/publicar/kit?pre_charged_ups=MLAU1025464405
multipack,4,CR0020000078030,envío,0.0,22923.0,"el ahorro de envío supone que, sin el pack, serían compras separadas",Grifería Bañera Aqualaf Negro Redonda Napoli Cruz Black Cier,226236.0,904944.0,22923.0,0.0304,0.25,Aqualaf,0.0304,la economía del kit,gold_special,877457.27,4 unidades en una venta ahorran $22.923 de envío ($30.564 → $7.641),20,MLA1525917968,MLAU247035385,https://vendedores.mercadolibre.com.ar/publicar/kit?pre_charged_ups=MLAU247035385
multipack,4,CR0020000077039,envío,0.0,22923.0,"el ahorro de envío supone que, sin el pack, serían compras separadas",Grifería Aqualaf Monocomando Exterior Cromada Napoli Para Ba,113443.0,453772.0,22923.0,0.0606,0.25,Aqualaf,0.0606,la economía del kit,gold_special,426285.27,4 unidades en una venta ahorran $22.923 de envío ($30.564 → $7.641),20,MLA1525956790,MLAU235492538,https://vendedores.mercadolibre.com.ar/publicar/kit?pre_charged_ups=MLAU235492538
multipack,4,CR01600000000SMZ300A,envío,0.0,22923.0,"el ahorro de envío supone que, sin el pack, serían compras separadas",Sellador Suprabond Zinguería 300ml Aluminio Especial,42930.0,171720.0,22923.0,0.1472,0.15,Suprabond,0.1472,la economía del kit,gold_pro,146443.04,4 unidades en una venta ahorran $22.923 de envío ($30.564 → $7.641),18,MLA1139197644,MLAU252272723,https://vendedores.mercadolibre.com.ar/publicar/kit?pre_charged_ups=MLAU252272723
multipack,4,CR0160000LLVCR812T12,envío,0.0,22923.0,"el ahorro de envío supone que, sin el pack, serían compras separadas",Juego De Llave Criquet Bulit 10 Tubos + Alargue - 1/2 - S800,85090.0,340360.0,22923.0,0.0808,0.15,Bulit,0.0808,la economía del kit,gold_special,312873.27,4 unidades en una venta ahorran $22.923 de envío ($30.564 → $7.641),16,MLA1398289485,MLAU238545208,https://vendedores.mercadolibre.com.ar/publicar/kit?pre_charged_ups=MLAU238545208
multipack,4,CR016000000CDBC565CA + CR01600000000CAD3815,envío,0.0,22923.0,"el ahorro de envío supone que, sin el pack, serían compras separadas",Cadena Bulit Máxima Seguridad 150cm + Candado Alta Seguridad,108114.0,432456.0,22923.0,0.0616,0.15,Bulit,0.0616,la economía del kit,gold_special,405801.35,4 unidades en una venta ahorran $22.923 de envío ($30.564 → $7.641),15,MLA3751232356,MLAU4626161229,https://vendedores.mercadolibre.com.ar/publicar/kit?pre_charged_ups=MLAU4626161229
multipack,4,CR01600000CDBTARTCMB,envío,0.0,22923.0,"el ahorro de envío supone que, sin el pack, serían compras separadas",Traba Articulada De Combinación Máxima Seguridad Bulit Color,84472.0,337888.0,22923.0,0.0813,0.15,Bulit,0.0813,la economía del kit,gold_pro,310401.27,4 unidades en una venta ahorran $22.923 de envío ($30.564 → $7.641),13,MLA1518211522,MLAU219137518,https://vendedores.mercadolibre.com.ar/publicar/kit?pre_charged_ups=MLAU219137518
multipack,4,CR0160000000ESPPC300,envío,0.0,22923.0,"el ahorro de envío supone que, sin el pack, serían compras separadas",Espátula Plato De Aluminio Bulit Serie 600 - 300mm,57960.0,231840.0,22923.0,0.1186,0.15,Bulit,0.1186,la economía del kit,gold_pro,204353.27,4 unidades en una venta ahorran $22.923 de envío ($30.564 → $7.641),13,MLA1527207980,MLAU221326840,https://vendedores.mercadolibre.com.ar/publicar/kit?pre_charged_ups=MLAU221326840
multipack,4,CR0160000000CABPROPR + CR016000000000CABP8N,envío,0.0,22923.0,"el ahorro de envío supone que, sin el pack, serían compras separadas",Engrampadora Potencia Regulable Bulit + 1.000 Grampas P8 8mm,119683.0,478732.0,22923.0,0.056,0.15,Bulit,0.056,la economía del kit,gold_special,451921.47,4 unidades en una venta ahorran $22.923 de envío ($30.564 → $7.641),12,MLA855291964,MLAU293557500,https://vendedores.mercadolibre.com.ar/publicar/kit?pre_charged_ups=MLAU293557500
multipack,4,CR01600000CHMG30UT17 + CR016000000000CPX300,envío,0.0,22923.0,"el ahorro de envío supone que, sin el pack, serían compras separadas",Pistola Encoladora Suprabond Modelo Px 300 + Barras 500g,74173.0,296692.0,22923.0,0.0977,0.15,Suprabond,0.0977,la economía del kit,gold_pro,267710.19,4 unidades en una venta ahorran $22.923 de envío ($30.564 → $7.641),12,MLA1139062822,MLAU292189204,https://vendedores.mercadolibre.com.ar/publicar/kit?pre_charged_ups=MLAU292189204
multipack,4,CR016000000CDBC565CA + CR016000000CDBC565CR,envío,0.0,22923.0,"el ahorro de envío supone que, sin el pack, serían compras separadas",Cdb C5 65 Cr + Cdb C5 65 Ca Rojo,62321.0,249284.0,22923.0,0.1248,0.15,Bulit,0.1248,la economía del kit,gold_pro,218180.88,4 unidades en una venta ahorran $22.923 de envío ($30.564 → $7.641),12,MLA1139047524,MLAU324404116,https://vendedores.mercadolibre.com.ar/publicar/kit?pre_charged_ups=MLAU324404116
multipack,4,CR0050000110100,envío,0.0,22923.0,"el ahorro de envío supone que, sin el pack, serían compras separadas",Fluvial Fe500 Bomba De Agua Centrífuga 0.5hp Compacta 85l M ,154321.0,617284.0,22923.0,0.0488,0.25,Fluvial,0.0488,la economía del kit,gold_pro,587181.64,4 unidades en una venta ahorran $22.923 de envío ($30.564 → $7.641),11,MLA2748028984,MLAU208163363,https://vendedores.mercadolibre.com.ar/publicar/kit?pre_charged_ups=MLAU208163363
multipack,4,CR0160000000GPUC310G X 12 UNIDADES,envío,0.0,22923.0,"el ahorro de envío supone que, sin el pack, serían compras separadas",12 Selladores Suprabond Poliuretano Construcción 310ml,586499.0,2345996.0,22923.0,0.0117,0.15,Suprabond,0.0117,la economía del kit,gold_pro,2318509.27,4 unidades en una venta ahorran $22.923 de envío ($30.564 → $7.641),10,MLA817645248,MLAU284917043,https://vendedores.mercadolibre.com.ar/publicar/kit?pre_charged_ups=MLAU284917043
multipack,4,CR0020000049030,envío,0.0,22923.0,"el ahorro de envío supone que, sin el pack, serían compras separadas",Grifo Ducha Aqualaf Premium Con Transferencia - Lamy Cromo G,175522.0,702088.0,22923.0,0.0391,0.25,Aqualaf,0.0391,la economía del kit,gold_special,674601.27,4 unidades en una venta ahorran $22.923 de envío ($30.564 → $7.641),10,MLA1139553435,MLAU226051230,https://vendedores.mercadolibre.com.ar/publicar/kit?pre_charged_ups=MLAU226051230
multipack,4,CR0020000036041,envío,0.0,22923.0,"el ahorro de envío supone que, sin el pack, serían compras separadas",Grifo De Ducha Aqualaf Ecco Monocomando Embutido Redondo Gri,144656.2,578624.8,22923.0,0.0475,0.25,Aqualaf,0.0475,la economía del kit,gold_pro,551138.07,4 unidades en una venta ahorran $22.923 de envío ($30.564 → $7.641),10,MLA2055515678,MLAU3085040151,https://vendedores.mercadolibre.com.ar/publicar/kit?pre_charged_ups=MLAU3085040151
multipack,4,CR01600000000CPX2100 + CR01600000CHMG30UT17,envío,0.0,22923.0,"el ahorro de envío supone que, sin el pack, serían compras separadas",Pistola Suprabond Px 2100 + Barras Ultrantransparentes 500g ,132235.0,528940.0,22923.0,0.052,0.15,Suprabond,0.052,la economía del kit,gold_pro,501453.27,4 unidades en una venta ahorran $22.923 de envío ($30.564 → $7.641),10,MLA1139047496,MLAU224862601,https://vendedores.mercadolibre.com.ar/publicar/kit?pre_charged_ups=MLAU224862601
multipack,4,CR01600000000CPHXB10,envío,0.0,22923.0,"el ahorro de envío supone que, sin el pack, serían compras separadas",Pistola Encoladora Suprabond Inalámbrica 10w Base + Barras A,85362.0,341448.0,22923.0,0.0923,0.15,Suprabond,0.0923,la economía del kit,gold_pro,309917.05,4 unidades en una venta ahorran $22.923 de envío ($30.564 → $7.641),10,MLA2060872492,MLAU3136717625,https://vendedores.mercadolibre.com.ar/publicar/kit?pre_charged_ups=MLAU3136717625
multipack,4,CR01600000000000CAB2,envío,0.0,22923.0,"el ahorro de envío supone que, sin el pack, serían compras separadas",Abrochadora Engrampadora 2 En 1 Tapiceria Artesano Bulit,37949.0,151796.0,22923.0,0.1703,0.15,Bulit,0.15,la marca,gold_special,129026.6,4 unidades en una venta ahorran $22.923 de envío ($30.564 → $7.641),10,MLA1545018183,MLAU3450417252,https://vendedores.mercadolibre.com.ar/publicar/kit?pre_charged_ups=MLAU3450417252
multipack,4,CR0440000000000IALQB,envío,0.0,22923.0,"el ahorro de envío supone que, sin el pack, serían compras separadas","Inodoro Largo Ferrum Andina 4,5 Litros Porcelana Blanco Baño",193221.0,772884.0,22923.0,0.0356,0.25,Ferrum,0.0356,la economía del kit,gold_special,745397.27,4 unidades en una venta ahorran $22.923 de envío ($30.564 → $7.641),9,MLA2016789424,MLAU3022336100,https://vendedores.mercadolibre.com.ar/publicar/kit?pre_charged_ups=MLAU3022336100
multipack,4,CR01600000CHMG30UT17 X 2 UNIDADES + CR01600000000CPX2100,envío,0.0,22923.0,"el ahorro de envío supone que, sin el pack, serían compras separadas",Pistola Suprabond Px 2100 + Barras Ultrantransparentes 1kg G,186027.0,744108.0,22923.0,0.0369,0.15,Suprabond,0.0369,la economía del kit,gold_pro,716621.27,4 unidades en una venta ahorran $22.923 de envío ($30.564 → $7.641),9,MLA838961937,MLAU1275283386,https://vendedores.mercadolibre.com.ar/publicar/kit?pre_charged_ups=MLAU1275283386
multipack,4,CR01600000CDBCAD101C + CR0160000000CDBTD55F,envío,0.0,22923.0,"el ahorro de envío supone que, sin el pack, serían compras separadas",Cadena Máxima Seguridad Con Candado Bulit + Traba 5.5 Funda ,133352.0,533408.0,22923.0,0.05,0.15,Bulit,0.05,la economía del kit,gold_special,506753.35,4 unidades en una venta ahorran $22.923 de envío ($30.564 → $7.641),9,MLA834650776,MLAU288161733,https://vendedores.mercadolibre.com.ar/publicar/kit?pre_charged_ups=MLAU288161733
multipack,4,CR01600000000CDBAS50 + CR016000000000CAD381,envío,0.0,22923.0,"el ahorro de envío supone que, sin el pack, serían compras separadas",Cadena Bulit Aro Cementado 3/8 1 Metro + Candado 50 Acero N,98941.0,395764.0,22923.0,0.071,0.15,Bulit,0.071,la economía del kit,gold_pro,367673.7,4 unidades en una venta ahorran $22.923 de envío ($30.564 → $7.641),9,MLA1139028441,MLAU2525948888,https://vendedores.mercadolibre.com.ar/publicar/kit?pre_charged_ups=MLAU2525948888
multipack,4,CR016000000000CJBB60,envío,0.0,22923.0,"el ahorro de envío supone que, sin el pack, serían compras separadas",Cerrojo Bulit Serie 500 Con Tambor De Bronce,61466.0,245864.0,22923.0,0.1208,0.15,Bulit,0.1208,la economía del kit,gold_pro,216155.25,4 unidades en una venta ahorran $22.923 de envío ($30.564 → $7.641),9,MLA1146359182,MLAU3091934126,https://vendedores.mercadolibre.com.ar/publicar/kit?pre_charged_ups=MLAU3091934126
multipack,4,CR0160000000LLV7VA28,envío,0.0,22923.0,"el ahorro de envío supone que, sin el pack, serían compras separadas",Llave Combinada Bulit S700 - Acodada Cromo Vanadio - 28mm,39950.0,159800.0,22923.0,0.172,0.15,Bulit,0.15,la marca,gold_pro,135830.0,4 unidades en una venta ahorran $22.923 de envío ($30.564 → $7.641),9,MLA1863950576,MLAU209430806,https://vendedores.mercadolibre.com.ar/publicar/kit?pre_charged_ups=MLAU209430806
multipack,4,CR011000SFL2508,envío,0.0,22923.0,"el ahorro de envío supone que, sin el pack, serían compras separadas",Sierra Sin Fin Lüsqtoff Eléctrica Para Madera + Accesorios,504317.17,2017268.68,22923.0,0.0173,0.25,Lüsqtoff,0.0173,la economía del kit,gold_pro,1982378.27,4 unidades en una venta ahorran $22.923 de envío ($30.564 → $7.641),8,MLA1363590623,MLAU232451330,https://vendedores.mercadolibre.com.ar/publicar/kit?pre_charged_ups=MLAU232451330
multipack,4,CR0160000MBNM100056B,envío,0.0,22923.0,"el ahorro de envío supone que, sin el pack, serían compras separadas",Membrana Impermeabilizante Premium Suprabond 5.6kg Blanca Bl,97884.0,391536.0,22923.0,0.0798,0.15,Suprabond,0.0798,la economía del kit,gold_pro,360305.76,4 unidades en una venta ahorran $22.923 de envío ($30.564 → $7.641),8,MLA1703837354,MLAU336085635,https://vendedores.mercadolibre.com.ar/publicar/kit?pre_charged_ups=MLAU336085635
multipack,4,CR016000000000CAD381,envío,0.0,22923.0,"el ahorro de envío supone que, sin el pack, serían compras separadas",Cadena De Acero Cementado 3/8 X 1 M Bulit,65878.0,263512.0,22923.0,0.1022,0.15,Bulit,0.1022,la economía del kit,gold_pro,236586.9,4 unidades en una venta ahorran $22.923 de envío ($30.564 → $7.641),8,MLA2747857776,MLAU257962295,https://vendedores.mercadolibre.com.ar/publicar/kit?pre_charged_ups=MLAU257962295
multipack,4,CR016000000CDBC565CA + CR016000000000CAD141,envío,0.0,22923.0,"el ahorro de envío supone que, sin el pack, serían compras separadas",Cadena Bulit Máxima Seguridad + Candado Alta Seguridad Color,55635.0,222540.0,22923.0,0.1198,0.15,Bulit,0.1198,la economía del kit,gold_special,195885.35,4 unidades en una venta ahorran $22.923 de envío ($30.564 → $7.641),8,MLA1610413749,MLAU3677386841,https://vendedores.mercadolibre.com.ar/publicar/kit?pre_charged_ups=MLAU3677386841
multipack,4,CR01600000000CABP12N + CR0160000000CABPROPR,envío,0.0,22923.0,"el ahorro de envío supone que, sin el pack, serían compras separadas",Engrampadora Bulit Profesional Pr + 1.000 Grampas P12 12mm,147035.0,588140.0,22923.0,0.0467,0.15,Bulit,0.0467,la economía del kit,gold_pro,560653.27,4 unidades en una venta ahorran $22.923 de envío ($30.564 → $7.641),7,MLA855760668,MLAU292541137,https://vendedores.mercadolibre.com.ar/publicar/kit?pre_charged_ups=MLAU292541137
multipack,4,CR0160000000LLCCV112,envío,0.0,22923.0,"el ahorro de envío supone que, sin el pack, serían compras separadas",Llave Para Caños Bulit - 1.5 Pulgadas - Aleación De Acero,44964.0,179856.0,22923.0,0.1528,0.15,Bulit,0.15,la marca,gold_special,152877.6,4 unidades en una venta ahorran $22.923 de envío ($30.564 → $7.641),7,MLA876188714,MLAU297962401,https://vendedores.mercadolibre.com.ar/publicar/kit?pre_charged_ups=MLAU297962401
multipack,4,CR016000LNA5220L3WCL,envío,0.0,22923.0,"el ahorro de envío supone que, sin el pack, serían compras separadas",Linterna De Camping C/ Luz Auxiliar Bulit Serie 500 Color De,38934.0,155736.0,22923.0,0.1765,0.15,Bulit,0.15,la marca,gold_special,132375.6,4 unidades en una venta ahorran $22.923 de envío ($30.564 → $7.641),7,MLA1361166869,MLAU216973519,https://vendedores.mercadolibre.com.ar/publicar/kit?pre_charged_ups=MLAU216973519
multipack,4,CR0160000000GFXU280T X 12 UNIDADES,envío,0.0,22923.0,"el ahorro de envío supone que, sin el pack, serían compras separadas",12 Selladores Silicona Universal Suprabond Transparente 280,250985.0,1003940.0,22923.0,0.0264,0.15,Suprabond,0.0264,la economía del kit,gold_pro,977439.42,4 unidades en una venta ahorran $22.923 de envío ($30.564 → $7.641),6,MLA1139034786,MLAU297951633,https://vendedores.mercadolibre.com.ar/publicar/kit?pre_charged_ups=MLAU297951633
multipack,4,CR0020000079010,envío,0.0,22923.0,"el ahorro de envío supone que, sin el pack, serían compras separadas",Grifería Para Lavatorio Aqualaf - Napoli Baño Lever Black,169031.0,676124.0,22923.0,0.0407,0.25,Aqualaf,0.0407,la economía del kit,gold_special,648637.27,4 unidades en una venta ahorran $22.923 de envío ($30.564 → $7.641),6,MLA1383836087,MLAU208179661,https://vendedores.mercadolibre.com.ar/publicar/kit?pre_charged_ups=MLAU208179661
multipack,4,CR01600000JDS8TIJPDA,envío,0.0,22923.0,"el ahorro de envío supone que, sin el pack, serían compras separadas",Tijera Para Cercos Bulit Serie 800,102418.0,409672.0,22923.0,0.0671,0.15,Bulit,0.0671,la economía del kit,gold_pro,382185.27,4 unidades en una venta ahorran $22.923 de envío ($30.564 → $7.641),6,MLA1139081591,MLAU324614442,https://vendedores.mercadolibre.com.ar/publicar/kit?pre_charged_ups=MLAU324614442
multipack,4,CR01600000LNAR81000L,envío,0.0,22923.0,"el ahorro de envío supone que, sin el pack, serían compras separadas",Linterna Tactica Led Bulit Recargable Usb 1000 Lumens 500 Mt,81501.0,326004.0,22923.0,0.0837,0.15,Bulit,0.0837,la economía del kit,gold_special,298714.71,4 unidades en una venta ahorran $22.923 de envío ($30.564 → $7.641),6,MLA2617348944,MLAU3640544185,https://vendedores.mercadolibre.com.ar/publicar/kit?pre_charged_ups=MLAU3640544185
multipack,4,CR01600000CHMG30UN17 X 2 UNIDADES,envío,0.0,22923.0,"el ahorro de envío supone que, sin el pack, serían compras separadas",Barras Suprabond Sacabollos Máxima Adherencia Pistola 1kg,69811.0,279244.0,22923.0,0.1043,0.15,Suprabond,0.1043,la economía del kit,gold_pro,250119.71,4 unidades en una venta ahorran $22.923 de envío ($30.564 → $7.641),6,MLA2745984294,MLAU208236353,https://vendedores.mercadolibre.com.ar/publicar/kit?pre_charged_ups=MLAU208236353
multipack,4,CR008CRAMZUSFL6,envío,0.0,22923.0,"el ahorro de envío supone que, sin el pack, serían compras separadas","Inflador Crafters Alta Presión - Bicis, Motos, Autos Negro",48569.0,194276.0,22923.0,0.1621,0.25,Crafters,0.1621,la economía del kit,gold_pro,162790.66,4 unidades en una venta ahorran $22.923 de envío ($30.564 → $7.641),6,MLA1517412223,MLAU3382151243,https://vendedores.mercadolibre.com.ar/publicar/kit?pre_charged_ups=MLAU3382151243
multipack,4,CR044000000000DKW6FB,envío,0.0,22923.0,"el ahorro de envío supone que, sin el pack, serían compras separadas",Depósito De Apoyo Ferrum Bari Mochila Descarga Doble 6lts,323784.0,1295136.0,22923.0,0.0212,0.25,Ferrum,0.0212,la economía del kit,gold_pro,1267649.27,4 unidades en una venta ahorran $22.923 de envío ($30.564 → $7.641),5,MLA2039011990,MLAU3090451493,https://vendedores.mercadolibre.com.ar/publicar/kit?pre_charged_ups=MLAU3090451493
multipack,4,CR01600000CHMF30UN41 X 2 UNIDADES,envío,0.0,22923.0,"el ahorro de envío supone que, sin el pack, serían compras separadas",Barras Suprabond Finas Para Pistola Encoladora 500g X 2,69811.0,279244.0,22923.0,0.0975,0.15,Suprabond,0.0975,la economía del kit,gold_pro,252005.81,4 unidades en una venta ahorran $22.923 de envío ($30.564 → $7.641),5,MLA1139062828,MLAU282441080,https://vendedores.mercadolibre.com.ar/publicar/kit?pre_charged_ups=MLAU282441080
multipack,4,CR01600000000PHBBO32,envío,0.0,22923.0,"el ahorro de envío supone que, sin el pack, serían compras separadas",Bolso Porta Herramientas Bulit Color Negro Reforzado 10kg,49984.0,199936.0,22923.0,0.1375,0.15,Bulit,0.1375,la economía del kit,gold_special,172449.27,4 unidades en una venta ahorran $22.923 de envío ($30.564 → $7.641),5,MLA2489106594,MLAU2864376715,https://vendedores.mercadolibre.com.ar/publicar/kit?pre_charged_ups=MLAU2864376715
multipack,4,CR0160000INFS2MPIEMA,envío,0.0,22923.0,"el ahorro de envío supone que, sin el pack, serían compras separadas",Mini Inflador De Pie Bulit Serie 200 Manómetro Doble Tubo Ne,41098.0,164392.0,22923.0,0.1672,0.15,Bulit,0.15,la marca,gold_special,139733.2,4 unidades en una venta ahorran $22.923 de envío ($30.564 → $7.641),5,MLA1604934017,MLAU3669689084,https://vendedores.mercadolibre.com.ar/publicar/kit?pre_charged_ups=MLAU3669689084
multipack,4,CR01600000CABPROPRGP,envío,0.0,22923.0,"el ahorro de envío supone que, sin el pack, serían compras separadas",Engrampadora Bulit Abs Potencia Regulable Cab Pro Pr Gp,79863.0,319452.0,22923.0,0.086,0.15,Bulit,0.086,la economía del kit,gold_special,291965.27,4 unidades en una venta ahorran $22.923 de envío ($30.564 → $7.641),4,MLA2166380326,MLAU3277136083,https://vendedores.mercadolibre.com.ar/publicar/kit?pre_charged_ups=MLAU3277136083
multipack,4,CR00200DSK44020,envío,0.0,22923.0,"el ahorro de envío supone que, sin el pack, serían compras separadas",Grifería Bidet Danska Karla Doble Comando Cromado Para Baño ,66140.0,264560.0,22923.0,0.1062,0.25,Danska,0.1062,la economía del kit,gold_special,236450.97,4 unidades en una venta ahorran $22.923 de envío ($30.564 → $7.641),4,MLA1505520435,MLAU3175527651,https://vendedores.mercadolibre.com.ar/publicar/kit?pre_charged_ups=MLAU3175527651
multipack,4,CR01600000PHBBOCBT36,envío,0.0,22923.0,"el ahorro de envío supone que, sin el pack, serían compras separadas",Bulit Phbbocbt36 Negro,61226.0,244904.0,22923.0,0.1095,0.15,Bulit,0.1095,la economía del kit,gold_special,218093.48,4 unidades en una venta ahorran $22.923 de envío ($30.564 → $7.641),4,MLA1463485097,MLAU2864461333,https://vendedores.mercadolibre.com.ar/publicar/kit?pre_charged_ups=MLAU2864461333
multipack,4,CR016000PZAS6TNAMC12,envío,0.0,22923.0,"el ahorro de envío supone que, sin el pack, serían compras separadas",Tenaza Bulit Armador Medio Corte S600 - 12 Pulgadas,40000.0,160000.0,22923.0,0.1718,0.15,Bulit,0.15,la marca,gold_special,136000.0,4 unidades en una venta ahorran $22.923 de envío ($30.564 → $7.641),4,MLA1139075474,MLAU224791019,https://vendedores.mercadolibre.com.ar/publicar/kit?pre_charged_ups=MLAU224791019
multipack,4,CR04500000000106D9CR,envío,0.0,22923.0,"el ahorro de envío supone que, sin el pack, serían compras separadas",Grifería Para Ducha Fv Coty Monocomando Cerámico Cromo Baño ,477392.0,1909568.0,22923.0,0.0144,0.25,FV,0.0144,la economía del kit,gold_special,1882081.27,4 unidades en una venta ahorran $22.923 de envío ($30.564 → $7.641),3,MLA2072348956,MLAU3163567686,https://vendedores.mercadolibre.com.ar/publicar/kit?pre_charged_ups=MLAU3163567686
multipack,4,CR0160000ESCMTPAL4X4,envío,0.0,22923.0,"el ahorro de envío supone que, sin el pack, serían compras separadas",Escalera Aluminio Bulit Articulada 4 Tramos X 16 Escalones C,465885.0,1863540.0,22923.0,0.0147,0.15,Bulit,0.0147,la economía del kit,gold_pro,1836053.27,4 unidades en una venta ahorran $22.923 de envío ($30.564 → $7.641),3,MLA1499351269,MLAU3133603051,https://vendedores.mercadolibre.com.ar/publicar/kit?pre_charged_ups=MLAU3133603051
multipack,4,CR0181950001200,envío,0.0,22923.0,"el ahorro de envío supone que, sin el pack, serían compras separadas",Bacha Roca Debba Monocomando - Lavatorio 1 Agujero Blanco Bl,159842.0,639368.0,22923.0,0.0418,0.25,Roca,0.0418,la economía del kit,gold_special,612620.04,4 unidades en una venta ahorran $22.923 de envío ($30.564 → $7.641),3,MLA2330182540,MLAU3406136363,https://vendedores.mercadolibre.com.ar/publicar/kit?pre_charged_ups=MLAU3406136363
multipack,4,CR0020000503015,envío,0.0,22923.0,"el ahorro de envío supone que, sin el pack, serían compras separadas",Grifería Baño Deca Flex Bacha Lavatorio Pared Cromo Metal Pl,111736.0,446944.0,22923.0,0.0615,0.25,Deca,0.0615,la economía del kit,gold_special,419457.27,4 unidades en una venta ahorran $22.923 de envío ($30.564 → $7.641),3,MLA1158011612,MLAU228196292,https://vendedores.mercadolibre.com.ar/publicar/kit?pre_charged_ups=MLAU228196292
multipack,4,CR0160000000PHBBOC42,envío,0.0,22923.0,"el ahorro de envío supone que, sin el pack, serían compras separadas",Bolso Porta Herramientas Bulit Reforzado Con Correa Negro,83380.0,333520.0,22923.0,0.0939,0.15,Bulit,0.0939,la economía del kit,gold_pro,302204.43,4 unidades en una venta ahorran $22.923 de envío ($30.564 → $7.641),3,MLA2747976662,MLAU3089868274,https://vendedores.mercadolibre.com.ar/publicar/kit?pre_charged_ups=MLAU3089868274
multipack,4,CR0300000000032029BL,envío,0.0,22923.0,"el ahorro de envío supone que, sin el pack, serían compras separadas",Aplique Led Pared Exterior 15w Placa Redonda Deco Blanco,68212.0,272848.0,22923.0,0.0983,0.25,180° Iluminación,0.0983,la economía del kit,gold_special,246037.47,4 unidades en una venta ahorran $22.923 de envío ($30.564 → $7.641),3,MLA1957740340,MLAU2877061911,https://vendedores.mercadolibre.com.ar/publicar/kit?pre_charged_ups=MLAU2877061911
multipack,4,CR0160000NVLS63B100A,envío,0.0,22923.0,"el ahorro de envío supone que, sin el pack, serían compras separadas",Nivel Bulit 3 Burbujas 1000mm Aluminio,61434.0,245736.0,22923.0,0.1119,0.15,Bulit,0.1119,la economía del kit,gold_special,218249.27,4 unidades en una venta ahorran $22.923 de envío ($30.564 → $7.641),3,MLA2188141688,MLAU3089867878,https://vendedores.mercadolibre.com.ar/publicar/kit?pre_charged_ups=MLAU3089867878
multipack,4,CR01600000NVLS63B80A,envío,0.0,22923.0,"el ahorro de envío supone que, sin el pack, serían compras separadas",Nivel Bulit 3 Burbujas 800mm Aluminio,55545.0,222180.0,22923.0,0.1237,0.15,Bulit,0.1237,la economía del kit,gold_pro,194693.27,4 unidades en una venta ahorran $22.923 de envío ($30.564 → $7.641),3,MLA1139047499,MLAU283727925,https://vendedores.mercadolibre.com.ar/publicar/kit?pre_charged_ups=MLAU283727925
multipack,4,CR016000000CDBC330AR X 2 UNIDADES,envío,0.0,22923.0,"el ahorro de envío supone que, sin el pack, serían compras separadas",2 Candados Bulit De Aleación Aluminio De Combinación 30mm Ro,43500.0,174000.0,22923.0,0.1416,0.15,Bulit,0.1416,la economía del kit,gold_pro,149354.08,4 unidades en una venta ahorran $22.923 de envío ($30.564 → $7.641),3,MLA1877751561,MLAU283504531,https://vendedores.mercadolibre.com.ar/publicar/kit?pre_charged_ups=MLAU283504531
multipack,4,CR01600000CTAMCA5C75,envío,0.0,22923.0,"el ahorro de envío supone que, sin el pack, serían compras separadas","Bulit Cta Mca 5c 7,5",42544.0,170176.0,22923.0,0.1575,0.15,Bulit,0.15,la marca,gold_special,144649.6,4 unidades en una venta ahorran $22.923 de envío ($30.564 → $7.641),3,MLA2212594926,MLAU3140943688,https://vendedores.mercadolibre.com.ar/publicar/kit?pre_charged_ups=MLAU3140943688
multipack,4,CR044000000000DHW6FB,envío,0.0,22923.0,"el ahorro de envío supone que, sin el pack, serían compras separadas",Mochila Inodoro Ferrum Marina Blanco Depósito Apoyo Dual Dhw,927188.0,3708752.0,22923.0,0.0074,0.25,Ferrum,0.0074,la economía del kit,gold_special,3681265.27,4 unidades en una venta ahorran $22.923 de envío ($30.564 → $7.641),2,MLA2020281100,MLAU3090451483,https://vendedores.mercadolibre.com.ar/publicar/kit?pre_charged_ups=MLAU3090451483
multipack,4,CR0450000004110287CR,envío,0.0,22923.0,"el ahorro de envío supone que, sin el pack, serían compras separadas",Grifería Monocomando Para Lavatorio Fv Temple De Mesada Crom,818045.0,3272180.0,22923.0,0.0082,0.25,FV,0.0082,la economía del kit,gold_special,3245432.04,4 unidades en una venta ahorran $22.923 de envío ($30.564 → $7.641),2,MLA2073702536,MLAU3164821794,https://vendedores.mercadolibre.com.ar/publicar/kit?pre_charged_ups=MLAU3164821794
multipack,4,CR044000000000IJLMJB,envío,0.0,22923.0,"el ahorro de envío supone que, sin el pack, serían compras separadas",Ferrum Varese Inodoro Largo Blanco Ijlmj-b Blanco,706033.0,2824132.0,22923.0,0.0097,0.25,Ferrum,0.0097,la economía del kit,gold_special,2796645.27,4 unidades en una venta ahorran $22.923 de envío ($30.564 → $7.641),2,MLA2020292322,MLAU3022336104,https://vendedores.mercadolibre.com.ar/publicar/kit?pre_charged_ups=MLAU3022336104
multipack,4,CR0450000000031039CR,envío,0.0,22923.0,"el ahorro de envío supone que, sin el pack, serían compras separadas",Fv Griferia Libby 0310/39 Baño Monocomando Ducha Exterior Ac,602199.52,2408798.08,22923.0,0.0143,0.25,FV,0.0143,la economía del kit,gold_pro,2374275.49,4 unidades en una venta ahorran $22.923 de envío ($30.564 → $7.641),2,MLA2095007680,MLAU3092355234,https://vendedores.mercadolibre.com.ar/publicar/kit?pre_charged_ups=MLAU3092355234
multipack,4,CR04500000000103H6CR,envío,0.0,22923.0,"el ahorro de envío supone que, sin el pack, serían compras separadas",Grifería De Ducha Fv Arrayán Con Transferencia Cromo Baño Cr,500177.0,2000708.0,22923.0,0.0137,0.25,FV,0.0137,la economía del kit,gold_special,1973221.27,4 unidades en una venta ahorran $22.923 de envío ($30.564 → $7.641),2,MLA2072335402,MLAU3163499164,https://vendedores.mercadolibre.com.ar/publicar/kit?pre_charged_ups=MLAU3163499164
multipack,4,CR0181913100200,envío,0.0,22923.0,"el ahorro de envío supone que, sin el pack, serían compras separadas","Depósito De Apoyo Roca Debba Mochila Para Inodoro 3/4,5 Lts",307092.0,1228368.0,22923.0,0.0271,0.25,Roca,0.0271,la economía del kit,gold_pro,1195113.43,4 unidades en una venta ahorran $22.923 de envío ($30.564 → $7.641),2,MLA3183300544,MLAU3445216348,https://vendedores.mercadolibre.com.ar/publicar/kit?pre_charged_ups=MLAU3445216348
multipack,4,CR0410000000252302BG,envío,0.0,22923.0,"el ahorro de envío supone que, sin el pack, serían compras separadas",Grifería Cocina Vasser Agatha Pico Movil Flexible White Gold,261275.68,1045102.72,22923.0,0.0263,0.25,Vasser,0.0263,la economía del kit,gold_pro,1017615.99,4 unidades en una venta ahorran $22.923 de envío ($30.564 → $7.641),2,MLA2044349764,MLAU3107959840,https://vendedores.mercadolibre.com.ar/publicar/kit?pre_charged_ups=MLAU3107959840
multipack,4,CR04500000000103E4CR,envío,0.0,22923.0,"el ahorro de envío supone que, sin el pack, serían compras separadas",Grifería Para Ducha Fv Con Transferencia Acabado Cromo Baño ,251040.0,1004160.0,22923.0,0.0274,0.25,FV,0.0274,la economía del kit,gold_special,976673.27,4 unidades en una venta ahorran $22.923 de envío ($30.564 → $7.641),2,MLA2402571758,MLAU3449177179,https://vendedores.mercadolibre.com.ar/publicar/kit?pre_charged_ups=MLAU3449177179
multipack,4,CR0181915000200,envío,0.0,22923.0,"el ahorro de envío supone que, sin el pack, serían compras separadas",Bidet Con 3 Agujeros Roca Debba - Porcelana Blanco Baño - Bl,195787.0,783148.0,22923.0,0.0441,0.25,Roca,0.0441,la economía del kit,gold_special,748625.41,4 unidades en una venta ahorran $22.923 de envío ($30.564 → $7.641),2,MLA2330131272,MLAU3406185521,https://vendedores.mercadolibre.com.ar/publicar/kit?pre_charged_ups=MLAU3406185521
multipack,4,CR00200DSK81030,envío,0.0,22923.0,"el ahorro de envío supone que, sin el pack, serían compras separadas",Canilla Ducha Danska Eira Cruz Para Bañera C. Transferencia ,154213.0,616852.0,22923.0,0.0486,0.25,Danska,0.0486,la economía del kit,gold_pro,586850.98,4 unidades en una venta ahorran $22.923 de envío ($30.564 → $7.641),2,MLA2082889248,MLAU3175507563,https://vendedores.mercadolibre.com.ar/publicar/kit?pre_charged_ups=MLAU3175507563
multipack,4,CR0020000009004,envío,0.0,22923.0,"el ahorro de envío supone que, sin el pack, serían compras separadas",Grifería Cocina Aukan Doble Comando Embutir Cromo Negro Giro,86897.0,347588.0,22923.0,0.0791,0.25,Aukan,0.0791,la economía del kit,gold_special,320101.27,4 unidades en una venta ahorran $22.923 de envío ($30.564 → $7.641),2,MLA1791765334,MLAU217162597,https://vendedores.mercadolibre.com.ar/publicar/kit?pre_charged_ups=MLAU217162597
multipack,4,CR0160000000CJBB120D,envío,0.0,22923.0,"el ahorro de envío supone que, sin el pack, serían compras separadas",Cerrojo Bulit Lado Derecho Serie 600,76259.0,305036.0,22923.0,0.0919,0.15,Bulit,0.0919,la economía del kit,gold_pro,276999.19,4 unidades en una venta ahorran $22.923 de envío ($30.564 → $7.641),2,MLA1139047463,MLAU1470915130,https://vendedores.mercadolibre.com.ar/publicar/kit?pre_charged_ups=MLAU1470915130
multipack,4,CR016000000LNAR8300L,envío,0.0,22923.0,"el ahorro de envío supone que, sin el pack, serían compras separadas",Linterna Outdoor Bulit Cargador Usb C 300lm 3w Blanco Negro,44464.0,177856.0,22923.0,0.1545,0.15,Bulit,0.15,la marca,gold_special,151177.6,4 unidades en una venta ahorran $22.923 de envío ($30.564 → $7.641),2,MLA2619308016,MLAU3649395502,https://vendedores.mercadolibre.com.ar/publicar/kit?pre_charged_ups=MLAU3649395502
multipack,4,CR04500000000295H4CR,envío,0.0,22923.0,"el ahorro de envío supone que, sin el pack, serían compras separadas",Griferia Fv Bidet Chaltén H4 Cromo 0295/h4 Cierre Ceramico A,852965.43,3411861.72,22923.0,0.0081,0.25,FV,0.0081,la economía del kit,gold_pro,3384374.99,4 unidades en una venta ahorran $22.923 de envío ($30.564 → $7.641),1,MLA2473499342,MLAU3159375911,https://vendedores.mercadolibre.com.ar/publicar/kit?pre_charged_ups=MLAU3159375911
multipack,4,CR04500000000207H4CR,envío,0.0,22923.0,"el ahorro de envío supone que, sin el pack, serían compras separadas",Grifería De Lavatorio Fv Chaltén Cierre Cerámico Cromo Baño ,820753.0,3283012.0,22923.0,0.0084,0.25,FV,0.0084,la economía del kit,gold_special,3255525.27,4 unidades en una venta ahorran $22.923 de envío ($30.564 → $7.641),1,MLA2073470858,MLAU3164725242,https://vendedores.mercadolibre.com.ar/publicar/kit?pre_charged_ups=MLAU3164725242
multipack,4,CR044000000000DCW4AB,envío,0.0,22923.0,"el ahorro de envío supone que, sin el pack, serían compras separadas",Depósito De Apoyar Descarga Dual Ferrum Limay Dcw4a-b Color ,490651.52,1962606.08,22923.0,0.014,0.25,Ferrum,0.014,la economía del kit,gold_pro,1935119.35,4 unidades en una venta ahorran $22.923 de envío ($30.564 → $7.641),1,MLA2027641026,MLAU3090451695,https://vendedores.mercadolibre.com.ar/publicar/kit?pre_charged_ups=MLAU3090451695
multipack,4,CR01600000000SMZ300A X 12 UNIDADES,envío,0.0,22923.0,"el ahorro de envío supone que, sin el pack, serían compras separadas",Caja De 12 Selladores Suprabond Zinguería  300ml Aluminio,474010.0,1896040.0,22923.0,0.0145,0.15,Suprabond,0.0145,la economía del kit,gold_pro,1868553.27,4 unidades en una venta ahorran $22.923 de envío ($30.564 → $7.641),1,MLA1139028481,MLAU216697817,https://vendedores.mercadolibre.com.ar/publicar/kit?pre_charged_ups=MLAU216697817
multipack,4,CR044000000000XL32TB,envío,0.0,22923.0,"el ahorro de envío supone que, sin el pack, serían compras separadas",Mueble De Colgar Ferrum Tori Vanitory Color Blanco - Baño Bl,385775.0,1543100.0,22923.0,0.0178,0.25,Ferrum,0.0178,la economía del kit,gold_special,1515613.27,4 unidades en una venta ahorran $22.923 de envío ($30.564 → $7.641),1,MLA2067527424,MLAU3153376922,https://vendedores.mercadolibre.com.ar/publicar/kit?pre_charged_ups=MLAU3153376922
multipack,4,CR0020000054001,envío,0.0,22923.0,"el ahorro de envío supone que, sin el pack, serían compras separadas",Grifo Cocina Monocomando Deca Spin Pico Alto Móvil Aireador ,352025.0,1408100.0,22923.0,0.0195,0.25,Deca,0.0195,la economía del kit,gold_special,1380613.27,4 unidades en una venta ahorran $22.923 de envío ($30.564 → $7.641),1,MLA1147104701,MLAU218143443,https://vendedores.mercadolibre.com.ar/publicar/kit?pre_charged_ups=MLAU218143443
multipack,4,CR0181912400200,envío,0.0,22923.0,"el ahorro de envío supone que, sin el pack, serían compras separadas",Inodoro Largo Roca Debba Rimless - Porcelana Blanco Baño Bla,279260.0,1117040.0,22923.0,0.0309,0.25,Roca,0.0309,la economía del kit,gold_special,1082517.41,4 unidades en una venta ahorran $22.923 de envío ($30.564 → $7.641),1,MLA2746654258,MLAU3412752752,https://vendedores.mercadolibre.com.ar/publicar/kit?pre_charged_ups=MLAU3412752752
multipack,4,CR0440000000000IKCMB,envío,0.0,22923.0,"el ahorro de envío supone que, sin el pack, serían compras separadas",Inodoro Corto Ferrum Bari 6 Lts Porcelana Sanitaria - Baño B,268160.05,1072640.2,22923.0,0.0256,0.25,Ferrum,0.0256,la economía del kit,gold_pro,1045153.47,4 unidades en una venta ahorran $22.923 de envío ($30.564 → $7.641),1,MLA2038855866,MLAU3090451669,https://vendedores.mercadolibre.com.ar/publicar/kit?pre_charged_ups=MLAU3090451669
multipack,4,CR04400000000DKC6FB,envío,0.0,22923.0,"el ahorro de envío supone que, sin el pack, serían compras separadas",Depósito Ferrum Bari Mochila De Colgar A Codo De Colgar,260967.0,1043868.0,22923.0,0.0263,0.25,Ferrum,0.0263,la economía del kit,gold_pro,1016381.27,4 unidades en una venta ahorran $22.923 de envío ($30.564 → $7.641),1,MLA1641976829,MLAU3718975125,https://vendedores.mercadolibre.com.ar/publicar/kit?pre_charged_ups=MLAU3718975125
multipack,4,CR041000000000101042,envío,0.0,22923.0,"el ahorro de envío supone que, sin el pack, serían compras separadas",Grifería Para Ducha Vasser Lyra Cuerpo Bronce Baño Bañera,215437.0,861748.0,22923.0,0.0319,0.25,Vasser Grifería,0.0319,la economía del kit,gold_special,834261.27,4 unidades en una venta ahorran $22.923 de envío ($30.564 → $7.641),1,MLA2027702864,MLAU3085003171,https://vendedores.mercadolibre.com.ar/publicar/kit?pre_charged_ups=MLAU3085003171
multipack,4,CR0160000LLVCR812T20,envío,0.0,22923.0,"el ahorro de envío supone que, sin el pack, serían compras separadas",Juego De Llave Criquet Bulit 18 Tubos + Alargue - 1/2 - S800,202302.0,809208.0,22923.0,0.034,0.15,Bulit,0.034,la economía del kit,gold_pro,781721.27,4 unidades en una venta ahorran $22.923 de envío ($30.564 → $7.641),1,MLA2059738320,MLAU3089868322,https://vendedores.mercadolibre.com.ar/publicar/kit?pre_charged_ups=MLAU3089868322
multipack,4,CR016000000000SBD4ST,envío,0.0,22923.0,"el ahorro de envío supone que, sin el pack, serían compras separadas",Adhesivo Suprabond De Contacto Sin Tolueno - Lata 4 Litros,199961.0,799844.0,22923.0,0.0375,0.15,Suprabond,0.0375,la economía del kit,gold_pro,769815.14,4 unidades en una venta ahorran $22.923 de envío ($30.564 → $7.641),1,MLA2747742606,MLAU1546807018,https://vendedores.mercadolibre.com.ar/publicar/kit?pre_charged_ups=MLAU1546807018
multipack,4,CR0020000016035,envío,0.0,22923.0,"el ahorro de envío supone que, sin el pack, serían compras separadas",Grifo Para Ducha Aqualaf - Mailen - Cierre Cerámico Gris,195809.99,783239.96,22923.0,0.0351,0.25,Aqualaf,0.0351,la economía del kit,gold_pro,755753.23,4 unidades en una venta ahorran $22.923 de envío ($30.564 → $7.641),1,MLA1463081787,MLAU2915606757,https://vendedores.mercadolibre.com.ar/publicar/kit?pre_charged_ups=MLAU2915606757
multipack,4,CR044000000000TFXUEB,envío,0.0,22923.0,"el ahorro de envío supone que, sin el pack, serían compras separadas",Tapa Inodoro Ferrum Confort Asiento Universal Caída Suave Bl,180062.86,720251.44,22923.0,0.0382,0.25,Ferrum,0.0382,la economía del kit,gold_pro,692764.71,4 unidades en una venta ahorran $22.923 de envío ($30.564 → $7.641),1,MLA2017010428,MLAU3090449851,https://vendedores.mercadolibre.com.ar/publicar/kit?pre_charged_ups=MLAU3090449851
multipack,4,CR04500000000106M4CR,envío,0.0,22923.0,"el ahorro de envío supone que, sin el pack, serían compras separadas",Grifería Para Ducha Fv Compacta Monocomando Embutir C.transf,169075.0,676300.0,22923.0,0.0396,0.25,FV,0.0396,la economía del kit,gold_special,649552.04,4 unidades en una venta ahorran $22.923 de envío ($30.564 → $7.641),1,MLA2038946820,MLAU3090430497,https://vendedores.mercadolibre.com.ar/publicar/kit?pre_charged_ups=MLAU3090430497
multipack,4,CR0181950003200,envío,0.0,22923.0,"el ahorro de envío supone que, sin el pack, serían compras separadas",Bacha Roca Debba Monocomando - Lavatorio 3 Agujeros Blanco B,159842.0,639368.0,22923.0,0.043,0.25,Roca,0.043,la economía del kit,gold_special,611881.27,4 unidades en una venta ahorran $22.923 de envío ($30.564 → $7.641),1,MLA2957657304,MLAU3824555770,https://vendedores.mercadolibre.com.ar/publicar/kit?pre_charged_ups=MLAU3824555770
multipack,4,CR042000000000200020,envío,0.0,22923.0,"el ahorro de envío supone que, sin el pack, serían compras separadas",Balde Mopa Centrifuga La Gauchita Max Twist 360 Blanco,156696.0,626784.0,22923.0,0.0547,0.25,La Gauchita,0.0547,la economía del kit,gold_pro,592468.13,4 unidades en una venta ahorran $22.923 de envío ($30.564 → $7.641),1,MLA2177080328,MLAU2968710897,https://vendedores.mercadolibre.com.ar/publicar/kit?pre_charged_ups=MLAU2968710897
multipack,4,CR01600000000CAD3815 + CR01600000000CDBC4PP,envío,0.0,22923.0,"el ahorro de envío supone que, sin el pack, serían compras separadas",Cadena Bulit Máxima Seguridad 150cm + Candado De Combinación,140826.0,563304.0,22923.0,0.0552,0.15,Bulit,0.0552,la economía del kit,gold_pro,532200.88,4 unidades en una venta ahorran $22.923 de envío ($30.564 → $7.641),1,MLA1139051030,MLAU216762196,https://vendedores.mercadolibre.com.ar/publicar/kit?pre_charged_ups=MLAU216762196
multipack,4,CR01600000CHMG30UN17 + CR01600000000CPX2100,envío,0.0,22923.0,"el ahorro de envío supone que, sin el pack, serían compras separadas",Pistola Encoladora Suprabond Modelo Px 2100 + Barras 500g Sc,132235.0,528940.0,22923.0,0.0592,0.15,Suprabond,0.0592,la economía del kit,gold_pro,497624.43,4 unidades en una venta ahorran $22.923 de envío ($30.564 → $7.641),1,MLA2760182872,MLAU292110421,https://vendedores.mercadolibre.com.ar/publicar/kit?pre_charged_ups=MLAU292110421
multipack,4,CR01600000DSA4CP1151 X 100 UNIDADES,envío,0.0,22923.0,"el ahorro de envío supone que, sin el pack, serían compras separadas",100 Discos De Corte Bulit Amoladora S400 115 1 4.5 Pulgadas ,129800.0,519200.0,22923.0,0.0529,0.15,Bulit,0.0529,la economía del kit,gold_special,491713.27,4 unidades en una venta ahorran $22.923 de envío ($30.564 → $7.641),1,MLA857691435,MLAU292774507,https://vendedores.mercadolibre.com.ar/publicar/kit?pre_charged_ups=MLAU292774507
multipack,4,CR016000000000SLTEAM X 10 UNIDADES,envío,0.0,22923.0,"el ahorro de envío supone que, sin el pack, serían compras separadas",10 Burletes Suprabond Goma Espuma Extra Ancho 5m Marrón Marr,117130.0,468520.0,22923.0,0.0587,0.15,Suprabond,0.0587,la economía del kit,gold_pro,441033.27,4 unidades en una venta ahorran $22.923 de envío ($30.564 → $7.641),1,MLA856022616,MLAU1280684168,https://vendedores.mercadolibre.com.ar/publicar/kit?pre_charged_ups=MLAU1280684168
multipack,4,CR0020000506015,envío,0.0,22923.0,"el ahorro de envío supone que, sin el pack, serían compras separadas",Grifo Canilla Deca Bacha Baño Lavatorio De Pared Lever Flex ,114341.0,457364.0,22923.0,0.0601,0.25,Deca,0.0601,la economía del kit,gold_special,429877.27,4 unidades en una venta ahorran $22.923 de envío ($30.564 → $7.641),1,MLA1147104555,MLAU227184700,https://vendedores.mercadolibre.com.ar/publicar/kit?pre_charged_ups=MLAU227184700
multipack,4,CR018A801B22002,envío,0.0,22923.0,"el ahorro de envío supone que, sin el pack, serían compras separadas",Asiento De Inodoro Debba Square Blanco Para Inodoro Roca Bla,104030.0,416120.0,22923.0,0.0661,0.25,Pontto Lavabo,0.0661,la economía del kit,gold_special,388633.27,4 unidades en una venta ahorran $22.923 de envío ($30.564 → $7.641),1,MLA2330207622,MLAU3412574824,https://vendedores.mercadolibre.com.ar/publicar/kit?pre_charged_ups=MLAU3412574824
multipack,4,CR016000CDBLINA120LV,envío,0.0,22923.0,"el ahorro de envío supone que, sin el pack, serían compras separadas",Linga Bulit Máxima Seguridad - Acero Reforzado 22mm Negro,98700.0,394800.0,22923.0,0.0675,0.15,Bulit,0.0675,la economía del kit,gold_pro,368145.35,4 unidades en una venta ahorran $22.923 de envío ($30.564 → $7.641),1,MLA1139034788,MLAU1186873664,https://vendedores.mercadolibre.com.ar/publicar/kit?pre_charged_ups=MLAU1186873664
multipack,4,CR0050000800003,envío,0.0,22923.0,"el ahorro de envío supone que, sin el pack, serían compras separadas",Venecita Fluvial Revestimiento Mosaico Interior Exterior 3m2,94797.0,379188.0,22923.0,0.0725,0.25,Fluvial,0.0725,la economía del kit,gold_pro,351703.93,4 unidades en una venta ahorran $22.923 de envío ($30.564 → $7.641),1,MLA1579424243,MLAU3550357353,https://vendedores.mercadolibre.com.ar/publicar/kit?pre_charged_ups=MLAU3550357353
multipack,4,CR0080DSKLUMICM,envío,0.0,22923.0,"el ahorro de envío supone que, sin el pack, serían compras separadas",Grifería De Cocina Monocomando Danska Lumi Acero Inoxidable ,75001.0,300004.0,22923.0,0.1047,0.25,Danska,0.1047,la economía del kit,gold_pro,268602.63,4 unidades en una venta ahorran $22.923 de envío ($30.564 → $7.641),1,MLA1592912265,MLAU3624989599,https://vendedores.mercadolibre.com.ar/publicar/kit?pre_charged_ups=MLAU3624989599
multipack,4,CR01600000CHMF30UT41 + CR01600000CHMG30UN17,envío,0.0,22923.0,"el ahorro de envío supone que, sin el pack, serían compras separadas",Barras Suprabond Finas 500g + Barras Suprabond Gruesas 500g,69811.0,279244.0,22923.0,0.0984,0.15,Suprabond,0.0984,la economía del kit,gold_pro,251757.27,4 unidades en una venta ahorran $22.923 de envío ($30.564 → $7.641),1,MLA1139047511,MLAU287564782,https://vendedores.mercadolibre.com.ar/publicar/kit?pre_charged_ups=MLAU287564782
multipack,4,CR0020000013015,envío,0.0,22923.0,"el ahorro de envío supone que, sin el pack, serían compras separadas",Grifería Para Lavatorio Aqualaf Pared - Napoli Baño Eco Crom,67993.0,271972.0,22923.0,0.0983,0.25,Aqualaf,0.0983,la economía del kit,gold_special,245224.04,4 unidades en una venta ahorran $22.923 de envío ($30.564 → $7.641),1,MLA1736372205,MLAU3878937737,https://vendedores.mercadolibre.com.ar/publicar/kit?pre_charged_ups=MLAU3878937737
multipack,4,CR01600000000SLTE5BI X 5 UNIDADES,envío,0.0,22923.0,"el ahorro de envío supone que, sin el pack, serían compras separadas",5 Burletes Autoadhesivos De Goma Perfil E Color Blanco Marró,64131.0,256524.0,22923.0,0.1071,0.15,Suprabond,0.1071,la economía del kit,gold_pro,229044.59,4 unidades en una venta ahorran $22.923 de envío ($30.564 → $7.641),1,MLA1139075462,MLAU2537339543,https://vendedores.mercadolibre.com.ar/publicar/kit?pre_charged_ups=MLAU2537339543
multipack,4,CR0160000000CCOTJ600,envío,0.0,22923.0,"el ahorro de envío supone que, sin el pack, serían compras separadas",Tijera Corta Caño Automática Bulit Serie 600,61183.0,244732.0,22923.0,0.1192,0.15,Bulit,0.1192,la economía del kit,gold_pro,215560.98,4 unidades en una venta ahorran $22.923 de envío ($30.564 → $7.641),1,MLA2036402660,MLAU283449039,https://vendedores.mercadolibre.com.ar/publicar/kit?pre_charged_ups=MLAU283449039
multipack,4,CR00200DSK92004,envío,0.0,22923.0,"el ahorro de envío supone que, sin el pack, serían compras separadas",Grifería De Cocina Danska Arhus Canilla Cierre Cerámico Acab,59418.53,237674.12,22923.0,0.1125,0.25,Danska,0.1125,la economía del kit,gold_pro,210926.16,4 unidades en una venta ahorran $22.923 de envío ($30.564 → $7.641),1,MLA2693057428,MLAU3171007520,https://vendedores.mercadolibre.com.ar/publicar/kit?pre_charged_ups=MLAU3171007520
multipack,4,CR01600000000CDBAS50 + CR016000000000CAD141,envío,0.0,22923.0,"el ahorro de envío supone que, sin el pack, serían compras separadas",Cadena Bulit Aro Cementado 1/4 1 Metro + Candado 50 Acero N ,57222.0,228888.0,22923.0,0.1165,0.15,Bulit,0.1165,la economía del kit,gold_special,202233.35,4 unidades en una venta ahorran $22.923 de envío ($30.564 → $7.641),1,MLA2681945230,MLAU3685634242,https://vendedores.mercadolibre.com.ar/publicar/kit?pre_charged_ups=MLAU3685634242
multipack,4,CR01600000SRJPN240DF,envío,0.0,22923.0,"el ahorro de envío supone que, sin el pack, serían compras separadas",Serrucho Japonés Bulit Doble Filo 240mm Sk5 7/17t Rojo Negro,48189.0,192756.0,22923.0,0.1391,0.15,Bulit,0.1391,la economía del kit,gold_special,165945.48,4 unidades en una venta ahorran $22.923 de envío ($30.564 → $7.641),1,MLA2834009720,MLAU3769669413,https://vendedores.mercadolibre.com.ar/publicar/kit?pre_charged_ups=MLAU3769669413
multipack,4,CR01600000000CDBAS40 + CR016000000000CAD385,envío,0.0,22923.0,"el ahorro de envío supone que, sin el pack, serían compras separadas",Cadena Bulit Seguridad Max Acero Cementado 50cm + Candado 40,46981.0,187924.0,22923.0,0.1463,0.15,Bulit,0.1463,la economía del kit,gold_special,160437.27,4 unidades en una venta ahorran $22.923 de envío ($30.564 → $7.641),1,MLA1610532161,MLAU3677546567,https://vendedores.mercadolibre.com.ar/publicar/kit?pre_charged_ups=MLAU3677546567
multipack,4,CR016000000LXAR8200L,envío,0.0,22923.0,"el ahorro de envío supone que, sin el pack, serían compras separadas",Luz Auxiliar Bulit Multifuncion Outdoor Serie 800 Blanca Neg,44464.0,177856.0,22923.0,0.1545,0.15,Bulit,0.15,la marca,gold_special,151177.6,4 unidades en una venta ahorran $22.923 de envío ($30.564 → $7.641),1,MLA1699083177,MLAU3843929880,https://vendedores.mercadolibre.com.ar/publicar/kit?pre_charged_ups=MLAU3843929880
multipack,4,CR016000LNAR8200LBCP,envío,0.0,22923.0,"el ahorro de envío supone que, sin el pack, serían compras separadas",Linterna Bicicleta Portátil Bulit Cargador Usb C 200lm 8w Ne,43229.0,172916.0,22923.0,0.159,0.15,Bulit,0.15,la marca,gold_special,146978.6,4 unidades en una venta ahorran $22.923 de envío ($30.564 → $7.641),1,MLA2617826194,MLAU3640567683,https://vendedores.mercadolibre.com.ar/publicar/kit?pre_charged_ups=MLAU3640567683
multipack,4,CR030000000000008907,envío,0.0,22923.0,"el ahorro de envío supone que, sin el pack, serían compras separadas",Spot Empotrable Led Park Gu10 Embutir Piso Cuadrado Premium ,40097.0,160388.0,22923.0,0.1714,0.25,180° Iluminación,0.1714,la economía del kit,gold_special,132901.27,4 unidades en una venta ahorran $22.923 de envío ($30.564 → $7.641),1,MLA2037178602,MLAU3086595677,https://vendedores.mercadolibre.com.ar/publicar/kit?pre_charged_ups=MLAU3086595677
multipack,4,CR04500000000130N4CR,envío,0.0,22923.0,"el ahorro de envío supone que, sin el pack, serían compras separadas",Griferia De Bañera Con Termostato Fv Clip Monocomando Cromo ,6372288.8,25489155.2,22923.0,0.0011,0.25,FV,0.0011,la economía del kit,gold_pro,25461668.47,4 unidades en una venta ahorran $22.923 de envío ($30.564 → $7.641),0,MLA3157869824,MLAU3891641120,https://vendedores.mercadolibre.com.ar/publicar/kit?pre_charged_ups=MLAU3891641120
multipack,4,CR0450000000103R85CR,envío,0.0,22923.0,"el ahorro de envío supone que, sin el pack, serían compras separadas",Grifería Para Ducha Fv Dominic Cierre Cerámico Transferencia,1416190.48,5664761.92,22923.0,0.0049,0.25,FV,0.0049,la economía del kit,gold_pro,5637275.19,4 unidades en una venta ahorran $22.923 de envío ($30.564 → $7.641),0,MLA1679635905,MLAU3797901367,https://vendedores.mercadolibre.com.ar/publicar/kit?pre_charged_ups=MLAU3797901367
multipack,4,BICICLETA ENOVA,envío,0.0,22923.0,"el ahorro de envío supone que, sin el pack, serían compras separadas",Bicicleta Eléctrica Asistida Enova 350v Shimano Epac Rod 26 ,1200000.0,4800000.0,22923.0,0.0057,0.25,Enova,0.0057,la economía del kit,gold_special,4772513.27,4 unidades en una venta ahorran $22.923 de envío ($30.564 → $7.641),0,MLA1796915967,MLAU3978930031,https://vendedores.mercadolibre.com.ar/publicar/kit?pre_charged_ups=MLAU3978930031
multipack,4,CR044000000000IHLMJB,envío,0.0,22923.0,"el ahorro de envío supone que, sin el pack, serían compras separadas",Inodoro Largo Ferrum Marina Blanco Ihlj Blanco,1044708.0,4178832.0,22923.0,0.0066,0.25,Ferrum,0.0066,la economía del kit,gold_special,4151345.27,4 unidades en una venta ahorran $22.923 de envío ($30.564 → $7.641),0,MLA2255527968,MLAU3017116107,https://vendedores.mercadolibre.com.ar/publicar/kit?pre_charged_ups=MLAU3017116107
multipack,4,CR0181111240200,envío,0.0,22923.0,"el ahorro de envío supone que, sin el pack, serían compras separadas",Inodoro Largo Roca The Gap Rimless Blanco,724529.0,2898116.0,22923.0,0.0095,0.25,Roca,0.0095,la economía del kit,gold_special,2870629.27,4 unidades en una venta ahorran $22.923 de envío ($30.564 → $7.641),0,MLA2957192090,MLAU3824532282,https://vendedores.mercadolibre.com.ar/publicar/kit?pre_charged_ups=MLAU3824532282
multipack,4,CR018A8062AC004,envío,0.0,22923.0,"el ahorro de envío supone que, sin el pack, serían compras separadas",Tapa Para Bidet Roca Con Caída Amortiguada 1 Agujero - Baño ,655655.85,2622623.4,22923.0,0.0105,0.25,Roca,0.0105,la economía del kit,gold_pro,2595136.67,4 unidades en una venta ahorran $22.923 de envío ($30.564 → $7.641),0,MLA1562772599,MLAU3159435617,https://vendedores.mercadolibre.com.ar/publicar/kit?pre_charged_ups=MLAU3159435617
multipack,4,CR0183475147212,envío,0.0,22923.0,"el ahorro de envío supone que, sin el pack, serían compras separadas",Vanitory Suspendido Roca Mahler Kendal Dos Cajones - Baño Ma,643159.04,2572636.16,22923.0,0.0122,0.25,Roca,0.0122,la economía del kit,gold_pro,2541234.79,4 unidades en una venta ahorran $22.923 de envío ($30.564 → $7.641),0,MLA2293655250,MLAU3381174611,https://vendedores.mercadolibre.com.ar/publicar/kit?pre_charged_ups=MLAU3381174611
multipack,4,CR0180111123200,envío,0.0,22923.0,"el ahorro de envío supone que, sin el pack, serían compras separadas",Inodoro Largo Gap Roca Loza Sanitaria Blanco,594035.0,2376140.0,22923.0,0.0116,0.25,Roca,0.0116,la economía del kit,gold_pro,2348653.27,4 unidades en una venta ahorran $22.923 de envío ($30.564 → $7.641),0,MLA3249993070,MLAU3924708809,https://vendedores.mercadolibre.com.ar/publicar/kit?pre_charged_ups=MLAU3924708809
multipack,4,CR0183475137220,envío,0.0,22923.0,"el ahorro de envío supone que, sin el pack, serían compras separadas",Mueble Para Baño Roca Kendal 500 Vanitory Kendal Blano Un Ag,409198.54,1636794.16,22923.0,0.0168,0.25,Roca,0.0168,la economía del kit,gold_pro,1609307.43,4 unidades en una venta ahorran $22.923 de envío ($30.564 → $7.641),0,MLA2957864366,MLAU3824571324,https://vendedores.mercadolibre.com.ar/publicar/kit?pre_charged_ups=MLAU3824571324
multipack,4,CR04500000000106D8NG,envío,0.0,22923.0,"el ahorro de envío supone que, sin el pack, serían compras separadas",Grifería De Ducha Fv Aromo Black Outlet Negro Mate,390000.0,1560000.0,22923.0,0.0171,0.25,FV,0.0171,la economía del kit,gold_special,1533252.04,4 unidades en una venta ahorran $22.923 de envío ($30.564 → $7.641),0,MLA3403047288,MLAU4042738686,https://vendedores.mercadolibre.com.ar/publicar/kit?pre_charged_ups=MLAU4042738686
multipack,4,CR0183475120200,envío,0.0,22923.0,"el ahorro de envío supone que, sin el pack, serían compras separadas",Vanitory De Apoyo Roca Mahler 500 Mueble Blanco S. Bacha Bla,335578.0,1342312.0,22923.0,0.0205,0.25,Roca,0.0205,la economía del kit,gold_special,1314825.27,4 unidades en una venta ahorran $22.923 de envío ($30.564 → $7.641),0,MLA2106076788,MLAU3186906042,https://vendedores.mercadolibre.com.ar/publicar/kit?pre_charged_ups=MLAU3186906042
multipack,4,CR018A801B2200B,envío,0.0,22923.0,"el ahorro de envío supone que, sin el pack, serían compras separadas",Tapa Asiento Roca Inodoro Debba Supralit Caida Amortiguada B,335078.0,1340312.0,22923.0,0.0205,0.25,Roca,0.0205,la economía del kit,gold_special,1312825.27,4 unidades en una venta ahorran $22.923 de envío ($30.564 → $7.641),0,MLA2330143326,MLAU3412608020,https://vendedores.mercadolibre.com.ar/publicar/kit?pre_charged_ups=MLAU3412608020
multipack,4,CR0440000000000IKLMB,envío,0.0,22923.0,"el ahorro de envío supone que, sin el pack, serían compras separadas",Inodoro Largo Ferrum Bari Porcelana Sanitaria Baño Blanco,301605.0,1206420.0,22923.0,0.0228,0.25,Ferrum,0.0228,la economía del kit,gold_pro,1178933.27,4 unidades en una venta ahorran $22.923 de envío ($30.564 → $7.641),0,MLA1643248973,MLAU3730226856,https://vendedores.mercadolibre.com.ar/publicar/kit?pre_charged_ups=MLAU3730226856
multipack,4,CR041000000000101062,envío,0.0,22923.0,"el ahorro de envío supone que, sin el pack, serían compras separadas",Grifería Para Ducha Exterior Doble Comando Vasser Lyra 10/10,257041.0,1028164.0,22923.0,0.0267,0.25,Vasser,0.0267,la economía del kit,gold_special,1000677.27,4 unidades en una venta ahorran $22.923 de envío ($30.564 → $7.641),0,MLA2693082616,MLAU710308414,https://vendedores.mercadolibre.com.ar/publicar/kit?pre_charged_ups=MLAU710308414
multipack,4,CR0020000017030,envío,0.0,22923.0,"el ahorro de envío supone que, sin el pack, serían compras separadas",Grifería Para Ducha Aqualaf Con Transferencia - Quillen Baño,236054.0,944216.0,22923.0,0.0291,0.25,Aqualaf,0.0291,la economía del kit,gold_special,916729.27,4 unidades en una venta ahorran $22.923 de envío ($30.564 → $7.641),0,MLA1736336793,MLAU3878955913,https://vendedores.mercadolibre.com.ar/publicar/kit?pre_charged_ups=MLAU3878955913
multipack,4,CR0020000078035,envío,0.0,22923.0,"el ahorro de envío supone que, sin el pack, serían compras separadas",Grifería Para Bañera Aqualaf St Cuadrada - Napoli Cruz Black,233905.86,935623.44,22923.0,0.0294,0.25,Aqualaf,0.0294,la economía del kit,gold_pro,908136.71,4 unidades en una venta ahorran $22.923 de envío ($30.564 → $7.641),0,MLA2747613258,MLAU209243686,https://vendedores.mercadolibre.com.ar/publicar/kit?pre_charged_ups=MLAU209243686
multipack,4,CR0020000079015,envío,0.0,22923.0,"el ahorro de envío supone que, sin el pack, serían compras separadas",Aqualaf Napoli 79015 Grifería De Baño Negro Mate,225228.55,900914.2,22923.0,0.0305,0.25,Aqualaf,0.0305,la economía del kit,gold_pro,873427.47,4 unidades en una venta ahorran $22.923 de envío ($30.564 → $7.641),0,MLA1562507217,MLAU3085111307,https://vendedores.mercadolibre.com.ar/publicar/kit?pre_charged_ups=MLAU3085111307
multipack,4,CR04400000TRAJG302BR,envío,0.0,22923.0,"el ahorro de envío supone que, sin el pack, serían compras separadas",Vanitory De Pie Traful - Ferrum Lavatorio Acrílico + Mueble ,207322.38,829289.52,22923.0,0.0331,0.25,Ferrum,0.0331,la economía del kit,gold_pro,801802.79,4 unidades en una venta ahorran $22.923 de envío ($30.564 → $7.641),0,MLA1529622649,MLAU3416438744,https://vendedores.mercadolibre.com.ar/publicar/kit?pre_charged_ups=MLAU3416438744
multipack,4,CR01600000000CASBILN,envío,0.0,22923.0,"el ahorro de envío supone que, sin el pack, serían compras separadas",Casco Bicicleta Bulit Ultra Liviano Con Luz Led - Negro L Ne,196233.0,784932.0,22923.0,0.035,0.15,Bulit,0.035,la economía del kit,gold_pro,757445.27,4 unidades en una venta ahorran $22.923 de envío ($30.564 → $7.641),0,MLA1463223457,MLAU2871358296,https://vendedores.mercadolibre.com.ar/publicar/kit?pre_charged_ups=MLAU2871358296
multipack,4,CR01600000000CASBIMR,envío,0.0,22923.0,"el ahorro de envío supone que, sin el pack, serían compras separadas",Casco Bicicleta Bulit Ultra Liviano Con Luz Led - Rojo M Roj,196233.0,784932.0,22923.0,0.035,0.15,Bulit,0.035,la economía del kit,gold_pro,757445.27,4 unidades en una venta ahorran $22.923 de envío ($30.564 → $7.641),0,MLA1968055770,MLAU2871356422,https://vendedores.mercadolibre.com.ar/publicar/kit?pre_charged_ups=MLAU2871356422
multipack,4,CR01600000000CASBIMB,envío,0.0,22923.0,"el ahorro de envío supone que, sin el pack, serían compras separadas",Bulit Talle M Blanco Blanco M,196233.0,784932.0,22923.0,0.035,0.15,Bulit,0.035,la economía del kit,gold_pro,757445.27,4 unidades en una venta ahorran $22.923 de envío ($30.564 → $7.641),0,MLA2473614238,MLAU2866419573,https://vendedores.mercadolibre.com.ar/publicar/kit?pre_charged_ups=MLAU2866419573
multipack,4,CR0181915100200,envío,0.0,22923.0,"el ahorro de envío supone que, sin el pack, serían compras separadas",Bidet Roca Debba Monocomando - Porcelana Blanco Baño 1 Aguj ,195787.0,783148.0,22923.0,0.0441,0.25,Roca,0.0441,la economía del kit,gold_special,748625.41,4 unidades en una venta ahorran $22.923 de envío ($30.564 → $7.641),0,MLA2329963220,MLAU3412705766,https://vendedores.mercadolibre.com.ar/publicar/kit?pre_charged_ups=MLAU3412705766
multipack,4,CR0020000017035,envío,0.0,22923.0,"el ahorro de envío supone que, sin el pack, serían compras separadas",Grifería De Ducha Aqualaf Quillen Con Cierre Cerámico Cromo ,183688.0,734752.0,22923.0,0.0374,0.25,Aqualaf,0.0374,la economía del kit,gold_special,707265.27,4 unidades en una venta ahorran $22.923 de envío ($30.564 → $7.641),0,MLA1769510927,MLAU3936236924,https://vendedores.mercadolibre.com.ar/publicar/kit?pre_charged_ups=MLAU3936236924
multipack,4,CR0020000049015,envío,0.0,22923.0,"el ahorro de envío supone que, sin el pack, serían compras separadas",Grifería Baño Aqualaf Doble Comando De Pared Lamy Cromo Plat,183063.75,732255.0,22923.0,0.0375,0.25,Aqualaf,0.0375,la economía del kit,gold_pro,704768.27,4 unidades en una venta ahorran $22.923 de envío ($30.564 → $7.641),0,MLA2067499062,MLAU3090437222,https://vendedores.mercadolibre.com.ar/publicar/kit?pre_charged_ups=MLAU3090437222
multipack,4,CR04400000TRAJG301BR,envío,0.0,22923.0,"el ahorro de envío supone que, sin el pack, serían compras separadas",Vanitory Suspendido Traful Ferrum Lavatorio Acrílico Mueble ,167029.0,668116.0,22923.0,0.0411,0.25,Ferrum,0.0411,la economía del kit,gold_special,640629.27,4 unidades en una venta ahorran $22.923 de envío ($30.564 → $7.641),0,MLA2264659598,MLAU3372563258,https://vendedores.mercadolibre.com.ar/publicar/kit?pre_charged_ups=MLAU3372563258
multipack,4,CR01600000000CASBILB,envío,0.0,22923.0,"el ahorro de envío supone que, sin el pack, serían compras separadas",Casco Bicicleta Bulit Ultra Liviano Con Luz Led - Blanco L B,147123.0,588492.0,22923.0,0.0467,0.15,Bulit,0.0467,la economía del kit,gold_special,561005.27,4 unidades en una venta ahorran $22.923 de envío ($30.564 → $7.641),0,MLA1968055772,MLAU2871356432,https://vendedores.mercadolibre.com.ar/publicar/kit?pre_charged_ups=MLAU2871356432
multipack,4,CR01600000000CASBILR,envío,0.0,22923.0,"el ahorro de envío supone que, sin el pack, serían compras separadas",Casco Bicicleta Bulit Ultra Liviano Con Luz Led - Rojo L Roj,147123.0,588492.0,22923.0,0.0467,0.15,Bulit,0.0467,la economía del kit,gold_special,561005.27,4 unidades en una venta ahorran $22.923 de envío ($30.564 → $7.641),0,MLA1967934370,MLAU2866375409,https://vendedores.mercadolibre.com.ar/publicar/kit?pre_charged_ups=MLAU2866375409
multipack,4,CR01600000000CASBIMN,envío,0.0,22923.0,"el ahorro de envío supone que, sin el pack, serían compras separadas",Casco Bicicleta Bulit Ultra Liviano Con Luz Led - Negro M Ne,147123.0,588492.0,22923.0,0.045,0.15,Bulit,0.045,la economía del kit,gold_special,561991.42,4 unidades en una venta ahorran $22.923 de envío ($30.564 → $7.641),0,MLA1967992936,MLAU2871354790,https://vendedores.mercadolibre.com.ar/publicar/kit?pre_charged_ups=MLAU2871354790
multipack,4,CR0160000000JDS8CRTA,envío,0.0,22923.0,"el ahorro de envío supone que, sin el pack, serían compras separadas",Tijera Corta Ramas Telescópica Bypass Bulit Serie 800,140529.0,562116.0,22923.0,0.0536,0.15,Bulit,0.0536,la economía del kit,gold_pro,531964.98,4 unidades en una venta ahorran $22.923 de envío ($30.564 → $7.641),0,MLA2747741492,MLAU283252585,https://vendedores.mercadolibre.com.ar/publicar/kit?pre_charged_ups=MLAU283252585
multipack,4,CR01600000000PHBMO35,envío,0.0,22923.0,"el ahorro de envío supone que, sin el pack, serían compras separadas",Mochila Porta Herramientas Bulit 35 Cm Reforzada  20 Kg Carg,138955.0,555820.0,22923.0,0.0495,0.15,Bulit,0.0495,la economía del kit,gold_special,528333.27,4 unidades en una venta ahorran $22.923 de envío ($30.564 → $7.641),0,MLA1463455845,MLAU2869410726,https://vendedores.mercadolibre.com.ar/publicar/kit?pre_charged_ups=MLAU2869410726
multipack,4,CR0020000049010,envío,0.0,22923.0,"el ahorro de envío supone que, sin el pack, serían compras separadas",Grifería De Lavatorio Aqualaf Lamy Cromo 49010 Acabado Croma,124896.0,499584.0,22923.0,0.055,0.25,Aqualaf,0.055,la economía del kit,gold_special,472097.27,4 unidades en una venta ahorran $22.923 de envío ($30.564 → $7.641),0,MLA3153271276,MLAU3878991719,https://vendedores.mercadolibre.com.ar/publicar/kit?pre_charged_ups=MLAU3878991719
multipack,4,CR01600000000CPHXB10 + CR01600000CHMF30UT14,envío,0.0,22923.0,"el ahorro de envío supone que, sin el pack, serían compras separadas",Pistola Encoladora Suprabond Inalámbrica + Paquete Barras Am,109578.0,438312.0,22923.0,0.0615,0.15,Suprabond,0.0615,la economía del kit,gold_pro,411343.76,4 unidades en una venta ahorran $22.923 de envío ($30.564 → $7.641),0,MLA3531441084,MLAU4171952271,https://vendedores.mercadolibre.com.ar/publicar/kit?pre_charged_ups=MLAU4171952271
multipack,4,ESCALERA (NICETO),envío,0.0,22923.0,"el ahorro de envío supone que, sin el pack, serían compras separadas",Escalera De Aluminio 5 Escalones Hogareña Lusqtoff Esl166-75,100000.0,400000.0,22923.0,0.0687,0.25,Lüsqtoff,0.0687,la economía del kit,gold_special,372513.27,4 unidades en una venta ahorran $22.923 de envío ($30.564 → $7.641),0,MLA1797299941,MLAU3978942303,https://vendedores.mercadolibre.com.ar/publicar/kit?pre_charged_ups=MLAU3978942303
multipack,4,CR042000000000200030,envío,0.0,22923.0,"el ahorro de envío supone que, sin el pack, serían compras separadas",Balde Mopa La Gauchita Max Quick Centrifuga Mango Trapeador ,97900.0,391600.0,22923.0,0.0702,0.25,La Gauchita,0.0702,la economía del kit,gold_special,364113.27,4 unidades en una venta ahorran $22.923 de envío ($30.564 → $7.641),0,MLA2293681994,MLAU3387441738,https://vendedores.mercadolibre.com.ar/publicar/kit?pre_charged_ups=MLAU3387441738
multipack,4,CR0050000800001,envío,0.0,22923.0,"el ahorro de envío supone que, sin el pack, serían compras separadas",Venecita Fluvial Revestimiento Mosaico Interior Exterior 3m2,94797.0,379188.0,22923.0,0.0725,0.25,Fluvial,0.0725,la economía del kit,gold_pro,351701.27,4 unidades en una venta ahorran $22.923 de envío ($30.564 → $7.641),0,MLA2747611914,MLAU3525250850,https://vendedores.mercadolibre.com.ar/publicar/kit?pre_charged_ups=MLAU3525250850
multipack,4,CR0050000800000,envío,0.0,22923.0,"el ahorro de envío supone que, sin el pack, serían compras separadas",Venecita Fluvial Revestimiento Interior Exterior Mosaico 3m2,94797.0,379188.0,22923.0,0.0725,0.25,Fluvial,0.0725,la economía del kit,gold_pro,351701.27,4 unidades en una venta ahorran $22.923 de envío ($30.564 → $7.641),0,MLA2745983060,MLAU3518085667,https://vendedores.mercadolibre.com.ar/publicar/kit?pre_charged_ups=MLAU3518085667
multipack,4,CR01600000AFXMP1X22N,envío,0.0,22923.0,"el ahorro de envío supone que, sin el pack, serían compras separadas",Mosquitero Puertas Suprabond Autoadhesivo Magnética 100x220 ,93357.0,373428.0,22923.0,0.0716,0.15,Suprabond,0.0716,la economía del kit,gold_pro,346680.04,4 unidades en una venta ahorran $22.923 de envío ($30.564 → $7.641),0,MLA2747754384,MLAU3139009592,https://vendedores.mercadolibre.com.ar/publicar/kit?pre_charged_ups=MLAU3139009592
multipack,4,CR01600000LNAR81600L,envío,0.0,22923.0,"el ahorro de envío supone que, sin el pack, serían compras separadas",Linterna Outdoor Bulit Recargable Usb-c 1600lm 11w Negra Bla,88929.0,355716.0,22923.0,0.0773,0.15,Bulit,0.0773,la economía del kit,gold_special,328229.27,4 unidades en una venta ahorran $22.923 de envío ($30.564 → $7.641),0,MLA2833918020,MLAU3779032708,https://vendedores.mercadolibre.com.ar/publicar/kit?pre_charged_ups=MLAU3779032708
multipack,4,CR0160000000GPUC310G X 2 UNIDADES,envío,0.0,22923.0,"el ahorro de envío supone que, sin el pack, serían compras separadas",Sellador Suprabond Poliuretano Construcción 310ml X 2u,87825.0,351300.0,22923.0,0.0782,0.15,Suprabond,0.0782,la economía del kit,gold_pro,323813.27,4 unidades en una venta ahorran $22.923 de envío ($30.564 → $7.641),0,MLA799205122,MLAU1276540477,https://vendedores.mercadolibre.com.ar/publicar/kit?pre_charged_ups=MLAU1276540477
multipack,4,CR016000000CDBAR40X4,envío,0.0,22923.0,"el ahorro de envío supone que, sin el pack, serían compras separadas",4 Candados Hermanados Bulit Doble Traba A Bolilla + 8 Llaves,77969.0,311876.0,22923.0,0.0949,0.15,Bulit,0.0949,la economía del kit,gold_pro,282285.83,4 unidades en una venta ahorran $22.923 de envío ($30.564 → $7.641),0,MLA2747728788,MLAU225671761,https://vendedores.mercadolibre.com.ar/publicar/kit?pre_charged_ups=MLAU225671761
multipack,4,CR0160000000CJBB120I,envío,0.0,22923.0,"el ahorro de envío supone que, sin el pack, serían compras separadas",Cerrojo Bulit Lado Izquierdo Serie 600,76259.0,305036.0,22923.0,0.0874,0.15,Bulit,0.0874,la economía del kit,gold_pro,278381.35,4 unidades en una venta ahorran $22.923 de envío ($30.564 → $7.641),0,MLA1916025840,MLAU1463181443,https://vendedores.mercadolibre.com.ar/publicar/kit?pre_charged_ups=MLAU1463181443
multipack,4,CR0020000000550,envío,0.0,22923.0,"el ahorro de envío supone que, sin el pack, serían compras separadas",Jabonera Aqualaf De Porcelana - Baño Bloke - Garantía 5 Años,62342.0,249368.0,22923.0,0.1102,0.25,Aqualaf,0.1102,la economía del kit,gold_special,221881.27,4 unidades en una venta ahorran $22.923 de envío ($30.564 → $7.641),0,MLA3157648424,MLAU3891600508,https://vendedores.mercadolibre.com.ar/publicar/kit?pre_charged_ups=MLAU3891600508
multipack,4,CR0020000000552,envío,0.0,22923.0,"el ahorro de envío supone que, sin el pack, serían compras separadas",Jabonera Aqualaf De Porcelana - Baño Bloke - 5 Años Color Bl,62342.0,249368.0,22923.0,0.1102,0.25,Aqualaf,0.1102,la economía del kit,gold_special,221881.27,4 unidades en una venta ahorran $22.923 de envío ($30.564 → $7.641),0,MLA1769510223,MLAU3924582891,https://vendedores.mercadolibre.com.ar/publicar/kit?pre_charged_ups=MLAU3924582891
multipack,4,CR01600000000PHBC2CA,envío,0.0,22923.0,"el ahorro de envío supone que, sin el pack, serían compras separadas",Cinturón Porta Herramientas Bulit 2 Cartucheras Multiuso Neg,62114.0,248456.0,22923.0,0.1204,0.15,Bulit,0.1204,la economía del kit,gold_pro,218552.69,4 unidades en una venta ahorran $22.923 de envío ($30.564 → $7.641),0,MLA2747871056,MLAU2869432594,https://vendedores.mercadolibre.com.ar/publicar/kit?pre_charged_ups=MLAU2869432594
multipack,4,CR01600000MEDESCAI60,envío,0.0,22923.0,"el ahorro de envío supone que, sin el pack, serían compras separadas",Escuadra De Acero Inoxidable Bulit 40x60 Cm Metal Precision ,61867.0,247468.0,22923.0,0.1111,0.15,Bulit,0.1111,la economía del kit,gold_special,219981.27,4 unidades en una venta ahorran $22.923 de envío ($30.564 → $7.641),0,MLA1946922416,MLAU1547434778,https://vendedores.mercadolibre.com.ar/publicar/kit?pre_charged_ups=MLAU1547434778
multipack,4,CR01600000INFS6240TA,envío,0.0,22923.0,"el ahorro de envío supone que, sin el pack, serían compras separadas",Inflador De Mano Bulit Serie 600 - Doble Extensión Azul,60004.0,240016.0,22923.0,0.1294,0.15,Bulit,0.1294,la economía del kit,gold_pro,208955.03,4 unidades en una venta ahorran $22.923 de envío ($30.564 → $7.641),0,MLA2747444698,MLAU263845805,https://vendedores.mercadolibre.com.ar/publicar/kit?pre_charged_ups=MLAU263845805
multipack,4,CR00200DSK36016,envío,0.0,22923.0,"el ahorro de envío supone que, sin el pack, serían compras separadas","Grifería De Baño Danska Arhus Monocomando Para Lavamanos, Cr",57957.0,231828.0,22923.0,0.1154,0.25,Danska,0.1154,la economía del kit,gold_special,205080.04,4 unidades en una venta ahorran $22.923 de envío ($30.564 → $7.641),0,MLA1562314217,MLAU3165274379,https://vendedores.mercadolibre.com.ar/publicar/kit?pre_charged_ups=MLAU3165274379
multipack,4,CR01600000JDS8AZESTA,envío,0.0,22923.0,"el ahorro de envío supone que, sin el pack, serían compras separadas",Azada Y Escardillo Telescópico Serie 800,56425.0,225700.0,22923.0,0.1395,0.15,Bulit,0.1395,la economía del kit,gold_pro,194212.36,4 unidades en una venta ahorran $22.923 de envío ($30.564 → $7.641),0,MLA2058541102,MLAU284639764,https://vendedores.mercadolibre.com.ar/publicar/kit?pre_charged_ups=MLAU284639764
multipack,4,CR0030000000305 - 305A,envío,0.0,22923.0,"el ahorro de envío supone que, sin el pack, serían compras separadas",Bacha Cocina Doble Mi Pileta 305 64x37x18 - Outlet (305a) Pl,55000.0,220000.0,22923.0,0.1249,0.25,Mi Pileta,0.1249,la economía del kit,gold_special,192513.27,4 unidades en una venta ahorran $22.923 de envío ($30.564 → $7.641),0,MLA1786908963,MLAU3970965676,https://vendedores.mercadolibre.com.ar/publicar/kit?pre_charged_ups=MLAU3970965676
multipack,4,CR0030000000305 - 305B,envío,0.0,22923.0,"el ahorro de envío supone que, sin el pack, serían compras separadas",Bacha Cocina Doble Mi Pileta 305 64x37x18 - Outlet (305b) Pl,55000.0,220000.0,22923.0,0.1249,0.25,Mi Pileta,0.1249,la economía del kit,gold_special,192513.27,4 unidades en una venta ahorran $22.923 de envío ($30.564 → $7.641),0,MLA1786947761,MLAU3970976182,https://vendedores.mercadolibre.com.ar/publicar/kit?pre_charged_ups=MLAU3970976182
multipack,4,CR0030000000305 - 305D,envío,0.0,22923.0,"el ahorro de envío supone que, sin el pack, serían compras separadas",Bacha Cocina Doble Mi Pileta 305 64x37x18 - Outlet (305d) Pl,55000.0,220000.0,22923.0,0.1249,0.25,Mi Pileta,0.1249,la economía del kit,gold_special,192513.27,4 unidades en una venta ahorran $22.923 de envío ($30.564 → $7.641),0,MLA3314437116,MLAU3971009206,https://vendedores.mercadolibre.com.ar/publicar/kit?pre_charged_ups=MLAU3971009206
multipack,4,CR0030000000305 - 305F,envío,0.0,22923.0,"el ahorro de envío supone que, sin el pack, serían compras separadas",Bacha Cocina Doble Mi Pileta 305 64x37x18 - Outlet (305f) Pl,55000.0,220000.0,22923.0,0.1249,0.25,Mi Pileta,0.1249,la economía del kit,gold_special,192513.27,4 unidades en una venta ahorran $22.923 de envío ($30.564 → $7.641),0,MLA3314423900,MLAU3971003366,https://vendedores.mercadolibre.com.ar/publicar/kit?pre_charged_ups=MLAU3971003366
multipack,4,CR0030000000305 - 305E,envío,0.0,22923.0,"el ahorro de envío supone que, sin el pack, serían compras separadas",Bacha Cocina Doble Mi Pileta 305 64x37x18 - Outlet (305e) Pl,55000.0,220000.0,22923.0,0.1249,0.25,Mi Pileta,0.1249,la economía del kit,gold_special,192513.27,4 unidades en una venta ahorran $22.923 de envío ($30.564 → $7.641),0,MLA3314410928,MLAU3971000006,https://vendedores.mercadolibre.com.ar/publicar/kit?pre_charged_ups=MLAU3971000006
multipack,4,CR0160000000CDBBR50L,envío,0.0,22923.0,"el ahorro de envío supone que, sin el pack, serían compras separadas",Candado Reforzado Doble Traba Aro Largo N° 50 Bulit Dorado,54301.0,217204.0,22923.0,0.1227,0.15,Bulit,0.1227,la economía del kit,gold_pro,190549.35,4 unidades en una venta ahorran $22.923 de envío ($30.564 → $7.641),0,MLA2747741484,MLAU284762530,https://vendedores.mercadolibre.com.ar/publicar/kit?pre_charged_ups=MLAU284762530
multipack,4,CR01600000000CDBAR30 X 4 UNIDADES,envío,0.0,22923.0,"el ahorro de envío supone que, sin el pack, serían compras separadas",4 Candados Reforzado Acero Niquelado Bulit N° 30 Plateado,53688.0,214752.0,22923.0,0.128,0.15,Bulit,0.128,la economía del kit,gold_special,187265.27,4 unidades en una venta ahorran $22.923 de envío ($30.564 → $7.641),0,MLA2686397818,MLAU3679524365,https://vendedores.mercadolibre.com.ar/publicar/kit?pre_charged_ups=MLAU3679524365
multipack,4,CR01600000CHMF30UT14 + CR0160000000CPHX200R,envío,0.0,22923.0,"el ahorro de envío supone que, sin el pack, serían compras separadas",Pistola Suprabond Hx 200 + Barras Finas Ultratransparentes R,43583.0,174332.0,22923.0,0.157,0.15,Suprabond,0.15,la marca,gold_pro,148182.2,4 unidades en una venta ahorran $22.923 de envío ($30.564 → $7.641),0,MLA1877726595,MLAU293111702,https://vendedores.mercadolibre.com.ar/publicar/kit?pre_charged_ups=MLAU293111702
multipack,4,CR016000000SCRP18040,envío,0.0,22923.0,"el ahorro de envío supone que, sin el pack, serían compras separadas",Bulit Sierra Circular Plateada Disco Gris,40411.0,161644.0,22923.0,0.17,0.15,Bulit,0.15,la marca,gold_pro,137397.4,4 unidades en una venta ahorran $22.923 de envío ($30.564 → $7.641),0,MLA2069086072,MLAU3089870508,https://vendedores.mercadolibre.com.ar/publicar/kit?pre_charged_ups=MLAU3089870508
multipack,4,CR0300000000039012NE,envío,0.0,22923.0,"el ahorro de envío supone que, sin el pack, serían compras separadas",Aplique De Pared Bidireccional Led 2w Aluminio Negro Lente N,39840.0,159360.0,22923.0,0.1725,0.25,180° Iluminación,0.1725,la economía del kit,gold_pro,131873.27,4 unidades en una venta ahorran $22.923 de envío ($30.564 → $7.641),0,MLA2768803206,MLAU2882082178,https://vendedores.mercadolibre.com.ar/publicar/kit?pre_charged_ups=MLAU2882082178
multipack,4,CR016000000SRPD330MP,envío,0.0,22923.0,"el ahorro de envío supone que, sin el pack, serían compras separadas",Serrucho De Poda Bulit - Acero Sk5 - 330 Mm Negro,38797.0,155188.0,22923.0,0.1771,0.15,Bulit,0.15,la marca,gold_special,131909.8,4 unidades en una venta ahorran $22.923 de envío ($30.564 → $7.641),0,MLA1699114925,MLAU3844009522,https://vendedores.mercadolibre.com.ar/publicar/kit?pre_charged_ups=MLAU3844009522
multipack,4,CR0160000000000TPRBC,cargo fijo,3750.0,0.0,,Topetina Suprabond De Goma Rectangular Blanca Color Blanco L,3589.0,14356.0,3750.0,0.3342,0.15,Suprabond,0.15,la marca,gold_pro,12202.6,4 unidades en una venta ahorran $3.750 de cargo fijo ($5.000 → $1.250),432,MLA2044414164,MLAU236119832,https://vendedores.mercadolibre.com.ar/publicar/kit?pre_charged_ups=MLAU236119832
multipack,4,CR01600000DSA4CP1151,cargo fijo,3750.0,0.0,,Disco De Corte Bulit Para Amoladora S400 115mm 1,2498.0,9992.0,3750.0,0.4364,0.15,Bulit,0.15,la marca,gold_special,8493.2,4 unidades en una venta ahorran $3.750 de cargo fijo ($5.000 → $1.250),307,MLA857692644,MLAU297756640,https://vendedores.mercadolibre.com.ar/publicar/kit?pre_charged_ups=MLAU297756640
multipack,4,CR0010000545222,cargo fijo,3750.0,0.0,,Llave De Luz Sica - 1 Toma Enchufe Argentino + 1 Interruptor,3985.0,15940.0,3750.0,0.2735,0.25,Sica,0.25,la marca,gold_special,11955.0,4 unidades en una venta ahorran $3.750 de cargo fijo ($5.000 → $1.250),269,MLA1130615064,MLAU215141981,https://vendedores.mercadolibre.com.ar/publicar/kit?pre_charged_ups=MLAU215141981
multipack,4,CR0160000000ARNFL3GB,cargo fijo,3750.0,0.0,,Adhesivo Instantáneo Suprabond Flash Gel - Extra Fuerte,3756.0,15024.0,3750.0,0.2924,0.15,Suprabond,0.15,la marca,gold_special,12770.4,4 unidades en una venta ahorran $3.750 de cargo fijo ($5.000 → $1.250),176,MLA872840590,MLAU278809767,https://vendedores.mercadolibre.com.ar/publicar/kit?pre_charged_ups=MLAU278809767
multipack,4,CR01600000000ARNFL2B,cargo fijo,3750.0,0.0,,Adhesivo Instantáneo Suprabond Flash Líquido - Extra Fuerte,2719.0,10876.0,3750.0,0.4062,0.15,Suprabond,0.15,la marca,gold_special,9244.6,4 unidades en una venta ahorran $3.750 de cargo fijo ($5.000 → $1.250),161,MLA872842249,MLAU209389384,https://vendedores.mercadolibre.com.ar/publicar/kit?pre_charged_ups=MLAU209389384
multipack,4,CR0160000000000ESL30,cargo fijo,3750.0,0.0,,Adhesivo Suprabond Silicona Líquida 30ml,3424.0,13696.0,3750.0,0.32,0.15,Suprabond,0.15,la marca,gold_pro,11641.6,4 unidades en una venta ahorran $3.750 de cargo fijo ($5.000 → $1.250),154,MLA1523012518,MLAU305158541,https://vendedores.mercadolibre.com.ar/publicar/kit?pre_charged_ups=MLAU305158541
multipack,4,CR016000000ARNFL1X3B,cargo fijo,3750.0,0.0,,Adhesivo Instantáneo Suprabond Flash 3-en-1 Sin Desperdicio ,3244.0,12976.0,3750.0,0.3397,0.15,Suprabond,0.15,la marca,gold_special,11029.6,4 unidades en una venta ahorran $3.750 de cargo fijo ($5.000 → $1.250),122,MLA1628237220,MLAU298018136,https://vendedores.mercadolibre.com.ar/publicar/kit?pre_charged_ups=MLAU298018136
multipack,4,CR0160000DSA4CP11516,cargo fijo,3750.0,0.0,,Disco De Corte Bulit Para Amoladora S400 115mm 1.6 Naranja C,2498.0,9992.0,3750.0,0.45,0.15,Bulit,0.15,la marca,gold_special,8493.2,4 unidades en una venta ahorran $3.750 de cargo fijo ($5.000 → $1.250),120,MLA857691840,MLAU294069978,https://vendedores.mercadolibre.com.ar/publicar/kit?pre_charged_ups=MLAU294069978
multipack,4,CR020000000000006315,cargo fijo,3750.0,0.0,,Modulo Led Crafters 5054 Smd 3 Chips 30lm 12v Luz Color Azul,3120.0,12480.0,3750.0,0.3603,0.25,Crafters,0.25,la marca,gold_pro,9360.0,4 unidades en una venta ahorran $3.750 de cargo fijo ($5.000 → $1.250),82,MLA1438312649,MLAU410198364,https://vendedores.mercadolibre.com.ar/publicar/kit?pre_charged_ups=MLAU410198364
multipack,4,CR020000000000006717,cargo fijo,3750.0,0.0,,Conector Led Doble Hebilla Tira 5050 Rgb Monocromatico Luz M,3546.0,14184.0,3750.0,0.317,0.25,Hogar Liniers,0.25,la marca,gold_special,10638.0,4 unidades en una venta ahorran $3.750 de cargo fijo ($5.000 → $1.250),71,MLA2072574360,MLAU3163020656,https://vendedores.mercadolibre.com.ar/publicar/kit?pre_charged_ups=MLAU3163020656
multipack,4,CR01600000DES7PH0X50,cargo fijo,3750.0,0.0,,Destornillador Bulit Cromo Vanadio S700 Phillips #0x50mm,3392.0,13568.0,3750.0,0.3238,0.15,Bulit,0.15,la marca,gold_special,11532.8,4 unidades en una venta ahorran $3.750 de cargo fijo ($5.000 → $1.250),57,MLA855312381,MLAU277647585,https://vendedores.mercadolibre.com.ar/publicar/kit?pre_charged_ups=MLAU277647585
multipack,4,CR0160000000000TPCSM,cargo fijo,3750.0,0.0,,Topetina Suprabond De Goma Redonda - Simil Madera - 4 Un,3766.0,15064.0,3750.0,0.3332,0.15,Suprabond,0.15,la marca,gold_pro,12804.4,4 unidades en una venta ahorran $3.750 de cargo fijo ($5.000 → $1.250),53,MLA1388621249,MLAU278708869,https://vendedores.mercadolibre.com.ar/publicar/kit?pre_charged_ups=MLAU278708869
multipack,4,CR022000000000002466,cargo fijo,3750.0,0.0,,Portalampara Receptaculo Blanco Negro Recto Alta Calidad E27,3872.0,15488.0,3750.0,0.2903,0.25,N2M Electrónica,0.25,la marca,gold_special,11616.0,4 unidades en una venta ahorran $3.750 de cargo fijo ($5.000 → $1.250),52,MLA1848591708,MLAU406602153,https://vendedores.mercadolibre.com.ar/publicar/kit?pre_charged_ups=MLAU406602153
multipack,4,CR020000000000006318,cargo fijo,3750.0,0.0,,Modulo Led Crafters 5054 Smd 12v 3 Chips 30 Lm Rgb - Rojo Rg,3120.0,12480.0,3750.0,0.3603,0.25,Crafters,0.25,la marca,gold_pro,9360.0,4 unidades en una venta ahorran $3.750 de cargo fijo ($5.000 → $1.250),50,MLA1437908027,MLAU407640410,https://vendedores.mercadolibre.com.ar/publicar/kit?pre_charged_ups=MLAU407640410
multipack,4,CR021000000000004504,cargo fijo,3750.0,0.0,,Lámpara Dicroica Led Crafters Gu10 220v Foco Cálido - 7w Bla,3684.32,14737.28,3750.0,0.3051,0.25,Crafters,0.25,la marca,gold_pro,11052.96,4 unidades en una venta ahorran $3.750 de cargo fijo ($5.000 → $1.250),44,MLA1437852189,MLAU407587432,https://vendedores.mercadolibre.com.ar/publicar/kit?pre_charged_ups=MLAU407587432
multipack,4,CR021000000000004503,cargo fijo,3750.0,0.0,,N2m Electrónica Dicroica Led Blanco Frío,3067.0,12268.0,3750.0,0.3665,0.25,N2M Electrónica,0.25,la marca,gold_special,9201.0,4 unidades en una venta ahorran $3.750 de cargo fijo ($5.000 → $1.250),36,MLA1437856019,MLAU407629158,https://vendedores.mercadolibre.com.ar/publicar/kit?pre_charged_ups=MLAU407629158
multipack,4,CR0160000DSA4CP18016,cargo fijo,3750.0,0.0,,Disco De Corte Bulit Para Amoladora 180mm 1.6 - 7 Pulgadas N,3952.0,15808.0,3750.0,0.2779,0.15,Bulit,0.15,la marca,gold_special,13436.8,4 unidades en una venta ahorran $3.750 de cargo fijo ($5.000 → $1.250),35,MLA861943252,MLAU293920585,https://vendedores.mercadolibre.com.ar/publicar/kit?pre_charged_ups=MLAU293920585
multipack,4,CR0010000250103,cargo fijo,3750.0,0.0,,Llave De Luz Pininfarina Performance Blanco 1 Módulo Palanca,3662.0,14648.0,3750.0,0.307,0.25,Pininfarina,0.25,la marca,gold_special,10986.0,4 unidades en una venta ahorran $3.750 de cargo fijo ($5.000 → $1.250),34,MLA1480908586,MLAU221490434,https://vendedores.mercadolibre.com.ar/publicar/kit?pre_charged_ups=MLAU221490434
multipack,4,CR0010000254105,cargo fijo,3750.0,0.0,,Llave De Luz Sica Negra - Tapón 1 Módulo - Pininfarina Negro,3361.0,13444.0,3750.0,0.3345,0.25,Sica,0.25,la marca,gold_special,10083.0,4 unidades en una venta ahorran $3.750 de cargo fijo ($5.000 → $1.250),30,MLA1658565842,MLAU250501079,https://vendedores.mercadolibre.com.ar/publicar/kit?pre_charged_ups=MLAU250501079
multipack,4,CR035000000000007004,cargo fijo,3750.0,0.0,,Luces Led Alambre Rojo 3m N2m Electrónica Exterior Ip65 Rojo,3380.0,13520.0,3750.0,0.3326,0.25,N2M Electrónica,0.25,la marca,gold_special,10140.0,4 unidades en una venta ahorran $3.750 de cargo fijo ($5.000 → $1.250),29,MLA2074834926,MLAU3088099981,https://vendedores.mercadolibre.com.ar/publicar/kit?pre_charged_ups=MLAU3088099981
multipack,4,CR01600000000PINS212,cargo fijo,3750.0,0.0,,Pincel Bulit Serie 200 Pura Cerda - 0.5 Pulgadas,3470.0,13880.0,3750.0,0.3395,0.15,Bulit,0.15,la marca,gold_pro,11798.0,4 unidades en una venta ahorran $3.750 de cargo fijo ($5.000 → $1.250),28,MLA1562694395,MLAU305491659,https://vendedores.mercadolibre.com.ar/publicar/kit?pre_charged_ups=MLAU305491659
multipack,4,CR016000000000CCTRGH,cargo fijo,3750.0,0.0,,Cutter Economy Bulit Grande,3273.0,13092.0,3750.0,0.3642,0.15,Bulit,0.15,la marca,gold_pro,11128.2,4 unidades en una venta ahorran $3.750 de cargo fijo ($5.000 → $1.250),26,MLA826204529,MLAU287460860,https://vendedores.mercadolibre.com.ar/publicar/kit?pre_charged_ups=MLAU287460860
multipack,4,CR035000000000002467,cargo fijo,3750.0,0.0,,Portalampara De Ceramica Zocalo Rosca E14 Blanco Sin Mensula,3965.0,15860.0,3750.0,0.277,0.25,N2M Electrónica,0.25,la marca,gold_special,11895.0,4 unidades en una venta ahorran $3.750 de cargo fijo ($5.000 → $1.250),24,MLA1495004971,MLAU3157542823,https://vendedores.mercadolibre.com.ar/publicar/kit?pre_charged_ups=MLAU3157542823
multipack,4,CR016000000CCTRCHCRP,cargo fijo,3750.0,0.0,,Cutter Economy Bulit Chico Con Repuesto,3532.0,14128.0,3750.0,0.3657,0.15,Bulit,0.15,la marca,gold_pro,12008.8,4 unidades en una venta ahorran $3.750 de cargo fijo ($5.000 → $1.250),22,MLA826207950,MLAU286290993,https://vendedores.mercadolibre.com.ar/publicar/kit?pre_charged_ups=MLAU286290993
multipack,4,CR020000000000006317,cargo fijo,3750.0,0.0,,Módulo Led 5054 Smd 3 Chips 12v Blanco Frío Exterior Hogar L,3541.0,14164.0,3750.0,0.3175,0.25,Hogar Liniers,0.25,la marca,gold_special,10623.0,4 unidades en una venta ahorran $3.750 de cargo fijo ($5.000 → $1.250),20,MLA2072626080,MLAU407703918,https://vendedores.mercadolibre.com.ar/publicar/kit?pre_charged_ups=MLAU407703918
multipack,4,CR020000000000006718,cargo fijo,3750.0,0.0,,Conector Led Doble Hebilla Tira 5050 Rgb Monocromatica Color,3546.0,14184.0,3750.0,0.317,0.25,N2M Electrónica,0.25,la marca,gold_special,10638.0,4 unidades en una venta ahorran $3.750 de cargo fijo ($5.000 → $1.250),18,MLA1455628459,MLAU3086902593,https://vendedores.mercadolibre.com.ar/publicar/kit?pre_charged_ups=MLAU3086902593
multipack,4,CR042000000000160002,cargo fijo,3750.0,0.0,,Esponja La Gauchita Go Fibra Lisa Limpieza Multiuso - Cocina,3785.0,15140.0,3750.0,0.297,0.25,La Gauchita,0.25,la marca,gold_special,11355.0,4 unidades en una venta ahorran $3.750 de cargo fijo ($5.000 → $1.250),16,MLA1470603051,MLAU2942589684,https://vendedores.mercadolibre.com.ar/publicar/kit?pre_charged_ups=MLAU2942589684
multipack,4,CR020000000000006338,cargo fijo,3750.0,0.0,,Modulo Led 3030 12v 1 Chip Carteleria Corporea Exterior Smd ,3726.0,14904.0,3750.0,0.3017,0.25,Mayorled,0.25,la marca,gold_special,11178.0,4 unidades en una venta ahorran $3.750 de cargo fijo ($5.000 → $1.250),15,MLA2752190224,MLAU3714773634,https://vendedores.mercadolibre.com.ar/publicar/kit?pre_charged_ups=MLAU3714773634
multipack,4,CR0010000254103,cargo fijo,3750.0,0.0,,Llave De Luz Sica Blanca - Tapón 1 Módulo - Pininfarina Blan,3361.0,13444.0,3750.0,0.3345,0.25,Sica,0.25,la marca,gold_special,10083.0,4 unidades en una venta ahorran $3.750 de cargo fijo ($5.000 → $1.250),13,MLA1169721962,MLAU252667816,https://vendedores.mercadolibre.com.ar/publicar/kit?pre_charged_ups=MLAU252667816
multipack,4,CR0010000545227,cargo fijo,3750.0,0.0,,Llave De Luz Sica - 1 Toma Enchufe Argentino Mignon - Blanca,3700.0,14800.0,3750.0,0.2913,0.25,Sica,0.25,la marca,gold_special,11100.0,4 unidades en una venta ahorran $3.750 de cargo fijo ($5.000 → $1.250),11,MLA1638233813,MLAU3712833581,https://vendedores.mercadolibre.com.ar/publicar/kit?pre_charged_ups=MLAU3712833581
multipack,4,CR0092990010115,cargo fijo,3750.0,0.0,,Accesorio Aspiración Elektrim Pileta De Hormigón Barrefondo,3846.0,15384.0,3750.0,0.2923,0.25,Elektrim,0.25,la marca,gold_special,11538.0,4 unidades en una venta ahorran $3.750 de cargo fijo ($5.000 → $1.250),10,MLA1330477689,MLAU253841483,https://vendedores.mercadolibre.com.ar/publicar/kit?pre_charged_ups=MLAU253841483
multipack,4,CR020000000000006321,cargo fijo,3750.0,0.0,,Modulo Led 5054 Smd 3 Chips 30 Lm Colores 12v Exterior Rosa ,3541.0,14164.0,3750.0,0.3175,0.25,N2M Electrónica,0.25,la marca,gold_special,10623.0,4 unidades en una venta ahorran $3.750 de cargo fijo ($5.000 → $1.250),10,MLA2752631376,MLAU3714804184,https://vendedores.mercadolibre.com.ar/publicar/kit?pre_charged_ups=MLAU3714804184
multipack,4,CR042000000000160502,cargo fijo,3750.0,0.0,,Esponja Acero La Gauchita Go Bollito Inoxidable 30gr Cocina,3500.0,14000.0,3750.0,0.3212,0.25,La Gauchita,0.25,la marca,gold_special,10500.0,4 unidades en una venta ahorran $3.750 de cargo fijo ($5.000 → $1.250),10,MLA1470499551,MLAU2942591084,https://vendedores.mercadolibre.com.ar/publicar/kit?pre_charged_ups=MLAU2942591084
multipack,4,CR021000000000003508,cargo fijo,3750.0,0.0,,Lampara Led Bulbo 15w Rosca E27 Foco Iluminacion Comun Color,3417.0,13668.0,3750.0,0.3214,0.25,N2M Electrónica,0.25,la marca,gold_special,10251.0,4 unidades en una venta ahorran $3.750 de cargo fijo ($5.000 → $1.250),8,MLA2089054428,MLAU3185846007,https://vendedores.mercadolibre.com.ar/publicar/kit?pre_charged_ups=MLAU3185846007
multipack,4,CR020000000000006333,cargo fijo,3750.0,0.0,,Modulo Led Crafters 7519 Smd 3 Chips Cartel Ip68 Frío Luz Bl,3287.0,13148.0,3750.0,0.342,0.25,Mayorled,0.25,la marca,gold_pro,9861.0,4 unidades en una venta ahorran $3.750 de cargo fijo ($5.000 → $1.250),8,MLA1869539440,MLAU3087072967,https://vendedores.mercadolibre.com.ar/publicar/kit?pre_charged_ups=MLAU3087072967
multipack,4,CR0010000251203,cargo fijo,3750.0,0.0,,Llave De Luz Sica - Interruptor Combinación 2m Blanca Slight,3713.0,14852.0,3750.0,0.3028,0.25,Sica,0.25,la marca,gold_special,11139.0,4 unidades en una venta ahorran $3.750 de cargo fijo ($5.000 → $1.250),7,MLA1169721970,MLAU228653580,https://vendedores.mercadolibre.com.ar/publicar/kit?pre_charged_ups=MLAU228653580
multipack,4,CR042000000000160300,cargo fijo,3750.0,0.0,,Esponja La Gauchita Go Fibra Plateada Extrafuerte - Cocina G,3500.0,14000.0,3750.0,0.3212,0.25,La Gauchita,0.25,la marca,gold_special,10500.0,4 unidades en una venta ahorran $3.750 de cargo fijo ($5.000 → $1.250),6,MLA1669399117,MLAU3779339660,https://vendedores.mercadolibre.com.ar/publicar/kit?pre_charged_ups=MLAU3779339660
multipack,4,CR020000000000006710,cargo fijo,3750.0,0.0,,Conector Led Crafters Ficha Plug Hembra Para Tira Led Cctv N,3222.0,12888.0,3750.0,0.3489,0.25,Crafters,0.25,la marca,gold_pro,9666.0,4 unidades en una venta ahorran $3.750 de cargo fijo ($5.000 → $1.250),6,MLA1847755520,MLAU407791240,https://vendedores.mercadolibre.com.ar/publicar/kit?pre_charged_ups=MLAU407791240
multipack,4,CR042000000000160105,cargo fijo,3750.0,0.0,,Esponja Fibra La Gauchita Go No Raya Promo,3894.0,15576.0,3750.0,0.2801,0.25,La Gauchita,0.25,la marca,gold_special,11682.0,4 unidades en una venta ahorran $3.750 de cargo fijo ($5.000 → $1.250),5,MLA1508256029,MLAU3269422545,https://vendedores.mercadolibre.com.ar/publicar/kit?pre_charged_ups=MLAU3269422545
multipack,4,CR0010000200300,cargo fijo,3750.0,0.0,,Llave De Luz Sica - Tapa Para 3 Módulos - Blanco - Mignon,3509.0,14036.0,3750.0,0.3204,0.25,Sica,0.25,la marca,gold_special,10527.0,4 unidades en una venta ahorran $3.750 de cargo fijo ($5.000 → $1.250),5,MLA1169709127,MLAU221668453,https://vendedores.mercadolibre.com.ar/publicar/kit?pre_charged_ups=MLAU221668453
multipack,4,CR031000000000003243,cargo fijo,3750.0,0.0,,Lampara Dicroica Led 7w Luz Blanco Frio Blanco Frío,3867.0,15468.0,3750.0,0.2907,0.25,Crafters,0.25,la marca,gold_special,11601.0,4 unidades en una venta ahorran $3.750 de cargo fijo ($5.000 → $1.250),4,MLA2086843546,MLAU3181529717,https://vendedores.mercadolibre.com.ar/publicar/kit?pre_charged_ups=MLAU3181529717
multipack,4,CR0010000200527,cargo fijo,3750.0,0.0,,Llave De Luz Sica - Tapa Para 1 Módulo - Grafito - Mignon,3580.0,14320.0,3750.0,0.3061,0.25,Sica,0.25,la marca,gold_special,10740.0,4 unidades en una venta ahorran $3.750 de cargo fijo ($5.000 → $1.250),4,MLA1169568000,MLAU222651296,https://vendedores.mercadolibre.com.ar/publicar/kit?pre_charged_ups=MLAU222651296
multipack,4,CR0010000200200,cargo fijo,3750.0,0.0,,Llave De Luz Sica - Tapa Para 2 Módulos - Teclas Blancas,3509.0,14036.0,3750.0,0.3204,0.25,Sica,0.25,la marca,gold_special,10527.0,4 unidades en una venta ahorran $3.750 de cargo fijo ($5.000 → $1.250),4,MLA1169510188,MLAU209277300,https://vendedores.mercadolibre.com.ar/publicar/kit?pre_charged_ups=MLAU209277300
multipack,4,CR022000000000002403,cargo fijo,3750.0,0.0,,Zócalo Cerámico Crafters Gu10 Conector Lámpara Led Dicroica ,3470.0,13880.0,3750.0,0.324,0.25,Crafters,0.25,la marca,gold_pro,10410.0,4 unidades en una venta ahorran $3.750 de cargo fijo ($5.000 → $1.250),4,MLA1847788676,MLAU407706514,https://vendedores.mercadolibre.com.ar/publicar/kit?pre_charged_ups=MLAU407706514
multipack,4,CR016000000ARNFL1X3T,cargo fijo,3750.0,0.0,,Adhesivo Instantáneo Suprabond Flash 3-en-1 Sin Desperdicio ,3070.0,12280.0,3750.0,0.3588,0.15,Suprabond,0.15,la marca,gold_special,10438.0,4 unidades en una venta ahorran $3.750 de cargo fijo ($5.000 → $1.250),4,MLA2837429588,MLAU3781101164,https://vendedores.mercadolibre.com.ar/publicar/kit?pre_charged_ups=MLAU3781101164
multipack,4,CR042000000000160104,cargo fijo,3750.0,0.0,,Esponja Para Cocina Antibacterial Pura Limpieza Go X1 Unidad,3872.0,15488.0,3750.0,0.2903,0.25,La Gauchita,0.25,la marca,gold_special,11616.0,4 unidades en una venta ahorran $3.750 de cargo fijo ($5.000 → $1.250),3,MLA1999796146,MLAU2942589620,https://vendedores.mercadolibre.com.ar/publicar/kit?pre_charged_ups=MLAU2942589620
multipack,4,CR0100000017834,cargo fijo,3750.0,0.0,,"Puntas Torx T20, 2 , Truper 17834",3649.0,14596.0,3750.0,0.3015,0.25,Truper,0.25,la marca,gold_special,10947.0,4 unidades en una venta ahorran $3.750 de cargo fijo ($5.000 → $1.250),3,MLA1401659969,MLAU235120872,https://vendedores.mercadolibre.com.ar/publicar/kit?pre_charged_ups=MLAU235120872
multipack,4,CR0010000200601,cargo fijo,3750.0,0.0,,Tapa De Luz Sica Silight By Pininfarina Mignon Nero 5x5 Colo,3580.0,14320.0,3750.0,0.314,0.25,Sica,0.25,la marca,gold_special,10740.0,4 unidades en una venta ahorran $3.750 de cargo fijo ($5.000 → $1.250),2,MLA2069099462,MLAU3090509968,https://vendedores.mercadolibre.com.ar/publicar/kit?pre_charged_ups=MLAU3090509968
multipack,4,CR042000000000160101,cargo fijo,3750.0,0.0,,Esponja La Gauchita Go Bio Fibra Antibacterial Ideal Baños,3929.0,15716.0,3750.0,0.2861,0.25,La Gauchita,0.25,la marca,gold_special,11787.0,4 unidades en una venta ahorran $3.750 de cargo fijo ($5.000 → $1.250),1,MLA1470512665,MLAU2937466193,https://vendedores.mercadolibre.com.ar/publicar/kit?pre_charged_ups=MLAU2937466193
multipack,4,CR042000000000160001,cargo fijo,3750.0,0.0,,Esponja La Gauchita Go Fibra Cuadros Protege Uñas - Cocina,3901.0,15604.0,3750.0,0.2882,0.25,La Gauchita,0.25,la marca,gold_special,11703.0,4 unidades en una venta ahorran $3.750 de cargo fijo ($5.000 → $1.250),1,MLA1470551199,MLAU2937464483,https://vendedores.mercadolibre.com.ar/publicar/kit?pre_charged_ups=MLAU2937464483
multipack,4,CR0010000251103,cargo fijo,3750.0,0.0,,Pininfarina Performance Il-2511 Blanco,3688.0,14752.0,3750.0,0.3048,0.25,Pininfarina,0.25,la marca,gold_special,11064.0,4 unidades en una venta ahorran $3.750 de cargo fijo ($5.000 → $1.250),1,MLA1391176541,MLAU209279190,https://vendedores.mercadolibre.com.ar/publicar/kit?pre_charged_ups=MLAU209279190
multipack,4,CR042000000000160600,cargo fijo,3750.0,0.0,,Esponja La Gauchita Go Fibra Flexible Multiuso Antibacterial,3500.0,14000.0,3750.0,0.3212,0.25,La Gauchita,0.25,la marca,gold_special,10500.0,4 unidades en una venta ahorran $3.750 de cargo fijo ($5.000 → $1.250),1,MLA1470525467,MLAU2937466051,https://vendedores.mercadolibre.com.ar/publicar/kit?pre_charged_ups=MLAU2937466051
multipack,4,CR0010000252223,cargo fijo,3750.0,0.0,,Llave De Luz Sica - Pulsador Luminoso 2 Módulos - Blanco 10 ,3897.0,15588.0,3750.0,0.2885,0.25,Sica,0.25,la marca,gold_special,11691.0,4 unidades en una venta ahorran $3.750 de cargo fijo ($5.000 → $1.250),0,MLA1670240965,MLAU3780789784,https://vendedores.mercadolibre.com.ar/publicar/kit?pre_charged_ups=MLAU3780789784
multipack,4,CR042000000000160100,cargo fijo,3750.0,0.0,,Esponja La Gauchita Go Power Fibra Protege Uñas - Cocina,3881.0,15524.0,3750.0,0.2897,0.25,La Gauchita,0.25,la marca,gold_special,11643.0,4 unidades en una venta ahorran $3.750 de cargo fijo ($5.000 → $1.250),0,MLA2837458480,MLAU3781214864,https://vendedores.mercadolibre.com.ar/publicar/kit?pre_charged_ups=MLAU3781214864
multipack,4,CR042000000000160102,cargo fijo,3750.0,0.0,,Esponja La Gauchita Go Max Fibra Lisa Antibacterial Multiuso,3855.0,15420.0,3750.0,0.2916,0.25,La Gauchita,0.25,la marca,gold_special,11565.0,4 unidades en una venta ahorran $3.750 de cargo fijo ($5.000 → $1.250),0,MLA2752735270,MLAU3706116645,https://vendedores.mercadolibre.com.ar/publicar/kit?pre_charged_ups=MLAU3706116645
multipack,4,CR0010000911790,cargo fijo,3750.0,0.0,,Panel Plafon Led Sica Techo 6w Cuadrado Embutir Color Blanco,3745.0,14980.0,3750.0,0.3002,0.25,Sica,0.25,la marca,gold_special,11235.0,4 unidades en una venta ahorran $3.750 de cargo fijo ($5.000 → $1.250),0,MLA3403820508,MLAU4043315868,https://vendedores.mercadolibre.com.ar/publicar/kit?pre_charged_ups=MLAU4043315868
multipack,4,CR023000000000006323,cargo fijo,3750.0,0.0,,Modulo Led 5054 Smd 3 Chips 30 Lm Rgb Exterior,3734.0,14936.0,3750.0,0.3011,0.25,N2M Electrónica,0.25,la marca,gold_special,11202.0,4 unidades en una venta ahorran $3.750 de cargo fijo ($5.000 → $1.250),0,MLA2072600382,MLAU3157592109,https://vendedores.mercadolibre.com.ar/publicar/kit?pre_charged_ups=MLAU3157592109
multipack,4,CR0010000200404,cargo fijo,3750.0,0.0,,Tapa De Luz Sica Silight By Pininfarina 4 Modulos Graphite C,3702.0,14808.0,3750.0,0.3037,0.25,Sica,0.25,la marca,gold_special,11106.0,4 unidades en una venta ahorran $3.750 de cargo fijo ($5.000 → $1.250),0,MLA2472037812,MLAU3091578994,https://vendedores.mercadolibre.com.ar/publicar/kit?pre_charged_ups=MLAU3091578994
multipack,4,CR0010000200605,cargo fijo,3750.0,0.0,,Llave De Luz Sica - Tapa Para 2 Módulos - Argento - Mignon,3702.0,14808.0,3750.0,0.3037,0.25,Sica,0.25,la marca,gold_special,11106.0,4 unidades en una venta ahorran $3.750 de cargo fijo ($5.000 → $1.250),0,MLA2069009240,MLAU3091610740,https://vendedores.mercadolibre.com.ar/publicar/kit?pre_charged_ups=MLAU3091610740
multipack,4,CR0010000200604,cargo fijo,3750.0,0.0,,Llave De Luz Sica - Tapa Para 2 Módulos - Teclas Negras Negr,3702.0,14808.0,3750.0,0.3037,0.25,Sica,0.25,la marca,gold_special,11106.0,4 unidades en una venta ahorran $3.750 de cargo fijo ($5.000 → $1.250),0,MLA2059619810,MLAU3090380514,https://vendedores.mercadolibre.com.ar/publicar/kit?pre_charged_ups=MLAU3090380514
multipack,4,CR0150001001156,cargo fijo,3750.0,0.0,,Lija Al Agua Sinteplast Polacrin Grano 180 - 230 X 280mm 180,3628.0,14512.0,3750.0,0.3099,0.25,Polacrin,0.25,la marca,gold_special,10884.0,4 unidades en una venta ahorran $3.750 de cargo fijo ($5.000 → $1.250),0,MLA2506799826,MLAU3525166066,https://vendedores.mercadolibre.com.ar/publicar/kit?pre_charged_ups=MLAU3525166066
multipack,4,CR027000000000005561,cargo fijo,3750.0,0.0,,Spot Embutir Pvc Negro Cuadrado Gu10 Led Interior 10.5cm,3608.0,14432.0,3750.0,0.3116,0.25,Ferrolux,0.25,la marca,gold_special,10824.0,4 unidades en una venta ahorran $3.750 de cargo fijo ($5.000 → $1.250),0,MLA1869299996,MLAU406147937,https://vendedores.mercadolibre.com.ar/publicar/kit?pre_charged_ups=MLAU406147937
multipack,4,CR0010000200520,cargo fijo,3750.0,0.0,,Llave De Luz Sica - Tapa Para 1 Módulo - Blanco R - Mignon,3580.0,14320.0,3750.0,0.314,0.25,Sica,0.25,la marca,gold_special,10740.0,4 unidades en una venta ahorran $3.750 de cargo fijo ($5.000 → $1.250),0,MLA2068930464,MLAU3085039149,https://vendedores.mercadolibre.com.ar/publicar/kit?pre_charged_ups=MLAU3085039149
multipack,4,CR0010000200201,cargo fijo,3750.0,0.0,,Llave De Luz Sica - Tapa Para 2 Módulos - Teclas Negras Negr,3580.0,14320.0,3750.0,0.314,0.25,Sica,0.25,la marca,gold_special,10740.0,4 unidades en una venta ahorran $3.750 de cargo fijo ($5.000 → $1.250),0,MLA3167681874,MLAU3885655211,https://vendedores.mercadolibre.com.ar/publicar/kit?pre_charged_ups=MLAU3885655211
multipack,4,CR0010000200627,cargo fijo,3750.0,0.0,,Tapa De Luz Sica Silight By Pininfarina Mignon Strada 5x5 Co,3580.0,14320.0,3750.0,0.314,0.25,Sica,0.25,la marca,gold_special,10740.0,4 unidades en una venta ahorran $3.750 de cargo fijo ($5.000 → $1.250),0,MLA3167841468,MLAU3896970408,https://vendedores.mercadolibre.com.ar/publicar/kit?pre_charged_ups=MLAU3896970408
multipack,4,CR0160000000ARNFL3GT,cargo fijo,3750.0,0.0,,Adhesivo Instantáneo Suprabond Flash Líquido Extra Fuerte 3g,3512.0,14048.0,3750.0,0.3201,0.15,Suprabond,0.15,la marca,gold_special,11940.8,4 unidades en una venta ahorran $3.750 de cargo fijo ($5.000 → $1.250),0,MLA2834231892,MLAU3779192810,https://vendedores.mercadolibre.com.ar/publicar/kit?pre_charged_ups=MLAU3779192810
multipack,4,CR0010000200101,cargo fijo,3750.0,0.0,,Llave De Luz Sica Silight - 1 Módulo - Nero Color Negro Negr,3509.0,14036.0,3750.0,0.3127,0.25,Sica,0.25,la marca,gold_special,10527.0,4 unidades en una venta ahorran $3.750 de cargo fijo ($5.000 → $1.250),0,MLA3167787174,MLAU3885679055,https://vendedores.mercadolibre.com.ar/publicar/kit?pre_charged_ups=MLAU3885679055
multipack,4,CR042000000000160106,cargo fijo,3750.0,0.0,,Esponja Go! Superficies Antiadherentes La Gauchita,3500.0,14000.0,3750.0,0.3212,0.25,La Gauchita,0.25,la marca,gold_special,10500.0,4 unidades en una venta ahorran $3.750 de cargo fijo ($5.000 → $1.250),0,MLA2170321886,MLAU2937466113,https://vendedores.mercadolibre.com.ar/publicar/kit?pre_charged_ups=MLAU2937466113
multipack,4,CR0010000200600,cargo fijo,3750.0,0.0,,Tapa De Luz Sica Silight By Pininfarina Mignon Bianco 5x5 Co,3484.0,13936.0,3750.0,0.3227,0.25,Sica,0.25,la marca,gold_special,10452.0,4 unidades en una venta ahorran $3.750 de cargo fijo ($5.000 → $1.250),0,MLA2473243380,MLAU3090509040,https://vendedores.mercadolibre.com.ar/publicar/kit?pre_charged_ups=MLAU3090509040
multipack,4,CR0010000200500,cargo fijo,3750.0,0.0,,Llave De Luz Sica - Tapa Para 1 Módulo - Blanca - Mignon,3484.0,13936.0,3750.0,0.3227,0.25,Sica,0.25,la marca,gold_special,10452.0,4 unidades en una venta ahorran $3.750 de cargo fijo ($5.000 → $1.250),0,MLA2138521760,MLAU3085030283,https://vendedores.mercadolibre.com.ar/publicar/kit?pre_charged_ups=MLAU3085030283
multipack,4,CR020000000000006320,cargo fijo,3750.0,0.0,,Modulo Led Cob Crafters 7020 24v Alta Potencia - Blanco Frío,3287.0,13148.0,3750.0,0.342,0.25,Crafters,0.25,la marca,gold_pro,9861.0,4 unidades en una venta ahorran $3.750 de cargo fijo ($5.000 → $1.250),0,MLA2752103694,MLAU3706250483,https://vendedores.mercadolibre.com.ar/publicar/kit?pre_charged_ups=MLAU3706250483
multipack,4,CR020000000000006324,cargo fijo,3750.0,0.0,,Modulo Led Crafters 5054 Smd 12v 3 Chips 30lm Ip68 Luz Ámbar,3120.0,12480.0,3750.0,0.3603,0.25,Crafters,0.25,la marca,gold_pro,9360.0,4 unidades en una venta ahorran $3.750 de cargo fijo ($5.000 → $1.250),0,MLA2753059212,MLAU3714814048,https://vendedores.mercadolibre.com.ar/publicar/kit?pre_charged_ups=MLAU3714814048
multipack,4,CR0010000911555,cargo fijo,3750.0,0.0,,Plafón Led Sica Panel Cuadrado Techo - 6w - Luz Día Blanco,2989.0,11956.0,3750.0,0.3761,0.25,Sica,0.25,la marca,gold_special,8967.0,4 unidades en una venta ahorran $3.750 de cargo fijo ($5.000 → $1.250),0,MLA3412611456,MLAU4050748290,https://vendedores.mercadolibre.com.ar/publicar/kit?pre_charged_ups=MLAU4050748290
multipack,4,CR023000000000006313,cargo fijo,3750.0,0.0,,Módulo Led Cob Crafters 7020 24v Alta Potencia Ip68 - Azul,2800.0,11200.0,3750.0,0.4015,0.25,Crafters,0.25,la marca,gold_pro,8400.0,4 unidades en una venta ahorran $3.750 de cargo fijo ($5.000 → $1.250),0,MLA2752103738,MLAU3714970694,https://vendedores.mercadolibre.com.ar/publicar/kit?pre_charged_ups=MLAU3714970694
multipack,4,CR0010000200405,cargo fijo,3750.0,0.0,,Llave De Luz Sica - Tapa Para 4 Módulos Argento Pininfarina,2502.0,10008.0,3750.0,0.4493,0.25,Sica,0.25,la marca,gold_special,7506.0,4 unidades en una venta ahorran $3.750 de cargo fijo ($5.000 → $1.250),0,MLA3403820222,MLAU4043313508,https://vendedores.mercadolibre.com.ar/publicar/kit?pre_charged_ups=MLAU4043313508
multipack,4,CR0010000545208,cargo fijo,3750.0,0.0,,Llave De Luz Sica - Toma Para Teléfono Blanca 10 A 220v Blan,2466.0,9864.0,3750.0,0.4559,0.25,Sica,0.25,la marca,gold_special,7398.0,4 unidades en una venta ahorran $3.750 de cargo fijo ($5.000 → $1.250),0,MLA1806538745,MLAU4028142360,https://vendedores.mercadolibre.com.ar/publicar/kit?pre_charged_ups=MLAU4028142360
multipack,4,CR020000000000006339,cargo fijo,3750.0,0.0,,Modulo Led Crafters 3030 Smd 12v 1 Chip Cartelería Luz Fría ,2466.0,9864.0,3750.0,0.4559,0.25,Crafters,0.25,la marca,gold_special,7398.0,4 unidades en una venta ahorran $3.750 de cargo fijo ($5.000 → $1.250),0,MLA3403884946,MLAU4029471433,https://vendedores.mercadolibre.com.ar/publicar/kit?pre_charged_ups=MLAU4029471433
multipack,4,CR020000000000006344,cargo fijo,3750.0,0.0,,Modulo Led 6012 Ip68 Carteleria Corporea Exterior Smd Color ,2447.0,9788.0,3750.0,0.4594,0.25,Mayorled,0.25,la marca,gold_special,7341.0,4 unidades en una venta ahorran $3.750 de cargo fijo ($5.000 → $1.250),0,MLA1806538039,MLAU4028096956,https://vendedores.mercadolibre.com.ar/publicar/kit?pre_charged_ups=MLAU4028096956
multipack,4,CR0010000200227,cargo fijo,3750.0,0.0,,Tapa De Luz Sica Silight By Pininfarina Negro Y Strada 10x5,2380.0,9520.0,3750.0,0.4723,0.25,Sica,0.25,la marca,gold_special,7140.0,4 unidades en una venta ahorran $3.750 de cargo fijo ($5.000 → $1.250),0,MLA3403909520,MLAU4043294074,https://vendedores.mercadolibre.com.ar/publicar/kit?pre_charged_ups=MLAU4043294074
multipack,4,CR020000000000006316,cargo fijo,3750.0,0.0,,Modulo Led Crafters 5054 Smd 3 Chips 30 Lm Rgb Exterior,2341.0,9364.0,3750.0,0.4802,0.25,Crafters,0.25,la marca,gold_special,7023.0,4 unidades en una venta ahorran $3.750 de cargo fijo ($5.000 → $1.250),0,MLA3412610214,MLAU4050735488,https://vendedores.mercadolibre.com.ar/publicar/kit?pre_charged_ups=MLAU4050735488
multipack,4,CR0010000200004,cargo fijo,3750.0,0.0,,Llave De Luz Sica - Bastidor Para 4 Módulos - Iram 10 A 220v,2203.0,8812.0,3750.0,0.5103,0.25,Sica,0.25,la marca,gold_special,6609.0,4 unidades en una venta ahorran $3.750 de cargo fijo ($5.000 → $1.250),0,MLA3381568116,MLAU4014717483,https://vendedores.mercadolibre.com.ar/publicar/kit?pre_charged_ups=MLAU4014717483
multipack,4,CR020000000000006728,cargo fijo,3750.0,0.0,,Conector Led 4 Pines Macho Macho Tira 5050 Rgb Color Negro N,2181.0,8724.0,3750.0,0.5154,0.25,Hogar Liniers,0.25,la marca,gold_special,6543.0,4 unidades en una venta ahorran $3.750 de cargo fijo ($5.000 → $1.250),0,MLA3412609932,MLAU4036705925,https://vendedores.mercadolibre.com.ar/publicar/kit?pre_charged_ups=MLAU4036705925
multipack,3,CR0160000000000PTT30,cargo fijo,2500.0,0.0,,Adhesivo Suprabond * Pegatodo * Transparente 30ml,4888.0,14664.0,2500.0,0.2129,0.15,Suprabond,0.15,la marca,gold_pro,12464.4,3 unidades en una venta ahorran $2.500 de cargo fijo ($3.750 → $1.250),2013,MLA850739772,MLAU269850617,https://vendedores.mercadolibre.com.ar/publicar/kit?pre_charged_ups=MLAU269850617
multipack,3,CR0160000000000TPRSM,cargo fijo,2500.0,0.0,,Topetina Suprabond De Goma Rectangular Simil Madera,4519.0,13557.0,2500.0,0.2155,0.15,Suprabond,0.15,la marca,gold_pro,11523.45,3 unidades en una venta ahorran $2.500 de cargo fijo ($3.750 → $1.250),153,MLA870532520,MLAU297647932,https://vendedores.mercadolibre.com.ar/publicar/kit?pre_charged_ups=MLAU297647932
multipack,3,CR0010000911557,cargo fijo,2500.0,0.0,,Plafón Led Sica Panel Cuadrado Techo - 12w - Luz Día Blanco,4936.0,14808.0,2500.0,0.2024,0.25,Sica,0.2024,la economía del kit,gold_special,11810.28,3 unidades en una venta ahorran $2.500 de cargo fijo ($3.750 → $1.250),104,MLA1148685266,MLAU219615582,https://vendedores.mercadolibre.com.ar/publicar/kit?pre_charged_ups=MLAU219615582
multipack,3,CR021000000000004005,cargo fijo,2500.0,0.0,,"Lampara Led Philips 10,5w Luz Blanco Frio",4427.5,13282.5,2500.0,0.2204,0.25,Philips,0.2204,la economía del kit,gold_special,10354.47,3 unidades en una venta ahorran $2.500 de cargo fijo ($3.750 → $1.250),97,MLA2072307844,MLAU3157799607,https://vendedores.mercadolibre.com.ar/publicar/kit?pre_charged_ups=MLAU3157799607
multipack,3,CR0160000000PINS2112,cargo fijo,2500.0,0.0,,Pincel Bulit Serie 200 Pura Cerda - 1.5 Pulgadas,4984.98,14954.94,2500.0,0.2005,0.15,Bulit,0.15,la marca,gold_pro,12711.7,3 unidades en una venta ahorran $2.500 de cargo fijo ($3.750 → $1.250),87,MLA909809439,MLAU305323263,https://vendedores.mercadolibre.com.ar/publicar/kit?pre_charged_ups=MLAU305323263
multipack,3,CR01600000MEDREGAI30,cargo fijo,2500.0,0.0,,Regla De Acero Inoxidable Bulit 30cm,4715.0,14145.0,2500.0,0.2119,0.15,Bulit,0.15,la marca,gold_special,12023.25,3 unidades en una venta ahorran $2.500 de cargo fijo ($3.750 → $1.250),85,MLA824933886,MLAU281966457,https://vendedores.mercadolibre.com.ar/publicar/kit?pre_charged_ups=MLAU281966457
multipack,3,CR01600000DES8PH0X75,cargo fijo,2500.0,0.0,,Destornillador Bulit Profesional Serie 800 Phillips #0x75mm,5099.0,15297.0,2500.0,0.1903,0.15,Bulit,0.15,la marca,gold_special,13002.45,3 unidades en una venta ahorran $2.500 de cargo fijo ($3.750 → $1.250),68,MLA868551874,MLAU290946683,https://vendedores.mercadolibre.com.ar/publicar/kit?pre_charged_ups=MLAU290946683
multipack,3,CR0010000911660,cargo fijo,2500.0,0.0,,Superficial Led Cuad 6w Bc Sica Blanco,4571.0,13713.0,2500.0,0.2186,0.25,Sica,0.2186,la economía del kit,gold_special,10715.28,3 unidades en una venta ahorran $2.500 de cargo fijo ($3.750 → $1.250),65,MLA1229986452,MLAU254680260,https://vendedores.mercadolibre.com.ar/publicar/kit?pre_charged_ups=MLAU254680260
multipack,3,CR0160000DES7PL4X100,cargo fijo,2500.0,0.0,,Destornillador Bulit Profesional Serie 700 Plano #4x100mm,5087.0,15261.0,2500.0,0.1964,0.15,Bulit,0.15,la marca,gold_special,12971.85,3 unidades en una venta ahorran $2.500 de cargo fijo ($3.750 → $1.250),38,MLA903863503,MLAU304966846,https://vendedores.mercadolibre.com.ar/publicar/kit?pre_charged_ups=MLAU304966846
multipack,3,CR01600000000ESPFX15,cargo fijo,2500.0,0.0,,Espátula Bulit Flexible - Acero Al Carbono - 1.5 Pulgadas,5136.0,15408.0,2500.0,0.2202,0.15,Bulit,0.15,la marca,gold_pro,13096.8,3 unidades en una venta ahorran $2.500 de cargo fijo ($3.750 → $1.250),33,MLA3183335262,MLAU304717199,https://vendedores.mercadolibre.com.ar/publicar/kit?pre_charged_ups=MLAU304717199
multipack,3,CR026000000000005714,cargo fijo,2500.0,0.0,,Spot Embutir Cuadrado Dicroica E43 Techo Iluminacion L1 Full,4739.0,14217.0,2500.0,0.2109,0.25,Spotsline,0.2109,la economía del kit,gold_special,11219.28,3 unidades en una venta ahorran $2.500 de cargo fijo ($3.750 → $1.250),20,MLA1455699353,MLAU2370272568,https://vendedores.mercadolibre.com.ar/publicar/kit?pre_charged_ups=MLAU2370272568
multipack,3,CR020000000000006345,cargo fijo,2500.0,0.0,,Módulo Led Crafters 6012 Smd 12v Cartel Exterior Ip68 - Frío,4060.0,12180.0,2500.0,0.2461,0.25,Crafters,0.2461,la economía del kit,gold_pro,9182.28,3 unidades en una venta ahorran $2.500 de cargo fijo ($3.750 → $1.250),17,MLA1847886812,MLAU407835676,https://vendedores.mercadolibre.com.ar/publicar/kit?pre_charged_ups=MLAU407835676
multipack,3,CR01600000DES7PL4X75,cargo fijo,2500.0,0.0,,Destornillador Bulit Profesional Serie 700 Plano #4x75mm,5036.0,15108.0,2500.0,0.1984,0.15,Bulit,0.15,la marca,gold_special,12841.8,3 unidades en una venta ahorran $2.500 de cargo fijo ($3.750 → $1.250),14,MLA903861526,MLAU305304838,https://vendedores.mercadolibre.com.ar/publicar/kit?pre_charged_ups=MLAU305304838
multipack,3,CR021000000000001026,cargo fijo,2500.0,0.0,,Plafón Led Crafters Techo Redondo 6w Blanco Cálido - Aplicar,4500.0,13500.0,2500.0,0.2221,0.25,N2M Electrónica,0.2221,la economía del kit,gold_pro,10502.28,3 unidades en una venta ahorran $2.500 de cargo fijo ($3.750 → $1.250),14,MLA1455380877,MLAU2312184705,https://vendedores.mercadolibre.com.ar/publicar/kit?pre_charged_ups=MLAU2312184705
multipack,3,CR0150001001153,cargo fijo,2500.0,0.0,,Lija Al Agua Polacrin Grano Basto Medio N° 100 - Sinteplast ,4100.0,12300.0,2500.0,0.2296,0.25,Polacrin,0.2296,la economía del kit,gold_special,9476.53,3 unidades en una venta ahorran $2.500 de cargo fijo ($3.750 → $1.250),14,MLA2169002182,MLAU3287217840,https://vendedores.mercadolibre.com.ar/publicar/kit?pre_charged_ups=MLAU3287217840
multipack,3,CR0150001001152,cargo fijo,2500.0,0.0,,Lija Al Agua Polacrin Grano 80 - 230 X 280mm 80,4100.0,12300.0,2500.0,0.2437,0.25,Polacrin,0.2437,la economía del kit,gold_special,9302.28,3 unidades en una venta ahorran $2.500 de cargo fijo ($3.750 → $1.250),12,MLA2834093966,MLAU3769953383,https://vendedores.mercadolibre.com.ar/publicar/kit?pre_charged_ups=MLAU3769953383
multipack,3,CR01600000DES7PH1X50,cargo fijo,2500.0,0.0,,Destornillador Bulit Cromo Vanadio S700 Phillips #1x50mm,5255.0,15765.0,2500.0,0.1902,0.15,Bulit,0.15,la marca,gold_special,13400.25,3 unidades en una venta ahorran $2.500 de cargo fijo ($3.750 → $1.250),11,MLA855312288,MLAU296016593,https://vendedores.mercadolibre.com.ar/publicar/kit?pre_charged_ups=MLAU296016593
multipack,3,CR042000000000120033,cargo fijo,2500.0,0.0,,Pala De Mano La Gauchita Borde De Goma Con Limpia Escobillon,5116.0,15348.0,2500.0,0.1894,0.25,La Gauchita,0.1894,la economía del kit,gold_special,12441.1,3 unidades en una venta ahorran $2.500 de cargo fijo ($3.750 → $1.250),11,MLA1470753175,MLAU2947160474,https://vendedores.mercadolibre.com.ar/publicar/kit?pre_charged_ups=MLAU2947160474
multipack,3,CR028000000000003308,cargo fijo,2500.0,0.0,,Lampara Led Bipin 4.5w G9 Foco Iluminacion Equivale 45w Blan,4522.0,13566.0,2500.0,0.221,0.25,G9,0.221,la economía del kit,gold_special,10568.28,3 unidades en una venta ahorran $2.500 de cargo fijo ($3.750 → $1.250),11,MLA1547905971,MLAU3181564261,https://vendedores.mercadolibre.com.ar/publicar/kit?pre_charged_ups=MLAU3181564261
multipack,3,CR016000000000PINS21,cargo fijo,2500.0,0.0,,Pincel Bulit Serie 200 Pura Cerda - 1 Pulgada,4060.69,12182.07,2500.0,0.2461,0.15,Bulit,0.15,la marca,gold_pro,10354.76,3 unidades en una venta ahorran $2.500 de cargo fijo ($3.750 → $1.250),9,MLA909807759,MLAU3084498299,https://vendedores.mercadolibre.com.ar/publicar/kit?pre_charged_ups=MLAU3084498299
multipack,3,CR029000000000004431,cargo fijo,2500.0,0.0,,Liston Doble Tubo Led T8 Zocalos G13 220v Techo Iluminacion,5043.0,15129.0,2500.0,0.1981,0.25,N2M Electrónica,0.1981,la economía del kit,gold_special,12131.28,3 unidades en una venta ahorran $2.500 de cargo fijo ($3.750 → $1.250),7,MLA1670297777,MLAU3780959428,https://vendedores.mercadolibre.com.ar/publicar/kit?pre_charged_ups=MLAU3780959428
multipack,3,CR021000000000004004,cargo fijo,2500.0,0.0,,Lampara Led Crafters Rosca E27 Foco Común Iluminacion - 7w B,4952.04,14856.12,2500.0,0.2018,0.25,Crafters,0.2018,la economía del kit,gold_pro,11858.4,3 unidades en una venta ahorran $2.500 de cargo fijo ($3.750 → $1.250),7,MLA1847884854,MLAU406060603,https://vendedores.mercadolibre.com.ar/publicar/kit?pre_charged_ups=MLAU406060603
multipack,3,CR01600000000BO5149V,cargo fijo,2500.0,0.0,,Tubo Bocallave Bulit S500 - 1/4 - 9mm - Cromo Vanadio,4145.0,12435.0,2500.0,0.2411,0.15,Bulit,0.15,la marca,gold_special,10569.75,3 unidades en una venta ahorran $2.500 de cargo fijo ($3.750 → $1.250),7,MLA1454980604,MLAU254798602,https://vendedores.mercadolibre.com.ar/publicar/kit?pre_charged_ups=MLAU254798602
multipack,3,CR01600000000SBD25ST,cargo fijo,2500.0,0.0,,Adhesivo Suprabond Clásico Sin Tolueno - 25ml,5226.0,15678.0,2500.0,0.1878,0.15,Suprabond,0.15,la marca,gold_pro,13326.3,3 unidades en una venta ahorran $2.500 de cargo fijo ($3.750 → $1.250),5,MLA933454244,MLAU312086829,https://vendedores.mercadolibre.com.ar/publicar/kit?pre_charged_ups=MLAU312086829
multipack,3,CR0160000000000GFX25,cargo fijo,2500.0,0.0,,Sellador Suprabond De Silicona Transparente 25ml,4026.0,12078.0,2500.0,0.2369,0.15,Suprabond,0.15,la marca,gold_special,10266.3,3 unidades en una venta ahorran $2.500 de cargo fijo ($3.750 → $1.250),5,MLA909841099,MLAU306685414,https://vendedores.mercadolibre.com.ar/publicar/kit?pre_charged_ups=MLAU306685414
multipack,3,CR016000000000BO148V,cargo fijo,2500.0,0.0,,Tubo Bocallave Bulit - 1/4  - 8mm - Cromo Vanadio,4145.0,12435.0,2500.0,0.2411,0.15,Bulit,0.15,la marca,gold_special,10569.75,3 unidades en una venta ahorran $2.500 de cargo fijo ($3.750 → $1.250),4,MLA1314603073,MLAU231296326,https://vendedores.mercadolibre.com.ar/publicar/kit?pre_charged_ups=MLAU231296326
multipack,3,CR035000000000002468,cargo fijo,2500.0,0.0,,Portalampara Crafters De Ceramica Zócalo Rosca E14 Foco Colo,4478.0,13434.0,2500.0,0.2546,0.25,Crafters,0.25,la marca,gold_pro,10075.5,3 unidades en una venta ahorran $2.500 de cargo fijo ($3.750 → $1.250),3,MLA2187829556,MLAU3091932998,https://vendedores.mercadolibre.com.ar/publicar/kit?pre_charged_ups=MLAU3091932998
multipack,3,CR01600000000BO1438V,cargo fijo,2500.0,0.0,,Tubo Bocallave Bulit - 1/4  - 3/8  - Cromo Vanadio,4145.0,12435.0,2500.0,0.2411,0.15,Bulit,0.15,la marca,gold_special,10569.75,3 unidades en una venta ahorran $2.500 de cargo fijo ($3.750 → $1.250),3,MLA1314570746,MLAU228530601,https://vendedores.mercadolibre.com.ar/publicar/kit?pre_charged_ups=MLAU228530601
multipack,3,CR00200000RS852,cargo fijo,2500.0,0.0,,Sopapa Aqualaf Para Desague Con Tapon Cromo,5023.0,15069.0,2500.0,0.1989,0.25,Aqualaf,0.1989,la economía del kit,gold_special,12071.28,3 unidades en una venta ahorran $2.500 de cargo fijo ($3.750 → $1.250),2,MLA2078953448,MLAU3169675243,https://vendedores.mercadolibre.com.ar/publicar/kit?pre_charged_ups=MLAU3169675243
multipack,3,CR027000000000005562,cargo fijo,2500.0,0.0,,Spot Embutir Crafters Pvc Redondo Blanco Ar111 Dicroica Gu10,4561.43,13684.29,2500.0,0.2191,0.25,Crafters,0.2191,la economía del kit,gold_pro,10686.57,3 unidades en una venta ahorran $2.500 de cargo fijo ($3.750 → $1.250),2,MLA1847808088,MLAU407802238,https://vendedores.mercadolibre.com.ar/publicar/kit?pre_charged_ups=MLAU407802238
multipack,3,CR016000000000BO145V,cargo fijo,2500.0,0.0,,Tubo Bocallave Bulit - 1/4  - 5 Mm - Cromo Vanadio,4066.0,12198.0,2500.0,0.2458,0.15,Bulit,0.15,la marca,gold_special,10368.3,3 unidades en una venta ahorran $2.500 de cargo fijo ($3.750 → $1.250),2,MLA1314570752,MLAU257638269,https://vendedores.mercadolibre.com.ar/publicar/kit?pre_charged_ups=MLAU257638269
multipack,3,CR01600000DES7RT4X75,cargo fijo,2500.0,0.0,,Destornillador Recto #4x75mm S700 Bulit Cromo Vanadio,5107.0,15321.0,2500.0,0.1957,0.15,Bulit,0.15,la marca,gold_special,13022.85,3 unidades en una venta ahorran $2.500 de cargo fijo ($3.750 → $1.250),1,MLA1501536591,MLAU3185098605,https://vendedores.mercadolibre.com.ar/publicar/kit?pre_charged_ups=MLAU3185098605
multipack,3,CR01600000DES8PH0X50,cargo fijo,2500.0,0.0,,Destornillador Bulit Profesional Serie 800 Phillips #0x50mm,4930.0,14790.0,2500.0,0.2027,0.15,Bulit,0.15,la marca,gold_special,12571.5,3 unidades en una venta ahorran $2.500 de cargo fijo ($3.750 → $1.250),1,MLA2472375996,MLAU3183681519,https://vendedores.mercadolibre.com.ar/publicar/kit?pre_charged_ups=MLAU3183681519
multipack,3,CR021000000000003671,cargo fijo,2500.0,0.0,,Lampara Led 4w Filamento Vintage Bulbo E27 Cálida Blanco Cál,4626.0,13878.0,2500.0,0.216,0.25,Yarlux,0.216,la economía del kit,gold_special,10880.28,3 unidades en una venta ahorran $2.500 de cargo fijo ($3.750 → $1.250),1,MLA1496313707,MLAU3165258319,https://vendedores.mercadolibre.com.ar/publicar/kit?pre_charged_ups=MLAU3165258319
multipack,3,CR01600000000BO14V12,cargo fijo,2500.0,0.0,,Tubo Bocallave Bulit - 1/4 - 1/2 - Cromo Vanadio,4263.0,12789.0,2500.0,0.2344,0.15,Bulit,0.15,la marca,gold_special,10870.65,3 unidades en una venta ahorran $2.500 de cargo fijo ($3.750 → $1.250),1,MLA1314564481,MLAU239913372,https://vendedores.mercadolibre.com.ar/publicar/kit?pre_charged_ups=MLAU239913372
multipack,3,CR020000000000006322,cargo fijo,2500.0,0.0,,Modulo Led Crafters 5050 Smd 12v 3 Chips 30 Lm Blanco Cálido,4044.0,12132.0,2500.0,0.2471,0.25,Crafters,0.2471,la economía del kit,gold_pro,9134.28,3 unidades en una venta ahorran $2.500 de cargo fijo ($3.750 → $1.250),1,MLA1437896899,MLAU407658646,https://vendedores.mercadolibre.com.ar/publicar/kit?pre_charged_ups=MLAU407658646
multipack,3,CR037000000000004702,cargo fijo,2500.0,0.0,,Lampara Led Bipin 4w G9 220v Foco Iluminacion Blanco Frío,5213.0,15639.0,2500.0,0.1917,0.25,N2M Electrónica,0.1917,la economía del kit,gold_special,12641.28,3 unidades en una venta ahorran $2.500 de cargo fijo ($3.750 → $1.250),0,MLA1514016283,MLAU3345073593,https://vendedores.mercadolibre.com.ar/publicar/kit?pre_charged_ups=MLAU3345073593
multipack,3,CR027000000000002314,cargo fijo,2500.0,0.0,,Lampara Colgante Riel Regleta Circular 3 Iluminacion Negro N,4967.0,14901.0,2500.0,0.2012,0.25,180,0.2012,la economía del kit,gold_special,11903.28,3 unidades en una venta ahorran $2.500 de cargo fijo ($3.750 → $1.250),0,MLA1806511151,MLAU4028030510,https://vendedores.mercadolibre.com.ar/publicar/kit?pre_charged_ups=MLAU4028030510
multipack,3,CR027000000000002318,cargo fijo,2500.0,0.0,,Riel Regleta Circular Capacidad Hasta 3 Lamparas Colgantes N,4967.0,14901.0,2500.0,0.2012,0.25,Ferrolux,0.2012,la economía del kit,gold_special,11903.28,3 unidades en una venta ahorran $2.500 de cargo fijo ($3.750 → $1.250),0,MLA3412609130,MLAU4036677971,https://vendedores.mercadolibre.com.ar/publicar/kit?pre_charged_ups=MLAU4036677971
multipack,3,CR042000000000060002,cargo fijo,2500.0,0.0,,Cepillo La Gauchita Para Calzado Fibra Suave Lustrador,4627.0,13881.0,2500.0,0.216,0.25,La Gauchita,0.216,la economía del kit,gold_special,10883.28,3 unidades en una venta ahorran $2.500 de cargo fijo ($3.750 → $1.250),0,MLA1470615743,MLAU2942575498,https://vendedores.mercadolibre.com.ar/publicar/kit?pre_charged_ups=MLAU2942575498
multipack,3,CR021000000000001035,cargo fijo,2500.0,0.0,,Panel Led Cuadrado Embutir 12w Plafon Marco Blanco Blanco,4597.0,13791.0,2500.0,0.2174,0.25,B&S,0.2174,la economía del kit,gold_special,10793.28,3 unidades en una venta ahorran $2.500 de cargo fijo ($3.750 → $1.250),0,MLA1812551619,MLAU4043365978,https://vendedores.mercadolibre.com.ar/publicar/kit?pre_charged_ups=MLAU4043365978
multipack,3,CR027000000000001906,cargo fijo,2500.0,0.0,,Riel Regleta Circular Hasta 2 Lamparas Colgantes Iluminacion,4500.0,13500.0,2500.0,0.2221,0.25,Ferrolux,0.2221,la economía del kit,gold_pro,10502.28,3 unidades en una venta ahorran $2.500 de cargo fijo ($3.750 → $1.250),0,MLA2270431614,MLAU3275246930,https://vendedores.mercadolibre.com.ar/publicar/kit?pre_charged_ups=MLAU3275246930
multipack,3,CR037000000000004714,cargo fijo,2500.0,0.0,,Lámpara Led Bipin 3.5w G4 Luz Blanco Frío 6500k 380lm,4475.0,13425.0,2500.0,0.2233,0.25,N2M Electrónica,0.2233,la economía del kit,gold_special,10427.28,3 unidades en una venta ahorran $2.500 de cargo fijo ($3.750 → $1.250),0,MLA3412608912,MLAU4050684706,https://vendedores.mercadolibre.com.ar/publicar/kit?pre_charged_ups=MLAU4050684706
multipack,3,CR042000000000120013,cargo fijo,2500.0,0.0,,Pala De Mano La Gauchita Shark Clip Borde De Goma Calidad Az,4431.0,13293.0,2500.0,0.2255,0.25,La Gauchita,0.2255,la economía del kit,gold_special,10295.28,3 unidades en una venta ahorran $2.500 de cargo fijo ($3.750 → $1.250),0,MLA3167571924,MLAU3896900878,https://vendedores.mercadolibre.com.ar/publicar/kit?pre_charged_ups=MLAU3896900878
multipack,3,CR042000000000160503,cargo fijo,2500.0,0.0,,Esponja Acero La Gauchita Go Bollito Inoxidable 50gr Cocina,4137.0,12411.0,2500.0,0.2415,0.25,La Gauchita,0.2415,la economía del kit,gold_special,9413.28,3 unidades en una venta ahorran $2.500 de cargo fijo ($3.750 → $1.250),0,MLA1470577177,MLAU2937466039,https://vendedores.mercadolibre.com.ar/publicar/kit?pre_charged_ups=MLAU2937466039
multipack,3,CR029000000000002406,cargo fijo,2500.0,0.0,,Zócalo Cerámico G13 Tubo T8 Led Tubo Fluorescente 220v Blanc,4136.0,12408.0,2500.0,0.2416,0.25,Led,0.2416,la economía del kit,gold_special,9410.28,3 unidades en una venta ahorran $2.500 de cargo fijo ($3.750 → $1.250),0,MLA1739135125,MLAU3882965701,https://vendedores.mercadolibre.com.ar/publicar/kit?pre_charged_ups=MLAU3882965701
multipack,3,CR042000000000040003,cargo fijo,2500.0,0.0,,Cepillo De Limpieza General La Gauchita Maxi Multiuso Azul,4112.0,12336.0,2500.0,0.243,0.25,La Gauchita,0.243,la economía del kit,gold_special,9338.28,3 unidades en una venta ahorran $2.500 de cargo fijo ($3.750 → $1.250),0,MLA1806522539,MLAU4027922716,https://vendedores.mercadolibre.com.ar/publicar/kit?pre_charged_ups=MLAU4027922716
multipack,3,CR0150001001154,cargo fijo,2500.0,0.0,,Lija Al Agua Polacrin Grano Basto Medio N° 120 - Sinteplast ,4100.0,12300.0,2500.0,0.2437,0.25,Polacrin,0.2437,la economía del kit,gold_special,9302.28,3 unidades en una venta ahorran $2.500 de cargo fijo ($3.750 → $1.250),0,MLA2833976196,MLAU3779321544,https://vendedores.mercadolibre.com.ar/publicar/kit?pre_charged_ups=MLAU3779321544
multipack,3,CR042000000000160103,cargo fijo,2500.0,0.0,,Esponja La Gauchita Go Anatómica Limpieza Profunda Abrasiva,4094.0,12282.0,2500.0,0.2441,0.25,La Gauchita,0.2441,la economía del kit,gold_special,9284.28,3 unidades en una venta ahorran $2.500 de cargo fijo ($3.750 → $1.250),0,MLA1470538407,MLAU2937466165,https://vendedores.mercadolibre.com.ar/publicar/kit?pre_charged_ups=MLAU2937466165
multipack,3,CR0160000000BO14316V,cargo fijo,2500.0,0.0,,Tubo Bocallave Bulit - 1/4 - 3/16 - Cromo Vanadio,4066.0,12198.0,2500.0,0.2458,0.15,Bulit,0.15,la marca,gold_special,10368.3,3 unidades en una venta ahorran $2.500 de cargo fijo ($3.750 → $1.250),0,MLA2074913230,MLAU3089870212,https://vendedores.mercadolibre.com.ar/publicar/kit?pre_charged_ups=MLAU3089870212
multipack,4,CR01600000000000SLTN,cargo fijo,2495.0,0.0,,Burlete Suprabond Goma Espuma Normal Gris 5 Metros Gris,5504.0,22016.0,2495.0,0.1462,0.15,Suprabond,0.1462,la economía del kit,gold_pro,18798.04,4 unidades en una venta ahorran $2.495 de cargo fijo ($5.000 → $2.505),1181,MLA931075172,MLAU209441954,https://vendedores.mercadolibre.com.ar/publicar/kit?pre_charged_ups=MLAU209441954
multipack,4,CR01600000MEDREGAI40,cargo fijo,2495.0,0.0,,Regla De Acero Inoxidable Bulit 40cm,5874.0,23496.0,2495.0,0.1247,0.15,Bulit,0.1247,la economía del kit,gold_special,20565.5,4 unidades en una venta ahorran $2.495 de cargo fijo ($5.000 → $2.505),182,MLA824934570,MLAU286143499,https://vendedores.mercadolibre.com.ar/publicar/kit?pre_charged_ups=MLAU286143499
multipack,4,CR0160000DES7PL4X125,cargo fijo,2495.0,0.0,,Destornillador Bulit Profesional Serie 700 Plano #4x125mm,5438.0,21752.0,2495.0,0.1375,0.15,Bulit,0.1375,la economía del kit,gold_special,18760.27,4 unidades en una venta ahorran $2.495 de cargo fijo ($5.000 → $2.505),67,MLA907258742,MLAU306105896,https://vendedores.mercadolibre.com.ar/publicar/kit?pre_charged_ups=MLAU306105896
multipack,4,CR016000000000ESPFX2,cargo fijo,2495.0,0.0,,Espátula Bulit Flexible -  Acero Al Carbono - 2 Pulgadas,5771.0,23084.0,2495.0,0.1421,0.15,Bulit,0.1421,la economía del kit,gold_pro,19804.01,4 unidades en una venta ahorran $2.495 de cargo fijo ($5.000 → $2.505),36,MLA907273414,MLAU304990339,https://vendedores.mercadolibre.com.ar/publicar/kit?pre_charged_ups=MLAU304990339
multipack,4,CR0160000DES8PL4X100,cargo fijo,2495.0,0.0,,Destornillador Bulit Profesional Serie 800 Plano #4x100mm,5471.0,21884.0,2495.0,0.1338,0.15,Bulit,0.1338,la economía del kit,gold_special,18956.22,4 unidades en una venta ahorran $2.495 de cargo fijo ($5.000 → $2.505),36,MLA868554167,MLAU295503613,https://vendedores.mercadolibre.com.ar/publicar/kit?pre_charged_ups=MLAU295503613
multipack,4,CR01600000DES7PH1X75,cargo fijo,2495.0,0.0,,Destornillador Bulit Cromo Vanadio Serie700 Phillips #1x75mm,5566.0,22264.0,2495.0,0.1312,0.15,Bulit,0.1312,la economía del kit,gold_special,19342.8,4 unidades en una venta ahorran $2.495 de cargo fijo ($5.000 → $2.505),35,MLA855312021,MLAU279410192,https://vendedores.mercadolibre.com.ar/publicar/kit?pre_charged_ups=MLAU279410192
multipack,4,CR0160000DES7PL4X150,cargo fijo,2495.0,0.0,,Destornillador Bulit Profesional Serie 700 Plano #4x150mm,5538.0,22152.0,2495.0,0.1351,0.15,Bulit,0.1351,la economía del kit,gold_special,19160.27,4 unidades en una venta ahorran $2.495 de cargo fijo ($5.000 → $2.505),21,MLA907259903,MLAU304798017,https://vendedores.mercadolibre.com.ar/publicar/kit?pre_charged_ups=MLAU304798017
multipack,4,CR021000000000004041,cargo fijo,2495.0,0.0,,Lampara Led Galponera 30w Rosca E27 Foco Industrial Blanco F,5576.4,22305.6,2495.0,0.131,0.25,N2M Electrónica,0.131,la economía del kit,gold_special,19383.98,4 unidades en una venta ahorran $2.495 de cargo fijo ($5.000 → $2.505),16,MLA1937333454,MLAU2362966967,https://vendedores.mercadolibre.com.ar/publicar/kit?pre_charged_ups=MLAU2362966967
multipack,4,CR0160000000SBD25BST,cargo fijo,2495.0,0.0,,Adhesivo De Contacto Sin Tolueno 25cc Blister Suprabond Blan,5438.0,21752.0,2495.0,0.1377,0.15,Suprabond,0.1377,la economía del kit,gold_pro,18756.99,4 unidades en una venta ahorran $2.495 de cargo fijo ($5.000 → $2.505),12,MLA2247005644,MLAU3364629732,https://vendedores.mercadolibre.com.ar/publicar/kit?pre_charged_ups=MLAU3364629732
multipack,4,CR016000000000PINS41,cargo fijo,2495.0,0.0,,Pincel Bulit Serie 400 1 Pulgada,5603.5,22414.0,2495.0,0.1292,0.15,Bulit,0.1292,la economía del kit,gold_pro,19517.82,4 unidades en una venta ahorran $2.495 de cargo fijo ($5.000 → $2.505),8,MLA1479381996,MLAU3089867776,https://vendedores.mercadolibre.com.ar/publicar/kit?pre_charged_ups=MLAU3089867776
multipack,4,CR026000000000005813,cargo fijo,2495.0,0.0,,Spot Empotrable Ar111 Led Embutir Redondo Movil Blanco Negro,5523.0,22092.0,2495.0,0.1354,0.25,Reflejo Iluminación,0.1354,la economía del kit,gold_special,19100.27,4 unidades en una venta ahorran $2.495 de cargo fijo ($5.000 → $2.505),7,MLA1455687289,MLAU2365975339,https://vendedores.mercadolibre.com.ar/publicar/kit?pre_charged_ups=MLAU2365975339
multipack,4,CR033000000000003611,cargo fijo,2495.0,0.0,,Lampara Filamento Led Vintage G45 4w Gota E27 Dimerizable Bl,5804.0,23216.0,2495.0,0.1289,0.25,N2M Electrónica,0.1289,la economía del kit,gold_special,20224.27,4 unidades en una venta ahorran $2.495 de cargo fijo ($5.000 → $2.505),6,MLA1513990557,MLAU3351119264,https://vendedores.mercadolibre.com.ar/publicar/kit?pre_charged_ups=MLAU3351119264
multipack,4,CR0160000000SBDTR25B,cargo fijo,2495.0,0.0,,Adhesivo Suprabond Transparente Extra Fuerte 25ml Color Neut,5642.0,22568.0,2495.0,0.1473,0.15,Suprabond,0.1473,la economía del kit,gold_pro,19244.52,4 unidades en una venta ahorran $2.495 de cargo fijo ($5.000 → $2.505),5,MLA1947363956,MLAU2542525530,https://vendedores.mercadolibre.com.ar/publicar/kit?pre_charged_ups=MLAU2542525530
multipack,4,CR01600000DES7PL5X75,cargo fijo,2495.0,0.0,,Destornillador Bulit Profesional Serie 700 Plano #5x75mm,5550.0,22200.0,2495.0,0.1348,0.15,Bulit,0.1348,la economía del kit,gold_special,19208.27,4 unidades en una venta ahorran $2.495 de cargo fijo ($5.000 → $2.505),4,MLA907263412,MLAU305729792,https://vendedores.mercadolibre.com.ar/publicar/kit?pre_charged_ups=MLAU305729792
multipack,4,CR027000000000005856,cargo fijo,2495.0,0.0,,Spot Cabezal Dicroica Led Tacho Proyector Movil Luces Bl03bn,5486.0,21944.0,2495.0,0.1363,0.25,Bless Iluminación,0.1363,la economía del kit,gold_special,18952.27,4 unidades en una venta ahorran $2.495 de cargo fijo ($5.000 → $2.505),4,MLA2158478756,MLAU3276471682,https://vendedores.mercadolibre.com.ar/publicar/kit?pre_charged_ups=MLAU3276471682
multipack,4,CR016000000000PBD25T,cargo fijo,2495.0,0.0,,Pegamento Sellador Multiuso Perbond Sellarrosca 25gr Azul,5772.0,23088.0,2495.0,0.1273,0.15,Suprabond,0.1273,la economía del kit,gold_special,20149.71,4 unidades en una venta ahorran $2.495 de cargo fijo ($5.000 → $2.505),3,MLA2834038362,MLAU3769850415,https://vendedores.mercadolibre.com.ar/publicar/kit?pre_charged_ups=MLAU3769850415
multipack,4,CR033000000000003625,cargo fijo,2495.0,0.0,,Lampara Fria Filamento Led Vintage G45 4w Gota Dimerizable B,5804.0,23216.0,2495.0,0.1289,0.25,N2M Electrónica,0.1289,la economía del kit,gold_special,20224.27,4 unidades en una venta ahorran $2.495 de cargo fijo ($5.000 → $2.505),0,MLA1513938371,MLAU3351063774,https://vendedores.mercadolibre.com.ar/publicar/kit?pre_charged_ups=MLAU3351063774
multipack,4,CR035000000000001641,cargo fijo,2495.0,0.0,,Spot Cabezal Pvc Ar111 Led Tacho Local Vidriera Movil Color ,5679.0,22716.0,2495.0,0.1317,0.25,Coper Light,0.1317,la economía del kit,gold_special,19724.27,4 unidades en una venta ahorran $2.495 de cargo fijo ($5.000 → $2.505),0,MLA2158413660,MLAU3270669771,https://vendedores.mercadolibre.com.ar/publicar/kit?pre_charged_ups=MLAU3270669771
multipack,4,CR026000000000005913,cargo fijo,2495.0,0.0,,Aplique Led Lampara Techo Spot Gu10 Semiembutido Movil Blanc,5548.0,22192.0,2495.0,0.1348,0.25,Leuk,0.1348,la economía del kit,gold_special,19200.27,4 unidades en una venta ahorran $2.495 de cargo fijo ($5.000 → $2.505),0,MLA1670036389,MLAU3780873456,https://vendedores.mercadolibre.com.ar/publicar/kit?pre_charged_ups=MLAU3780873456
multipack,4,CR0160000000SBDTR25T,cargo fijo,2495.0,0.0,,Adhesivo Suprabond Transparente Extra Fuerte 25ml Neutro,5426.0,21704.0,2495.0,0.1378,0.15,Suprabond,0.1378,la economía del kit,gold_pro,18712.27,4 unidades en una venta ahorran $2.495 de cargo fijo ($5.000 → $2.505),0,MLA2837455554,MLAU3781108788,https://vendedores.mercadolibre.com.ar/publicar/kit?pre_charged_ups=MLAU3781108788
multipack,2,CR016000000000EXA105,cargo fijo,2005.0,0.0,,Adhesivo Epoxi Suprabond Erpox Acero Máxima Soldadura 105gr,16425.0,32850.0,2005.0,0.0743,0.15,Suprabond,0.0743,la economía del kit,gold_special,30410.07,2 unidades en una venta ahorran $2.005 de cargo fijo ($5.010 → $3.005),5868,MLA859727205,MLAU209419070,https://vendedores.mercadolibre.com.ar/publicar/kit?pre_charged_ups=MLAU209419070
multipack,2,CR0160000000GFXU280N,cargo fijo,2005.0,0.0,,"Sellador De Silicona Suprabond Universal De 280ml, Negro",16152.0,32304.0,2005.0,0.0839,0.15,Suprabond,0.0839,la economía del kit,gold_pro,29592.37,2 unidades en una venta ahorran $2.005 de cargo fijo ($5.010 → $3.005),767,MLA1401669067,MLAU209435106,https://vendedores.mercadolibre.com.ar/publicar/kit?pre_charged_ups=MLAU209435106
multipack,2,CR0160000000GMXJ280T,cargo fijo,2005.0,0.0,,Acrílico Premium Suprabond Juntas Y Fisuras Transparente 280,16021.0,32042.0,2005.0,0.077,0.15,Suprabond,0.077,la economía del kit,gold_special,29575.0,2 unidades en una venta ahorran $2.005 de cargo fijo ($5.010 → $3.005),654,MLA826414534,MLAU208234667,https://vendedores.mercadolibre.com.ar/publicar/kit?pre_charged_ups=MLAU208234667
multipack,2,CR0160000000GFXU280B,cargo fijo,2005.0,0.0,,Sellador Silicona Universal Suprabond Blanco 280ml ,16152.0,32304.0,2005.0,0.0757,0.15,Suprabond,0.0757,la economía del kit,gold_pro,29858.33,2 unidades en una venta ahorran $2.005 de cargo fijo ($5.010 → $3.005),367,MLA903304655,MLAU209389652,https://vendedores.mercadolibre.com.ar/publicar/kit?pre_charged_ups=MLAU209389652
multipack,2,CR0160000000CDBAR30L,cargo fijo,2005.0,0.0,,Candado Bulit Reforzado Acero Niquelado N° 30 Aro Largo Gris,16053.0,32106.0,2005.0,0.0769,0.15,Bulit,0.0769,la economía del kit,gold_special,29635.96,2 unidades en una venta ahorran $2.005 de cargo fijo ($5.010 → $3.005),141,MLA909669357,MLAU209438002,https://vendedores.mercadolibre.com.ar/publicar/kit?pre_charged_ups=MLAU209438002
multipack,2,CR016000000EPPPU300E,cargo fijo,2005.0,0.0,,Espuma De Poliuretano Suprabond Economy 300ml,16497.0,32994.0,2005.0,0.0739,0.15,Suprabond,0.0739,la economía del kit,gold_special,30555.06,2 unidades en una venta ahorran $2.005 de cargo fijo ($5.010 → $3.005),71,MLA843310708,MLAU263527763,https://vendedores.mercadolibre.com.ar/publicar/kit?pre_charged_ups=MLAU263527763
multipack,2,CR01600000000SBD14ST,cargo fijo,2005.0,0.0,,Adhesivo Suprabond De Contacto Sin Tolueno - Lata 250ml,16294.0,32588.0,2005.0,0.0738,0.15,Suprabond,0.0738,la economía del kit,gold_pro,30183.83,2 unidades en una venta ahorran $2.005 de cargo fijo ($5.010 → $3.005),35,MLA1629292996,MLAU279235572,https://vendedores.mercadolibre.com.ar/publicar/kit?pre_charged_ups=MLAU279235572
multipack,2,CR0160000DES8PH3X125,cargo fijo,2005.0,0.0,,Destornillador Bulit Profesional Serie 800 Phillips #3x125mm,16210.0,32420.0,2005.0,0.0742,0.15,Bulit,0.0742,la economía del kit,gold_special,30015.83,2 unidades en una venta ahorran $2.005 de cargo fijo ($5.010 → $3.005),18,MLA868553690,MLAU296904412,https://vendedores.mercadolibre.com.ar/publicar/kit?pre_charged_ups=MLAU296904412
multipack,2,CR0150000523322,cargo fijo,2005.0,0.0,,Rodillo Para Pintar Mini Polacrin Antigota 22cm - Sin Marcas,16125.0,32250.0,2005.0,0.0745,0.25,Polacrin,0.0745,la economía del kit,gold_special,29845.83,2 unidades en una venta ahorran $2.005 de cargo fijo ($5.010 → $3.005),10,MLA1391259953,MLAU209316172,https://vendedores.mercadolibre.com.ar/publicar/kit?pre_charged_ups=MLAU209316172
multipack,4,CR01600000000000SLTD,cargo fijo,1995.0,0.0,,Burlete Suprabond Goma Espuma Doble Espesor Gris 5 Metros Gr,6954.0,27816.0,1995.0,0.0898,0.15,Suprabond,0.0898,la economía del kit,gold_pro,25318.25,4 unidades en una venta ahorran $1.995 de cargo fijo ($5.000 → $3.005),2529,MLA842568397,MLAU208228953,https://vendedores.mercadolibre.com.ar/publicar/kit?pre_charged_ups=MLAU208228953
multipack,4,CR01600000000PRTL2FP,cargo fijo,1995.0,0.0,,Trampa Adhesiva Suprabond Para Lauchas - Pegarat,6924.0,27696.0,1995.0,0.0871,0.15,Somerset,0.0871,la economía del kit,gold_pro,25283.97,4 unidades en una venta ahorran $1.995 de cargo fijo ($5.000 → $3.005),2189,MLA908074045,MLAU222944906,https://vendedores.mercadolibre.com.ar/publicar/kit?pre_charged_ups=MLAU222944906
multipack,4,CR016000000000ESL100,cargo fijo,1995.0,0.0,,Adhesivo Suprabond Silicona Líquida 100ml,7679.0,30716.0,1995.0,0.0761,0.15,Suprabond,0.0761,la economía del kit,gold_pro,28378.3,4 unidades en una venta ahorran $1.995 de cargo fijo ($5.000 → $3.005),410,MLA854985573,MLAU209346356,https://vendedores.mercadolibre.com.ar/publicar/kit?pre_charged_ups=MLAU209346356
multipack,4,CR01600000CHMF10UT25,cargo fijo,1995.0,0.0,,Barras Suprabond Finas Ultratransparentes 145gr,6689.0,26756.0,1995.0,0.0997,0.15,Suprabond,0.0997,la economía del kit,gold_pro,24087.55,4 unidades en una venta ahorran $1.995 de cargo fijo ($5.000 → $3.005),410,MLA901347064,MLAU224535540,https://vendedores.mercadolibre.com.ar/publicar/kit?pre_charged_ups=MLAU224535540
multipack,4,CR0160000000AFXP54TO,cargo fijo,1995.0,0.0,,Percha Suprabond Autoadhesiva Afix Para 2kg Blanco,6925.0,27700.0,1995.0,0.0842,0.15,Suprabond,0.0842,la economía del kit,gold_special,25368.79,4 unidades en una venta ahorran $1.995 de cargo fijo ($5.000 → $3.005),366,MLA819970272,MLAU276213057,https://vendedores.mercadolibre.com.ar/publicar/kit?pre_charged_ups=MLAU276213057
multipack,4,CR01600000000CDBBS20,cargo fijo,1995.0,0.0,,Candado Bulit De Bronce Macizo Standard 20mm Dorado,8001.56,32006.24,1995.0,0.069,0.15,Bulit,0.069,la economía del kit,gold_special,29796.35,4 unidades en una venta ahorran $1.995 de cargo fijo ($5.000 → $3.005),330,MLA872095377,MLAU296493307,https://vendedores.mercadolibre.com.ar/publicar/kit?pre_charged_ups=MLAU296493307
multipack,4,CR016000000000SBDU60,cargo fijo,1995.0,0.0,,Adhesivo Suprabond Uno No Tóxico,6157.0,24628.0,1995.0,0.1115,0.15,Suprabond,0.1115,la economía del kit,gold_pro,21881.08,4 unidades en una venta ahorran $1.995 de cargo fijo ($5.000 → $3.005),234,MLA841842385,MLAU290884246,https://vendedores.mercadolibre.com.ar/publicar/kit?pre_charged_ups=MLAU290884246
multipack,4,CR016000000000ESPFX3,cargo fijo,1995.0,0.0,,Espátula Bulit Flexible -  Acero Al Carbono - 3 Pulgadas,6534.0,26136.0,1995.0,0.0923,0.15,Bulit,0.0923,la economía del kit,gold_pro,23724.08,4 unidades en una venta ahorran $1.995 de cargo fijo ($5.000 → $3.005),228,MLA907274468,MLAU306064148,https://vendedores.mercadolibre.com.ar/publicar/kit?pre_charged_ups=MLAU306064148
multipack,4,CR0160000000AFXP35BO,cargo fijo,1995.0,0.0,,Perchas Autoadhesivas Suprabond Máxima Adherencia - 1kg Blan,7202.0,28808.0,1995.0,0.0805,0.15,Suprabond,0.0805,la economía del kit,gold_special,26488.06,4 unidades en una venta ahorran $1.995 de cargo fijo ($5.000 → $3.005),202,MLA898113352,MLAU234530249,https://vendedores.mercadolibre.com.ar/publicar/kit?pre_charged_ups=MLAU234530249
multipack,4,CR0160000000AFXP35TO,cargo fijo,1995.0,0.0,,Perchas Autoadhesivas Suprabond Transparentes  - 1kg,7913.01,31652.04,1995.0,0.063,0.15,Suprabond,0.063,la economía del kit,gold_special,29657.04,4 unidades en una venta ahorran $1.995 de cargo fijo ($5.000 → $3.005),184,MLA904934708,MLAU303954519,https://vendedores.mercadolibre.com.ar/publicar/kit?pre_charged_ups=MLAU303954519
multipack,4,CR01600000000CCTR3GR,cargo fijo,1995.0,0.0,,Cutter Reforzado Bulit Grande Serie 300,7018.0,28072.0,1995.0,0.0948,0.15,Bulit,0.0948,la economía del kit,gold_pro,25410.54,4 unidades en una venta ahorran $1.995 de cargo fijo ($5.000 → $3.005),148,MLA1385365229,MLAU287688456,https://vendedores.mercadolibre.com.ar/publicar/kit?pre_charged_ups=MLAU287688456
multipack,4,CR0160000000000SLTDM,cargo fijo,1995.0,0.0,,Burlete Suprabond Goma Espuma Doble Espesor Marrón 5 Metros ,6954.0,27816.0,1995.0,0.0909,0.15,Suprabond,0.0909,la economía del kit,gold_pro,25286.86,4 unidades en una venta ahorran $1.995 de cargo fijo ($5.000 → $3.005),140,MLA844138842,MLAU1179004525,https://vendedores.mercadolibre.com.ar/publicar/kit?pre_charged_ups=MLAU1179004525
multipack,4,CR01600000000AFXPGM1,cargo fijo,1995.0,0.0,,Gancho Autoadhesivo Suprabond Plástico Para Escobas - 2.5kg,8189.0,32756.0,1995.0,0.073,0.15,Suprabond,0.073,la economía del kit,gold_special,30363.82,4 unidades en una venta ahorran $1.995 de cargo fijo ($5.000 → $3.005),116,MLA898109374,MLAU302090761,https://vendedores.mercadolibre.com.ar/publicar/kit?pre_charged_ups=MLAU302090761
multipack,4,CR0160000DES8RA4X100,cargo fijo,1995.0,0.0,,Destornillador Bulit Profesional Aislado Recto #4x100mm,6930.0,27720.0,1995.0,0.0842,0.15,Bulit,0.0842,la economía del kit,gold_special,25384.7,4 unidades en una venta ahorran $1.995 de cargo fijo ($5.000 → $3.005),108,MLA855103592,MLAU297368172,https://vendedores.mercadolibre.com.ar/publicar/kit?pre_charged_ups=MLAU297368172
multipack,4,CR0160000DES8PHA0X75,cargo fijo,1995.0,0.0,,Destornillador Bulit Profesional Aislado Phillips #0x75mm,6912.0,27648.0,1995.0,0.084,0.15,Bulit,0.084,la economía del kit,gold_special,25324.59,4 unidades en una venta ahorran $1.995 de cargo fijo ($5.000 → $3.005),94,MLA855101984,MLAU292425055,https://vendedores.mercadolibre.com.ar/publicar/kit?pre_charged_ups=MLAU292425055
multipack,4,CR01600000DES8PH1X75,cargo fijo,1995.0,0.0,,Destornillador Bulit Profesional Serie 800 Phillips #1x75mm,6036.0,24144.0,1995.0,0.0963,0.15,Bulit,0.0963,la economía del kit,gold_special,21820.08,4 unidades en una venta ahorran $1.995 de cargo fijo ($5.000 → $3.005),92,MLA868550274,MLAU295508217,https://vendedores.mercadolibre.com.ar/publicar/kit?pre_charged_ups=MLAU295508217
multipack,4,CR0160000000AFXP54BO,cargo fijo,1995.0,0.0,,Perchas Autoadhesivas Suprabond Blancas - 2kg Blanco,6925.0,27700.0,1995.0,0.0864,0.15,Suprabond,0.0864,la economía del kit,gold_special,25307.82,4 unidades en una venta ahorran $1.995 de cargo fijo ($5.000 → $3.005),78,MLA904935397,MLAU305114202,https://vendedores.mercadolibre.com.ar/publicar/kit?pre_charged_ups=MLAU305114202
multipack,4,CR016000000000ESPFX1,cargo fijo,1995.0,0.0,,Espátula Bulit Flexible - Acero Al Carbono - 1 Pulgada,6073.56,24294.24,1995.0,0.0821,0.15,Bulit,0.0821,la economía del kit,gold_pro,22299.24,4 unidades en una venta ahorran $1.995 de cargo fijo ($5.000 → $3.005),78,MLA907273122,MLAU302674409,https://vendedores.mercadolibre.com.ar/publicar/kit?pre_charged_ups=MLAU302674409
multipack,4,CR01600000000GFXU60N,cargo fijo,1995.0,0.0,,Sellador Silicona Universal Suprabond Negro 60ml,7665.0,30660.0,1995.0,0.0874,0.15,Suprabond,0.0874,la economía del kit,gold_pro,27980.74,4 unidades en una venta ahorran $1.995 de cargo fijo ($5.000 → $3.005),77,MLA1610640522,MLAU304703496,https://vendedores.mercadolibre.com.ar/publicar/kit?pre_charged_ups=MLAU304703496
multipack,4,CR016000000000PINS71,cargo fijo,1995.0,0.0,,Pincel Bulit Serie 700 Pura Cerda 100% Natural 1 Pulgada,7138.33,28553.32,1995.0,0.0838,0.15,Bulit,0.0838,la economía del kit,gold_pro,26161.14,4 unidades en una venta ahorran $1.995 de cargo fijo ($5.000 → $3.005),57,MLA909806237,MLAU306735218,https://vendedores.mercadolibre.com.ar/publicar/kit?pre_charged_ups=MLAU306735218
multipack,4,CR016000000000ESPFX4,cargo fijo,1995.0,0.0,,Espátula Bulit Flexible -  Acero Al Carbono - 4 Pulgadas,7402.0,29608.0,1995.0,0.0859,0.15,Bulit,0.0859,la economía del kit,gold_pro,27063.9,4 unidades en una venta ahorran $1.995 de cargo fijo ($5.000 → $3.005),43,MLA907273674,MLAU272025663,https://vendedores.mercadolibre.com.ar/publicar/kit?pre_charged_ups=MLAU272025663
multipack,4,CR016000000000ZAP10B,cargo fijo,1995.0,0.0,,Adhesivo Para Zapatillas Deportivas Suprabond Extra Fuerte T,7797.39,31189.56,1995.0,0.0649,0.15,Suprabond,0.0649,la economía del kit,gold_special,29165.48,4 unidades en una venta ahorran $1.995 de cargo fijo ($5.000 → $3.005),31,MLA1510949196,MLAU245130940,https://vendedores.mercadolibre.com.ar/publicar/kit?pre_charged_ups=MLAU245130940
multipack,4,CR0160000DES8PL5X100,cargo fijo,1995.0,0.0,,Destornillador Bulit Profesional Serie 800 Plano #5x100mm,7311.0,29244.0,1995.0,0.0818,0.15,Bulit,0.0818,la economía del kit,gold_special,26851.82,4 unidades en una venta ahorran $1.995 de cargo fijo ($5.000 → $3.005),31,MLA868557621,MLAU291794219,https://vendedores.mercadolibre.com.ar/publicar/kit?pre_charged_ups=MLAU291794219
multipack,4,CR016000000000PINS22,cargo fijo,1995.0,0.0,,Pincel Bulit Serie 200 Pura Cerda - 2 Pulgadas,6300.7,25202.8,1995.0,0.0941,0.15,Bulit,0.0941,la economía del kit,gold_pro,22831.8,4 unidades en una venta ahorran $1.995 de cargo fijo ($5.000 → $3.005),31,MLA1485182656,MLAU287509806,https://vendedores.mercadolibre.com.ar/publicar/kit?pre_charged_ups=MLAU287509806
multipack,4,CR01600000000LLV7VA6,cargo fijo,1995.0,0.0,,Llave Combinada Bulit S700 - Acodada Cromo Vanadio - 6mm,6088.0,24352.0,1995.0,0.0982,0.15,Bulit,0.0982,la economía del kit,gold_special,21959.82,4 unidades en una venta ahorran $1.995 de cargo fijo ($5.000 → $3.005),28,MLA907730181,MLAU304598539,https://vendedores.mercadolibre.com.ar/publicar/kit?pre_charged_ups=MLAU304598539
multipack,4,CR0440000000000VTC20,cargo fijo,1995.0,0.0,,Flexible Regulable Ferrum 1/2 X 40cm - Repuesto,8038.0,32152.0,1995.0,0.0744,0.25,Ferrum,0.0744,la economía del kit,gold_pro,29759.82,4 unidades en una venta ahorran $1.995 de cargo fijo ($5.000 → $3.005),26,MLA2016244370,MLAU3022335274,https://vendedores.mercadolibre.com.ar/publicar/kit?pre_charged_ups=MLAU3022335274
multipack,4,CR01600000CHMG10UT10,cargo fijo,1995.0,0.0,,Barras Gruesas Suprabond Ultratransparentes 127gr,6689.0,26756.0,1995.0,0.0981,0.15,Suprabond,0.0981,la economía del kit,gold_pro,24129.97,4 unidades en una venta ahorran $1.995 de cargo fijo ($5.000 → $3.005),24,MLA1139034830,MLAU303176899,https://vendedores.mercadolibre.com.ar/publicar/kit?pre_charged_ups=MLAU303176899
multipack,4,CR0160000000LLV7VA11,cargo fijo,1995.0,0.0,,Llave Combinada Bulit S700 - Acodada Cromo Vanadio - 11mm,7565.0,30260.0,1995.0,0.0791,0.15,Bulit,0.0791,la economía del kit,gold_special,27867.82,4 unidades en una venta ahorran $1.995 de cargo fijo ($5.000 → $3.005),23,MLA1600349678,MLAU265198393,https://vendedores.mercadolibre.com.ar/publicar/kit?pre_charged_ups=MLAU265198393
multipack,4,CR01600000DES8PH1X50,cargo fijo,1995.0,0.0,,Destornillador Bulit Profesional Serie 800 Phillips #1x50mm,6021.0,24084.0,1995.0,0.0993,0.15,Bulit,0.0993,la economía del kit,gold_special,21691.82,4 unidades en una venta ahorran $1.995 de cargo fijo ($5.000 → $3.005),23,MLA906307576,MLAU305653730,https://vendedores.mercadolibre.com.ar/publicar/kit?pre_charged_ups=MLAU305653730
multipack,4,CR01600000000SBD50ST,cargo fijo,1995.0,0.0,,Adhesivo Suprabond Clásico Sin Tolueno - 50ml,8141.0,32564.0,1995.0,0.0735,0.15,Suprabond,0.0735,la economía del kit,gold_pro,30171.82,4 unidades en una venta ahorran $1.995 de cargo fijo ($5.000 → $3.005),18,MLA1634041234,MLAU327320944,https://vendedores.mercadolibre.com.ar/publicar/kit?pre_charged_ups=MLAU327320944
multipack,4,CR0160000000LLV7VA10,cargo fijo,1995.0,0.0,,Llave Combinada Bulit S700 - Acodada Cromo Vanadio - 10mm,7227.0,28908.0,1995.0,0.0828,0.15,Bulit,0.0828,la economía del kit,gold_special,26515.82,4 unidades en una venta ahorran $1.995 de cargo fijo ($5.000 → $3.005),18,MLA1399892059,MLAU3089868246,https://vendedores.mercadolibre.com.ar/publicar/kit?pre_charged_ups=MLAU3089868246
multipack,4,CR0160000000000GAS25,cargo fijo,1995.0,0.0,,Sellarroscas Suprabond Para Caños De Gas 25ml,6312.0,25248.0,1995.0,0.0947,0.15,Suprabond,0.0947,la economía del kit,gold_special,22855.82,4 unidades en una venta ahorran $1.995 de cargo fijo ($5.000 → $3.005),16,MLA863509842,MLAU294259201,https://vendedores.mercadolibre.com.ar/publicar/kit?pre_charged_ups=MLAU294259201
multipack,4,CR0160000DES7PL5X100,cargo fijo,1995.0,0.0,,Destornillador Bulit Profesional Serie 700 Plano #5x100mm,6181.0,24724.0,1995.0,0.0945,0.15,Bulit,0.0945,la economía del kit,gold_special,22388.4,4 unidades en una venta ahorran $1.995 de cargo fijo ($5.000 → $3.005),13,MLA903864149,MLAU303772463,https://vendedores.mercadolibre.com.ar/publicar/kit?pre_charged_ups=MLAU303772463
multipack,4,CR042000000000020017,cargo fijo,1995.0,0.0,,Escoba La Gauchita Veronna Multiuso Todo Tipo De Pisos,6168.0,24672.0,1995.0,0.097,0.25,La Gauchita,0.097,la economía del kit,gold_special,22279.82,4 unidades en una venta ahorran $1.995 de cargo fijo ($5.000 → $3.005),13,MLA1470551209,MLAU2937464549,https://vendedores.mercadolibre.com.ar/publicar/kit?pre_charged_ups=MLAU2937464549
multipack,4,CR0010000911772,cargo fijo,1995.0,0.0,,Plafón Led Sica Cuadrado Techo Superficial - 12w Cálido Blan,7094.0,28376.0,1995.0,0.0843,0.25,Sica,0.0843,la economía del kit,gold_special,25983.82,4 unidades en una venta ahorran $1.995 de cargo fijo ($5.000 → $3.005),12,MLA1418037489,MLAU330574773,https://vendedores.mercadolibre.com.ar/publicar/kit?pre_charged_ups=MLAU330574773
multipack,4,CR0160000DES8PL4X150,cargo fijo,1995.0,0.0,,Destornillador Bulit Profesional Serie 800 Plano #4x150mm,6912.0,27648.0,1995.0,0.0865,0.15,Bulit,0.0865,la economía del kit,gold_special,25255.82,4 unidades en una venta ahorran $1.995 de cargo fijo ($5.000 → $3.005),12,MLA868555423,MLAU296539714,https://vendedores.mercadolibre.com.ar/publicar/kit?pre_charged_ups=MLAU296539714
multipack,4,CR01600000DES8RT4X75,cargo fijo,1995.0,0.0,,Destornillador Bulit Profesional Serie 800 Recto #4x75mm,6036.0,24144.0,1995.0,0.0991,0.15,Bulit,0.0991,la economía del kit,gold_special,21751.82,4 unidades en una venta ahorran $1.995 de cargo fijo ($5.000 → $3.005),12,MLA868561302,MLAU295454919,https://vendedores.mercadolibre.com.ar/publicar/kit?pre_charged_ups=MLAU295454919
multipack,4,CR0160000DES7PL5X150,cargo fijo,1995.0,0.0,,Destornillador Bulit Profesional Serie 700 Plano #5x150mm,6831.0,27324.0,1995.0,0.0875,0.15,Bulit,0.0875,la economía del kit,gold_special,24931.82,4 unidades en una venta ahorran $1.995 de cargo fijo ($5.000 → $3.005),11,MLA903864613,MLAU304748736,https://vendedores.mercadolibre.com.ar/publicar/kit?pre_charged_ups=MLAU304748736
multipack,4,CR0080000RONDI1,cargo fijo,1995.0,0.0,,Toalla De Mano Rondiblu Spa 50x85cm - 100% Algodón 500grs Bl,7183.0,28732.0,1995.0,0.0694,0.25,Rondiblu,0.0694,la economía del kit,gold_pro,26737.0,4 unidades en una venta ahorran $1.995 de cargo fijo ($5.000 → $3.005),10,MLA1475124409,MLAU2998616727,https://vendedores.mercadolibre.com.ar/publicar/kit?pre_charged_ups=MLAU2998616727
multipack,4,CR0160000DES8PL4X125,cargo fijo,1995.0,0.0,,Destornillador Bulit Profesional Serie 800 Plano #4x125mm,6021.0,24084.0,1995.0,0.097,0.15,Bulit,0.097,la economía del kit,gold_special,21748.4,4 unidades en una venta ahorran $1.995 de cargo fijo ($5.000 → $3.005),10,MLA868555820,MLAU295353963,https://vendedores.mercadolibre.com.ar/publicar/kit?pre_charged_ups=MLAU295353963
multipack,4,CR0390000000XTIA5050,cargo fijo,1995.0,0.0,,Tira Led 5050 5m 60 Leds/m Azul Ip20 Interior Adhesiva 72w,6000.0,24000.0,1995.0,0.0973,0.25,Practiled,0.0973,la economía del kit,gold_pro,21663.62,4 unidades en una venta ahorran $1.995 de cargo fijo ($5.000 → $3.005),10,MLA1503133983,MLAU425545244,https://vendedores.mercadolibre.com.ar/publicar/kit?pre_charged_ups=MLAU425545244
multipack,4,CR0160000000PINS7112,cargo fijo,1995.0,0.0,,Pincel Bulit Serie 700 Pura Cerda 100% Natural 1.5 Pulgadas,8067.6,32270.4,1995.0,0.0741,0.15,Bulit,0.0741,la economía del kit,gold_pro,29878.22,4 unidades en una venta ahorran $1.995 de cargo fijo ($5.000 → $3.005),9,MLA1384237621,MLAU307060462,https://vendedores.mercadolibre.com.ar/publicar/kit?pre_charged_ups=MLAU307060462
multipack,4,CR01600000000GFXU60T,cargo fijo,1995.0,0.0,,Sellador De Silicona Universal Suprabond Transparente 60ml,7665.0,30660.0,1995.0,0.0876,0.15,Suprabond,0.0876,la economía del kit,gold_pro,27975.6,4 unidades en una venta ahorran $1.995 de cargo fijo ($5.000 → $3.005),9,MLA1634434829,MLAU286280459,https://vendedores.mercadolibre.com.ar/publicar/kit?pre_charged_ups=MLAU286280459
multipack,4,CR01600000000PBDP25T,cargo fijo,1995.0,0.0,,Sellador Multiuso Suprabond Perbond Premium Transp. 25ml,6063.0,24252.0,1995.0,0.0949,0.15,Suprabond,0.0949,la economía del kit,gold_special,21950.15,4 unidades en una venta ahorran $1.995 de cargo fijo ($5.000 → $3.005),9,MLA2089164616,MLAU3191117558,https://vendedores.mercadolibre.com.ar/publicar/kit?pre_charged_ups=MLAU3191117558
multipack,4,CR0160000DES8TX6X753,cargo fijo,1995.0,0.0,,Destornillador Bulit Profesional Serie 800 Torx #6x75x3,6036.0,24144.0,1995.0,0.0963,0.15,Bulit,0.0963,la economía del kit,gold_special,21819.67,4 unidades en una venta ahorran $1.995 de cargo fijo ($5.000 → $3.005),8,MLA868562838,MLAU209440328,https://vendedores.mercadolibre.com.ar/publicar/kit?pre_charged_ups=MLAU209440328
multipack,4,CR01600000DES8PL4X75,cargo fijo,1995.0,0.0,,Destornillador Bulit Profesional Serie 800 Plano #4x75mm,6021.0,24084.0,1995.0,0.0993,0.15,Bulit,0.0993,la economía del kit,gold_special,21691.82,4 unidades en una venta ahorran $1.995 de cargo fijo ($5.000 → $3.005),8,MLA908009560,MLAU273470577,https://vendedores.mercadolibre.com.ar/publicar/kit?pre_charged_ups=MLAU273470577
multipack,4,CR016000000000DESBPA,cargo fijo,1995.0,0.0,,Destornillador Buscapolo Aislado Bulit  500v Voltaje 140mm,7044.0,28176.0,1995.0,0.0827,0.15,Bulit,0.0827,la economía del kit,gold_special,25846.58,4 unidades en una venta ahorran $1.995 de cargo fijo ($5.000 → $3.005),7,MLA1918246902,MLAU1542185547,https://vendedores.mercadolibre.com.ar/publicar/kit?pre_charged_ups=MLAU1542185547
multipack,4,CR042000000000290023,cargo fijo,1995.0,0.0,,Guantes La Gauchita Go Classic Latex Domesticos Talle Large ,6585.0,26340.0,1995.0,0.0908,0.25,La Gauchita,0.0908,la economía del kit,gold_special,23947.82,4 unidades en una venta ahorran $1.995 de cargo fijo ($5.000 → $3.005),7,MLA1993225942,MLAU2942591052,https://vendedores.mercadolibre.com.ar/publicar/kit?pre_charged_ups=MLAU2942591052
multipack,4,CR0160000DSA4CP11516 X 5 UNIDADES,cargo fijo,1995.0,0.0,,"Disco Abrasivo De Corte Bulit Serie 400 115x1,6x22.2 X 5un N",6490.0,25960.0,1995.0,0.0921,0.15,Bulit,0.0921,la economía del kit,gold_special,23567.82,4 unidades en una venta ahorran $1.995 de cargo fijo ($5.000 → $3.005),7,MLA820012849,MLAU284994271,https://vendedores.mercadolibre.com.ar/publicar/kit?pre_charged_ups=MLAU284994271
multipack,4,CR0160000DES8TX9X754,cargo fijo,1995.0,0.0,,Destornillador Bulit Profesional Serie 800 Torx #9x75-4,6543.0,26172.0,1995.0,0.0891,0.15,Bulit,0.0891,la economía del kit,gold_special,23840.05,4 unidades en una venta ahorran $1.995 de cargo fijo ($5.000 → $3.005),6,MLA907859717,MLAU304943999,https://vendedores.mercadolibre.com.ar/publicar/kit?pre_charged_ups=MLAU304943999
multipack,4,CR0160000DES8PL5X125,cargo fijo,1995.0,0.0,,Destornillador Bulit Profesional Serie 800 Plano #5x125mm,7871.0,31484.0,1995.0,0.076,0.15,Bulit,0.076,la economía del kit,gold_special,29091.82,4 unidades en una venta ahorran $1.995 de cargo fijo ($5.000 → $3.005),5,MLA1548711900,MLAU295265607,https://vendedores.mercadolibre.com.ar/publicar/kit?pre_charged_ups=MLAU295265607
multipack,4,CR016000000000PINS42,cargo fijo,1995.0,0.0,,Pincel Bulit Serie 400 De 2  Para Pintura Y Barnices,6786.74,27146.96,1995.0,0.0881,0.15,Bulit,0.0881,la economía del kit,gold_pro,24754.78,4 unidades en una venta ahorran $1.995 de cargo fijo ($5.000 → $3.005),5,MLA1528012890,MLAU308138434,https://vendedores.mercadolibre.com.ar/publicar/kit?pre_charged_ups=MLAU308138434
multipack,4,CR042000000000070015,cargo fijo,1995.0,0.0,,Escobillón La Gauchita Match Escoba Multiuso Exteriores,6168.0,24672.0,1995.0,0.0957,0.25,La Gauchita,0.0957,la economía del kit,gold_special,22310.46,4 unidades en una venta ahorran $1.995 de cargo fijo ($5.000 → $3.005),5,MLA1470525471,MLAU2942591106,https://vendedores.mercadolibre.com.ar/publicar/kit?pre_charged_ups=MLAU2942591106
multipack,4,CR0160000DES8RT4X200,cargo fijo,1995.0,0.0,,Destornillador Bulit Profesional Serie 800 Recto #4x200mm,8135.0,32540.0,1995.0,0.0735,0.15,Bulit,0.0735,la economía del kit,gold_special,30147.82,4 unidades en una venta ahorran $1.995 de cargo fijo ($5.000 → $3.005),4,MLA868562622,MLAU296560682,https://vendedores.mercadolibre.com.ar/publicar/kit?pre_charged_ups=MLAU296560682
multipack,4,CR042000000000070014,cargo fijo,1995.0,0.0,,Escobillón La Gauchita Valencia Escoba Multiuso Interiores,7343.0,29372.0,1995.0,0.0814,0.25,La Gauchita,0.0814,la economía del kit,gold_special,26979.82,4 unidades en una venta ahorran $1.995 de cargo fijo ($5.000 → $3.005),4,MLA2037044784,MLAU2937464377,https://vendedores.mercadolibre.com.ar/publicar/kit?pre_charged_ups=MLAU2937464377
multipack,4,CR01600000000LLV7VA9,cargo fijo,1995.0,0.0,,Llave Combinada Bulit S700 - Acodada Cromo Vanadio - 9mm,6930.0,27720.0,1995.0,0.0863,0.15,Bulit,0.0863,la economía del kit,gold_special,25327.82,4 unidades en una venta ahorran $1.995 de cargo fijo ($5.000 → $3.005),4,MLA1607537496,MLAU250560719,https://vendedores.mercadolibre.com.ar/publicar/kit?pre_charged_ups=MLAU250560719
multipack,4,CR0160000000PINS4112,cargo fijo,1995.0,0.0,,Pincel Bulit Serie 400 1.5 Pulgadas,6913.23,27652.92,1995.0,0.084,0.15,Bulit,0.084,la economía del kit,gold_pro,25329.82,4 unidades en una venta ahorran $1.995 de cargo fijo ($5.000 → $3.005),4,MLA1477175462,MLAU305387665,https://vendedores.mercadolibre.com.ar/publicar/kit?pre_charged_ups=MLAU305387665
multipack,4,CR0160000DES8PH1X100,cargo fijo,1995.0,0.0,,Destornillador Bulit Profesional Serie 800 Phillips #1x100mm,6640.0,26560.0,1995.0,0.0901,0.15,Bulit,0.0901,la economía del kit,gold_special,24167.82,4 unidades en una venta ahorran $1.995 de cargo fijo ($5.000 → $3.005),4,MLA1375046521,MLAU234704942,https://vendedores.mercadolibre.com.ar/publicar/kit?pre_charged_ups=MLAU234704942
multipack,4,CR0160000DES7PL5X125,cargo fijo,1995.0,0.0,,Destornillador Bulit Profesional Serie 700 Plano #5x125mm,6546.0,26184.0,1995.0,0.0914,0.15,Bulit,0.0914,la economía del kit,gold_special,23791.82,4 unidades en una venta ahorran $1.995 de cargo fijo ($5.000 → $3.005),4,MLA903864361,MLAU273198553,https://vendedores.mercadolibre.com.ar/publicar/kit?pre_charged_ups=MLAU273198553
multipack,4,CR0160000DES8TX8X753,cargo fijo,1995.0,0.0,,Destornillador Bulit Profesional Serie 800 Torx #8x75-3,6408.0,25632.0,1995.0,0.0907,0.15,Bulit,0.0907,la economía del kit,gold_special,23307.15,4 unidades en una venta ahorran $1.995 de cargo fijo ($5.000 → $3.005),4,MLA907859581,MLAU305045945,https://vendedores.mercadolibre.com.ar/publicar/kit?pre_charged_ups=MLAU305045945
multipack,4,CR0160000000PINS5112,cargo fijo,1995.0,0.0,,Pincel Bulit Serie 500 Pura Cerda 100% Natural 1.5 Pulgadas,7049.68,28198.72,1995.0,0.0848,0.15,Bulit,0.0848,la economía del kit,gold_pro,25806.54,4 unidades en una venta ahorran $1.995 de cargo fijo ($5.000 → $3.005),3,MLA909812314,MLAU220184063,https://vendedores.mercadolibre.com.ar/publicar/kit?pre_charged_ups=MLAU220184063
multipack,4,CR01600000DES8PL5X75,cargo fijo,1995.0,0.0,,Destornillador Bulit Profesional Serie 800 Plano #5x75mm,6561.0,26244.0,1995.0,0.0885,0.15,Bulit,0.0885,la economía del kit,gold_special,23921.12,4 unidades en una venta ahorran $1.995 de cargo fijo ($5.000 → $3.005),3,MLA868558767,MLAU295504439,https://vendedores.mercadolibre.com.ar/publicar/kit?pre_charged_ups=MLAU295504439
multipack,4,CR021000000000001045,cargo fijo,1995.0,0.0,,Plafón Panel Led Sica Cuadrado Aplicar 18w Cálido Blanco,6531.0,26124.0,1995.0,0.0916,0.25,Sica,0.0916,la economía del kit,gold_special,23731.82,4 unidades en una venta ahorran $1.995 de cargo fijo ($5.000 → $3.005),3,MLA1670113513,MLAU3771403401,https://vendedores.mercadolibre.com.ar/publicar/kit?pre_charged_ups=MLAU3771403401
multipack,4,CR016000000000PINS51,cargo fijo,1995.0,0.0,,Pincel Bulit Serie 500 Pura Cerda 100% Natural 1 Pulgada,6363.45,25453.8,1995.0,0.091,0.15,Bulit,0.091,la economía del kit,gold_pro,23136.59,4 unidades en una venta ahorran $1.995 de cargo fijo ($5.000 → $3.005),3,MLA1139081607,MLAU224831803,https://vendedores.mercadolibre.com.ar/publicar/kit?pre_charged_ups=MLAU224831803
multipack,4,CR042000000000020018,cargo fijo,1995.0,0.0,,Escoba La Gauchita Exteriores Fibra Fuerte Pisos Rústicos,7832.0,31328.0,1995.0,0.0764,0.25,La Gauchita,0.0764,la economía del kit,gold_special,28935.82,4 unidades en una venta ahorran $1.995 de cargo fijo ($5.000 → $3.005),2,MLA1470603047,MLAU2942575496,https://vendedores.mercadolibre.com.ar/publicar/kit?pre_charged_ups=MLAU2942575496
multipack,4,CR01600000DSDS80115C,cargo fijo,1995.0,0.0,,Disco Diamantado Bulit Para Amoladora S80 Continuo 115mm Ama,7182.0,28728.0,1995.0,0.0833,0.15,Bulit,0.0833,la economía del kit,gold_special,26335.82,4 unidades en una venta ahorran $1.995 de cargo fijo ($5.000 → $3.005),2,MLA861949880,MLAU298248138,https://vendedores.mercadolibre.com.ar/publicar/kit?pre_charged_ups=MLAU298248138
multipack,4,CR0160000DES8PL4X200,cargo fijo,1995.0,0.0,,Destornillador Bulit Profesional Serie 800 Plano #4x200mm,6930.0,27720.0,1995.0,0.0863,0.15,Bulit,0.0863,la economía del kit,gold_special,25327.82,4 unidades en una venta ahorran $1.995 de cargo fijo ($5.000 → $3.005),2,MLA868556585,MLAU295542579,https://vendedores.mercadolibre.com.ar/publicar/kit?pre_charged_ups=MLAU295542579
multipack,4,CR01600000SBDTRPR25B,cargo fijo,1995.0,0.0,,Adhesivo Suprabond Transparente Precisión - Pomo 25 Ml Trans,6093.0,24372.0,1995.0,0.1008,0.15,Suprabond,0.1008,la economía del kit,gold_pro,21914.67,4 unidades en una venta ahorran $1.995 de cargo fijo ($5.000 → $3.005),2,MLA1679367029,MLAU3808016784,https://vendedores.mercadolibre.com.ar/publicar/kit?pre_charged_ups=MLAU3808016784
multipack,4,CR01600000000GFXU60B,cargo fijo,1995.0,0.0,,Sellador Silicona Universal Suprabond Blanco 60ml,7665.0,30660.0,1995.0,0.0874,0.15,Suprabond,0.0874,la economía del kit,gold_pro,27980.74,4 unidades en una venta ahorran $1.995 de cargo fijo ($5.000 → $3.005),1,MLA2201063606,MLAU304971310,https://vendedores.mercadolibre.com.ar/publicar/kit?pre_charged_ups=MLAU304971310
multipack,4,CR016000000AFXPR80TO,cargo fijo,1995.0,0.0,,Perchas Autoadhesivas Suprabond Removibles Transparentes 2u ,7606.0,30424.0,1995.0,0.0786,0.15,Suprabond,0.0786,la economía del kit,gold_special,28031.82,4 unidades en una venta ahorran $1.995 de cargo fijo ($5.000 → $3.005),1,MLA2837573360,MLAU3771683143,https://vendedores.mercadolibre.com.ar/publicar/kit?pre_charged_ups=MLAU3771683143
multipack,4,CR016000000LLV7VA716,cargo fijo,1995.0,0.0,,Llave Combinada Bulit Acodada Cromo Vanadio - 7/16 Pulgadas,7570.0,30280.0,1995.0,0.0771,0.15,Bulit,0.0771,la economía del kit,gold_special,27944.66,4 unidades en una venta ahorran $1.995 de cargo fijo ($5.000 → $3.005),1,MLA1398225379,MLAU263548552,https://vendedores.mercadolibre.com.ar/publicar/kit?pre_charged_ups=MLAU263548552
multipack,4,CR035000000000004416,cargo fijo,1995.0,0.0,,Foco Tubular Led N2m Electrónica De 9w Amarillo Con Base G13,7543.0,30172.0,1995.0,0.0793,0.25,N2M Electrónica,0.0793,la economía del kit,gold_special,27779.82,4 unidades en una venta ahorran $1.995 de cargo fijo ($5.000 → $3.005),1,MLA2088076296,MLAU3183299149,https://vendedores.mercadolibre.com.ar/publicar/kit?pre_charged_ups=MLAU3183299149
multipack,4,CR0160000000LLV7VA38,cargo fijo,1995.0,0.0,,Llave Combinada Bulit - Acodada Cromo Vanadio - 3/8 Pulgadas,7228.0,28912.0,1995.0,0.0827,0.15,Bulit,0.0827,la economía del kit,gold_special,26519.82,4 unidades en una venta ahorran $1.995 de cargo fijo ($5.000 → $3.005),1,MLA1398264211,MLAU3089869998,https://vendedores.mercadolibre.com.ar/publicar/kit?pre_charged_ups=MLAU3089869998
multipack,4,CR0160000DES8RT4X150,cargo fijo,1995.0,0.0,,Destornillador Bulit Profesional Serie 800 Recto #4x150mm,6756.0,27024.0,1995.0,0.0885,0.15,Bulit,0.0885,la economía del kit,gold_special,24631.82,4 unidades en una venta ahorran $1.995 de cargo fijo ($5.000 → $3.005),1,MLA868562269,MLAU295518227,https://vendedores.mercadolibre.com.ar/publicar/kit?pre_charged_ups=MLAU295518227
multipack,4,CR01600000000LLV7VA8,cargo fijo,1995.0,0.0,,Llave Combinada Bulit S700 - Acodada Cromo Vanadio - 8mm,6623.0,26492.0,1995.0,0.0903,0.15,Bulit,0.0903,la economía del kit,gold_special,24099.82,4 unidades en una venta ahorran $1.995 de cargo fijo ($5.000 → $3.005),1,MLA1398276861,MLAU259807360,https://vendedores.mercadolibre.com.ar/publicar/kit?pre_charged_ups=MLAU259807360
multipack,4,CR042000000000290024,cargo fijo,1995.0,0.0,,Guantes La Gauchita Go Classic Latex Resistente Extra Large ,6585.0,26340.0,1995.0,0.0878,0.25,La Gauchita,0.0878,la economía del kit,gold_special,24027.0,4 unidades en una venta ahorran $1.995 de cargo fijo ($5.000 → $3.005),1,MLA1993330016,MLAU2942589528,https://vendedores.mercadolibre.com.ar/publicar/kit?pre_charged_ups=MLAU2942589528
multipack,4,CR01600000000LLV7VA7,cargo fijo,1995.0,0.0,,Llave Combinada Bulit S700 - Acodada Cromo Vanadio - 7mm,6368.0,25472.0,1995.0,0.0939,0.15,Bulit,0.0939,la economía del kit,gold_special,23079.82,4 unidades en una venta ahorran $1.995 de cargo fijo ($5.000 → $3.005),1,MLA1398238445,MLAU240718061,https://vendedores.mercadolibre.com.ar/publicar/kit?pre_charged_ups=MLAU240718061
multipack,4,CR0160000DES8TX7X753,cargo fijo,1995.0,0.0,,Destornillador Bulit Profesional Serie 800 Torx #7x75-3,6188.0,24752.0,1995.0,0.0966,0.15,Bulit,0.0966,la economía del kit,gold_special,22359.82,4 unidades en una venta ahorran $1.995 de cargo fijo ($5.000 → $3.005),1,MLA868561520,MLAU295388315,https://vendedores.mercadolibre.com.ar/publicar/kit?pre_charged_ups=MLAU295388315
multipack,4,CR0160000000AFXPR33B,cargo fijo,1995.0,0.0,,Perchas Autoadhesivas Suprabond Removibles 33mm Blancas X 5u,8169.0,32676.0,1995.0,0.0714,0.15,Suprabond,0.0714,la economía del kit,gold_special,30341.75,4 unidades en una venta ahorran $1.995 de cargo fijo ($5.000 → $3.005),0,MLA3037887734,MLAU3833771621,https://vendedores.mercadolibre.com.ar/publicar/kit?pre_charged_ups=MLAU3833771621
multipack,4,CR025000000000001610,cargo fijo,1995.0,0.0,,Panel Led Redondo Embutir 12w Plafon Marco Negro Negro,8150.0,32600.0,1995.0,0.0734,0.25,Crafters,0.0734,la economía del kit,gold_special,30207.82,4 unidades en una venta ahorran $1.995 de cargo fijo ($5.000 → $3.005),0,MLA2752750336,MLAU3706242685,https://vendedores.mercadolibre.com.ar/publicar/kit?pre_charged_ups=MLAU3706242685
multipack,4,CR0010000911650,cargo fijo,1995.0,0.0,,Plafón Led Sica Panel Redondo - 6w - Blanco Cálido Blanco,7553.82,30215.28,1995.0,0.0792,0.25,Sica,0.0792,la economía del kit,gold_special,27823.1,4 unidades en una venta ahorran $1.995 de cargo fijo ($5.000 → $3.005),0,MLA1806563119,MLAU4014627305,https://vendedores.mercadolibre.com.ar/publicar/kit?pre_charged_ups=MLAU4014627305
multipack,4,CR029000000000004417,cargo fijo,1995.0,0.0,,Tubo Led Tubular Coper Light 9w Rojo Para Interiores,7543.0,30172.0,1995.0,0.0793,0.25,Coper Light,0.0793,la economía del kit,gold_special,27779.82,4 unidades en una venta ahorran $1.995 de cargo fijo ($5.000 → $3.005),0,MLA1869208700,MLAU408329752,https://vendedores.mercadolibre.com.ar/publicar/kit?pre_charged_ups=MLAU408329752
multipack,4,CR016000000AFXPR80BO,cargo fijo,1995.0,0.0,,Perchas Autoadhesivas Suprabond Removibles 80mm Blancas X 2u,7458.0,29832.0,1995.0,0.0802,0.15,Suprabond,0.0802,la economía del kit,gold_special,27439.82,4 unidades en una venta ahorran $1.995 de cargo fijo ($5.000 → $3.005),0,MLA2837274780,MLAU3771671941,https://vendedores.mercadolibre.com.ar/publicar/kit?pre_charged_ups=MLAU3771671941
multipack,4,CR027000000000004754,cargo fijo,1995.0,0.0,,Lampara Colgante Crafters Led Jaula Negro E27 Decoración Neg,7000.0,28000.0,1995.0,0.0854,0.25,Crafters,0.0854,la economía del kit,gold_pro,25607.82,4 unidades en una venta ahorran $1.995 de cargo fijo ($5.000 → $3.005),0,MLA1678557517,MLAU406568831,https://vendedores.mercadolibre.com.ar/publicar/kit?pre_charged_ups=MLAU406568831
multipack,4,CR042000000000160300 X 3 UNIDADES,cargo fijo,1995.0,0.0,,Esponja La Gauchita Go Fibra Plateada Extrafuerte X3u Gris,6879.0,27516.0,1995.0,0.0869,0.25,La Gauchita,0.0869,la economía del kit,gold_special,25123.82,4 unidades en una venta ahorran $1.995 de cargo fijo ($5.000 → $3.005),0,MLA1515558247,MLAU3366264459,https://vendedores.mercadolibre.com.ar/publicar/kit?pre_charged_ups=MLAU3366264459
multipack,4,CR028000000000001417,cargo fijo,1995.0,0.0,,Plafon Led Redondo Aplicar 6w Panel Marco Negro Negro,6852.0,27408.0,1995.0,0.0873,0.25,B&S,0.0873,la economía del kit,gold_special,25015.82,4 unidades en una venta ahorran $1.995 de cargo fijo ($5.000 → $3.005),0,MLA3412621362,MLAU4036645041,https://vendedores.mercadolibre.com.ar/publicar/kit?pre_charged_ups=MLAU4036645041
multipack,4,CR042000000000290022,cargo fijo,1995.0,0.0,,Guantes La Gauchita Go Classic Latex Resistente Talle Medium,6585.0,26340.0,1995.0,0.0777,0.25,La Gauchita,0.0777,la economía del kit,gold_special,24293.62,4 unidades en una venta ahorran $1.995 de cargo fijo ($5.000 → $3.005),0,MLA1470590443,MLAU2937464371,https://vendedores.mercadolibre.com.ar/publicar/kit?pre_charged_ups=MLAU2937464371
multipack,4,CR042000000000290021,cargo fijo,1995.0,0.0,,Guantes La Gauchita Go Classic Latex Domesticos Talle Small ,6585.0,26340.0,1995.0,0.0876,0.25,La Gauchita,0.0876,la economía del kit,gold_special,24032.88,4 unidades en una venta ahorran $1.995 de cargo fijo ($5.000 → $3.005),0,MLA1470538391,MLAU2942589422,https://vendedores.mercadolibre.com.ar/publicar/kit?pre_charged_ups=MLAU2942589422
multipack,4,CR0110000HSCAB9,cargo fijo,1995.0,0.0,,Lüsqtoff Hscab-9 5 Hojas De Serrucho,6321.0,25284.0,1995.0,0.0946,0.25,Lüsqtoff,0.0946,la economía del kit,gold_special,22891.82,4 unidades en una venta ahorran $1.995 de cargo fijo ($5.000 → $3.005),0,MLA3167892606,MLAU3885713303,https://vendedores.mercadolibre.com.ar/publicar/kit?pre_charged_ups=MLAU3885713303
multipack,3,CR0160000MPXEXA10100,cargo fijo,745.0,0.0,,Masilla Suprabond Erpox Acero 100g - Soldadura En 10 Minutos,8284.0,24852.0,745.0,0.0404,0.15,Suprabond,0.0404,la economía del kit,gold_pro,23848.48,3 unidades en una venta ahorran $745 de cargo fijo ($3.750 → $3.005),2035,MLA860460310,MLAU208243095,https://vendedores.mercadolibre.com.ar/publicar/kit?pre_charged_ups=MLAU208243095
multipack,3,CR01600000000TPRF30M,cargo fijo,745.0,0.0,,Topetina Suprabond De Fieltro Marrón Cuadrada 30mm - 18u,9984.31,29952.93,745.0,0.029,0.15,Suprabond,0.029,la economía del kit,gold_special,29084.2,3 unidades en una venta ahorran $745 de cargo fijo ($3.750 → $3.005),1744,MLA864705575,MLAU209411116,https://vendedores.mercadolibre.com.ar/publicar/kit?pre_charged_ups=MLAU209411116
multipack,3,CR01600000000CDBH30D,cargo fijo,745.0,0.0,,Candado De Hierro Dorado Bulit N° 30 Dorado,9878.82,29636.46,745.0,0.0292,0.15,Bulit,0.0292,la economía del kit,gold_special,28771.03,3 unidades en una venta ahorran $745 de cargo fijo ($3.750 → $3.005),1516,MLA822561607,MLAU208244259,https://vendedores.mercadolibre.com.ar/publicar/kit?pre_charged_ups=MLAU208244259
multipack,3,CR01600000000TPCF20M,cargo fijo,745.0,0.0,,Topetina Suprabond De Fieltro Marrón Circular 20mm,9400.43,28201.29,745.0,0.0296,0.15,Suprabond,0.0296,la economía del kit,gold_special,27366.62,3 unidades en una venta ahorran $745 de cargo fijo ($3.750 → $3.005),1503,MLA859036213,MLAU208237143,https://vendedores.mercadolibre.com.ar/publicar/kit?pre_charged_ups=MLAU208237143
multipack,3,CR01600000000TPRF20M,cargo fijo,745.0,0.0,,Topetina Suprabond De Fieltro Marrón Cuadrada 20mm,9984.76,29954.28,745.0,0.029,0.15,Suprabond,0.029,la economía del kit,gold_special,29085.65,3 unidades en una venta ahorran $745 de cargo fijo ($3.750 → $3.005),1146,MLA859036030,MLAU209680020,https://vendedores.mercadolibre.com.ar/publicar/kit?pre_charged_ups=MLAU209680020
multipack,3,CR0160000000CDBH30DL,cargo fijo,745.0,0.0,,Candado De Hierro Dorado Bulit N° 30 Aro Largo Dorado,10061.41,30184.23,745.0,0.0248,0.15,Bulit,0.0248,la economía del kit,gold_special,29434.84,3 unidades en una venta ahorran $745 de cargo fijo ($3.750 → $3.005),1139,MLA822566229,MLAU209370436,https://vendedores.mercadolibre.com.ar/publicar/kit?pre_charged_ups=MLAU209370436
multipack,3,CR0160000000SBDTR50B,cargo fijo,745.0,0.0,,Adhesivo Suprabond Transparente Extra Fuerte 50ml,8395.0,25185.0,745.0,0.0402,0.15,Suprabond,0.0402,la economía del kit,gold_pro,24172.79,3 unidades en una venta ahorran $745 de cargo fijo ($3.750 → $3.005),1030,MLA1387618937,MLAU298831110,https://vendedores.mercadolibre.com.ar/publicar/kit?pre_charged_ups=MLAU298831110
multipack,3,CR0160000000AFXP18AR,cargo fijo,745.0,0.0,,Perchas Autoadhesivas Suprabond Acero Inoxidable - 250g,9373.34,28120.02,745.0,0.0309,0.15,Suprabond,0.0309,la economía del kit,gold_special,27250.64,3 unidades en una venta ahorran $745 de cargo fijo ($3.750 → $3.005),1011,MLA862325529,MLAU209368722,https://vendedores.mercadolibre.com.ar/publicar/kit?pre_charged_ups=MLAU209368722
multipack,3,CR01600000000SLTE5MI,cargo fijo,745.0,0.0,,Burlete Autoadhesivo Suprabond De Goma Perfil E Color Marrón,10703.0,32109.0,745.0,0.0295,0.15,Suprabond,0.0295,la economía del kit,gold_pro,31161.74,3 unidades en una venta ahorran $745 de cargo fijo ($3.750 → $3.005),727,MLA903945655,MLAU305012148,https://vendedores.mercadolibre.com.ar/publicar/kit?pre_charged_ups=MLAU305012148
multipack,3,CR01600000000TPCA18T,cargo fijo,745.0,0.0,,Topetina Suprabond Protectora Autoadhesiva Pvc Transparente,9637.23,28911.69,745.0,0.03,0.15,Suprabond,0.03,la economía del kit,gold_special,28043.05,3 unidades en una venta ahorran $745 de cargo fijo ($3.750 → $3.005),578,MLA863850052,MLAU208557991,https://vendedores.mercadolibre.com.ar/publicar/kit?pre_charged_ups=MLAU208557991
multipack,3,CR01600000000TPCF30M,cargo fijo,745.0,0.0,,Topetina Suprabond De Fieltro Marrón Circular 30mm,9992.29,29976.87,745.0,0.029,0.15,Suprabond,0.029,la economía del kit,gold_special,29107.23,3 unidades en una venta ahorran $745 de cargo fijo ($3.750 → $3.005),409,MLA886762533,MLAU264775982,https://vendedores.mercadolibre.com.ar/publicar/kit?pre_charged_ups=MLAU264775982
multipack,3,CR01600000000SLTE5BI,cargo fijo,745.0,0.0,,Burlete Autoadhesivo Suprabond De Goma Perfil E Color Blanco,10703.0,32109.0,745.0,0.0303,0.15,Suprabond,0.0303,la economía del kit,gold_pro,31135.69,3 unidades en una venta ahorran $745 de cargo fijo ($3.750 → $3.005),325,MLA863200953,MLAU237320801,https://vendedores.mercadolibre.com.ar/publicar/kit?pre_charged_ups=MLAU237320801
multipack,3,CR0160000000AFXP66BO,cargo fijo,745.0,0.0,,Percha Autoadhesiva Suprabond Máxima Adherencia - 3kg Blanco,9230.41,27691.23,745.0,0.0314,0.15,Suprabond,0.0314,la economía del kit,gold_special,26822.67,3 unidades en una venta ahorran $745 de cargo fijo ($3.750 → $3.005),300,MLA898112961,MLAU302054097,https://vendedores.mercadolibre.com.ar/publicar/kit?pre_charged_ups=MLAU302054097
multipack,3,CR01600000000CDBBS30,cargo fijo,745.0,0.0,,Candado Bulit De Bronce Macizo Standard 30mm Dorado,8431.0,25293.0,745.0,0.0343,0.15,Bulit,0.0343,la economía del kit,gold_special,24426.28,3 unidades en una venta ahorran $745 de cargo fijo ($3.750 → $3.005),265,MLA874233112,MLAU209414224,https://vendedores.mercadolibre.com.ar/publicar/kit?pre_charged_ups=MLAU209414224
multipack,3,CR01600000CDBACCTDIS,cargo fijo,745.0,0.0,,Recordatorio Traba Disco Bulit Amarillo,10678.55,32035.65,745.0,0.0237,0.15,Bulit,0.0237,la economía del kit,gold_special,31276.94,3 unidades en una venta ahorran $745 de cargo fijo ($3.750 → $3.005),232,MLA818173515,MLAU284612357,https://vendedores.mercadolibre.com.ar/publicar/kit?pre_charged_ups=MLAU284612357
multipack,3,CR016000DES8PHA2X150,cargo fijo,745.0,0.0,,Destornillador Bulit Profesional Aislado Phillips #2x150mm,10914.0,32742.0,745.0,0.0242,0.15,Bulit,0.0242,la economía del kit,gold_special,31949.11,3 unidades en una venta ahorran $745 de cargo fijo ($3.750 → $3.005),229,MLA855102184,MLAU290373181,https://vendedores.mercadolibre.com.ar/publicar/kit?pre_charged_ups=MLAU290373181
multipack,3,CR01600000000CDBBS40,cargo fijo,745.0,0.0,,Candado Bulit Bronce Macizo Standard 40mm Dorado,10538.0,31614.0,745.0,0.0263,0.15,Bulit,0.0263,la economía del kit,gold_special,30781.57,3 unidades en una venta ahorran $745 de cargo fijo ($3.750 → $3.005),212,MLA828385142,MLAU209394022,https://vendedores.mercadolibre.com.ar/publicar/kit?pre_charged_ups=MLAU209394022
multipack,3,CR016000000000SMZ50A,cargo fijo,745.0,0.0,,Sellador Suprabond Zinguería 50ml Aluminio,10408.2,31224.6,745.0,0.0275,0.15,Suprabond,0.0275,la economía del kit,gold_special,30365.36,3 unidades en una venta ahorran $745 de cargo fijo ($3.750 → $3.005),172,MLA820569805,MLAU285096345,https://vendedores.mercadolibre.com.ar/publicar/kit?pre_charged_ups=MLAU285096345
multipack,3,CR0160000000000PBD50,cargo fijo,745.0,0.0,,Sellador Multiuso Perbond En Pomo De 50ml,10368.25,31104.75,745.0,0.0279,0.15,Suprabond,0.0279,la economía del kit,gold_special,30235.6,3 unidades en una venta ahorran $745 de cargo fijo ($3.750 → $3.005),156,MLA859037027,MLAU293130929,https://vendedores.mercadolibre.com.ar/publicar/kit?pre_charged_ups=MLAU293130929
multipack,3,CR016000DES8PHA1X100,cargo fijo,745.0,0.0,,Destornillador Bulit Profesional Aislado Phillips #1x100mm,9778.97,29336.91,745.0,0.0297,0.15,Bulit,0.0297,la economía del kit,gold_special,28464.82,3 unidades en una venta ahorran $745 de cargo fijo ($3.750 → $3.005),150,MLA855101370,MLAU294377340,https://vendedores.mercadolibre.com.ar/publicar/kit?pre_charged_ups=MLAU294377340
multipack,3,CR016000000000CCTR5G,cargo fijo,745.0,0.0,,Cutter Reforzado Bulit A Rosca Con Repuesto,10117.0,30351.0,745.0,0.0299,0.15,Bulit,0.0299,la economía del kit,gold_pro,29443.25,3 unidades en una venta ahorran $745 de cargo fijo ($3.750 → $3.005),141,MLA1530347008,MLAU209382120,https://vendedores.mercadolibre.com.ar/publicar/kit?pre_charged_ups=MLAU209382120
multipack,3,CR016000DES8RA55X125,cargo fijo,745.0,0.0,,Destornillador Bulit Profesional Aislado Recto #5.5x125mm,10146.13,30438.39,745.0,0.0286,0.15,Bulit,0.0286,la economía del kit,gold_special,29566.47,3 unidades en una venta ahorran $745 de cargo fijo ($3.750 → $3.005),113,MLA855102395,MLAU208237077,https://vendedores.mercadolibre.com.ar/publicar/kit?pre_charged_ups=MLAU208237077
multipack,3,CR0160000DES8PH2X100,cargo fijo,745.0,0.0,,Destornillador Bulit Profesional Serie 800 Phillips #2x100mm,10185.0,30555.0,745.0,0.0292,0.15,Bulit,0.0292,la economía del kit,gold_special,29661.68,3 unidades en una venta ahorran $745 de cargo fijo ($3.750 → $3.005),104,MLA868550333,MLAU295497543,https://vendedores.mercadolibre.com.ar/publicar/kit?pre_charged_ups=MLAU295497543
multipack,3,CR016000000000ESPFX6,cargo fijo,745.0,0.0,,Espátula Bulit Flexible -  Acero Al Carbono - 6 Pulgadas,8800.0,26400.0,745.0,0.0377,0.15,Bulit,0.0377,la economía del kit,gold_pro,25404.27,3 unidades en una venta ahorran $745 de cargo fijo ($3.750 → $3.005),100,MLA916333195,MLAU290793862,https://vendedores.mercadolibre.com.ar/publicar/kit?pre_charged_ups=MLAU290793862
multipack,3,CR0160000000000AFXSE,cargo fijo,745.0,0.0,,"Gancho Autoadhesivo Suprabond Sujeta Escobas Aro - 2,5 Kg",9169.64,27508.92,745.0,0.0314,0.15,Suprabond,0.0314,la economía del kit,gold_special,26646.19,3 unidades en una venta ahorran $745 de cargo fijo ($3.750 → $3.005),98,MLA904923765,MLAU288320986,https://vendedores.mercadolibre.com.ar/publicar/kit?pre_charged_ups=MLAU288320986
multipack,3,CR016000DES8RA65X150,cargo fijo,745.0,0.0,,Destornillador Bulit Profesional Aislado Recto #6.5x150mm,9835.0,29505.0,745.0,0.0303,0.15,Bulit,0.0303,la economía del kit,gold_special,28611.68,3 unidades en una venta ahorran $745 de cargo fijo ($3.750 → $3.005),95,MLA855102447,MLAU293137789,https://vendedores.mercadolibre.com.ar/publicar/kit?pre_charged_ups=MLAU293137789
multipack,3,CR0160000000000GAS50,cargo fijo,745.0,0.0,,Sellaroscas Suprabond De Gas 50ml,10647.69,31943.07,745.0,0.0275,0.15,Suprabond,0.0275,la economía del kit,gold_special,31065.93,3 unidades en una venta ahorran $745 de cargo fijo ($3.750 → $3.005),87,MLA842569627,MLAU289652321,https://vendedores.mercadolibre.com.ar/publicar/kit?pre_charged_ups=MLAU289652321
multipack,3,CR0160000000AFXPEA4T,cargo fijo,745.0,0.0,,Porta Estantes Autoadhesivo Suprabond - 12 Kg Discretos Colo,9020.0,27060.0,745.0,0.032,0.15,Suprabond,0.032,la economía del kit,gold_special,26193.34,3 unidades en una venta ahorran $745 de cargo fijo ($3.750 → $3.005),83,MLA1384722311,MLAU233775069,https://vendedores.mercadolibre.com.ar/publicar/kit?pre_charged_ups=MLAU233775069
multipack,3,CR0160000000GFXU110B,cargo fijo,745.0,0.0,,Sellador Silicona Universal Suprabond Blanco 110ml,10738.0,32214.0,745.0,0.0277,0.15,Suprabond,0.0277,la economía del kit,gold_pro,31320.68,3 unidades en una venta ahorran $745 de cargo fijo ($3.750 → $3.005),80,MLA1523064564,MLAU281511462,https://vendedores.mercadolibre.com.ar/publicar/kit?pre_charged_ups=MLAU281511462
multipack,3,CR016000DES8PHA2X100,cargo fijo,745.0,0.0,,Destornillador Bulit Profesional Aislado Phillips #2x100mm,10616.0,31848.0,745.0,0.0273,0.15,Bulit,0.0273,la economía del kit,gold_special,30978.57,3 unidades en una venta ahorran $745 de cargo fijo ($3.750 → $3.005),79,MLA855102843,MLAU281570977,https://vendedores.mercadolibre.com.ar/publicar/kit?pre_charged_ups=MLAU281570977
multipack,3,CR016000000000CDBH30,cargo fijo,745.0,0.0,,Candado Bulit De Hierro Macizo Bulit N° 30 Gris,9847.41,29542.23,745.0,0.0292,0.15,Bulit,0.0292,la economía del kit,gold_special,28678.18,3 unidades en una venta ahorran $745 de cargo fijo ($3.750 → $3.005),69,MLA822573197,MLAU285568785,https://vendedores.mercadolibre.com.ar/publicar/kit?pre_charged_ups=MLAU285568785
multipack,3,CR0160000000CCTR6PRE,cargo fijo,745.0,0.0,,Cutter De Precisión Bulit Serie 600 + 5 Hojas De Repuesto,9767.0,29301.0,745.0,0.035,0.15,Bulit,0.035,la economía del kit,gold_pro,28275.52,3 unidades en una venta ahorran $745 de cargo fijo ($3.750 → $3.005),69,MLA1376545267,MLAU286236235,https://vendedores.mercadolibre.com.ar/publicar/kit?pre_charged_ups=MLAU286236235
multipack,3,CR01600000DSDS80115T,cargo fijo,745.0,0.0,,Disco Diamantado Bulit Para Amoladora S80 Turbo 115mm Amaril,10465.76,31397.28,745.0,0.0278,0.15,Bulit,0.0278,la economía del kit,gold_special,30525.29,3 unidades en una venta ahorran $745 de cargo fijo ($3.750 → $3.005),66,MLA861957455,MLAU295200128,https://vendedores.mercadolibre.com.ar/publicar/kit?pre_charged_ups=MLAU295200128
multipack,3,CR0160000000AFXP35AR,cargo fijo,745.0,0.0,,Perchas Autoadhesivas Suprabond Acero Inoxidable - 1.5kg Pla,9579.12,28737.36,745.0,0.0302,0.15,Suprabond,0.0302,la economía del kit,gold_special,27869.94,3 unidades en una venta ahorran $745 de cargo fijo ($3.750 → $3.005),63,MLA898114673,MLAU302069569,https://vendedores.mercadolibre.com.ar/publicar/kit?pre_charged_ups=MLAU302069569
multipack,3,CR016000000000PBDP50,cargo fijo,745.0,0.0,,Sellador Multiuso Perbond Premium En Pomo De 50ml,9986.0,29958.0,745.0,0.0298,0.15,Suprabond,0.0298,la economía del kit,gold_special,29064.68,3 unidades en una venta ahorran $745 de cargo fijo ($3.750 → $3.005),62,MLA909843912,MLAU307226144,https://vendedores.mercadolibre.com.ar/publicar/kit?pre_charged_ups=MLAU307226144
multipack,3,CR0160000000ESPFXAI3,cargo fijo,745.0,0.0,,Espátula Bulit Flexible S700 - Acero Inoxidable - 3 Pulgadas,9621.0,28863.0,745.0,0.031,0.15,Bulit,0.031,la economía del kit,gold_pro,27969.68,3 unidades en una venta ahorran $745 de cargo fijo ($3.750 → $3.005),61,MLA907607895,MLAU275078605,https://vendedores.mercadolibre.com.ar/publicar/kit?pre_charged_ups=MLAU275078605
multipack,3,CR0160000DES7PH2X100,cargo fijo,745.0,0.0,,Destornillador Bulit Cromo Vanadio S700 Phillips #2x100mm,8443.0,25329.0,745.0,0.0353,0.15,Bulit,0.0353,la economía del kit,gold_special,24435.68,3 unidades en una venta ahorran $745 de cargo fijo ($3.750 → $3.005),60,MLA855312136,MLAU292532467,https://vendedores.mercadolibre.com.ar/publicar/kit?pre_charged_ups=MLAU292532467
multipack,3,CR0160000000ESPFXAI1,cargo fijo,745.0,0.0,,Espátula Bulit Flexible S700 - Acero Inoxidable - 1 Pulgada,9008.0,27024.0,745.0,0.0331,0.15,Bulit,0.0331,la economía del kit,gold_pro,26130.68,3 unidades en una venta ahorran $745 de cargo fijo ($3.750 → $3.005),49,MLA907607700,MLAU209409656,https://vendedores.mercadolibre.com.ar/publicar/kit?pre_charged_ups=MLAU209409656
multipack,3,CR016000000000PINS52,cargo fijo,745.0,0.0,,Pincel Bulit Serie 500 Pura Cerda 100% Natural 2 Pulgadas,9160.21,27480.63,745.0,0.0325,0.15,Bulit,0.0325,la economía del kit,gold_pro,26587.31,3 unidades en una venta ahorran $745 de cargo fijo ($3.750 → $3.005),48,MLA909811217,MLAU3089869964,https://vendedores.mercadolibre.com.ar/publicar/kit?pre_charged_ups=MLAU3089869964
multipack,3,CR016000000000AFXW16,cargo fijo,745.0,0.0,,Lámina Autoadhesiva Suprabond Doble Faz - Remplaza Tornillo,8536.0,25608.0,745.0,0.0399,0.15,Suprabond,0.0399,la economía del kit,gold_pro,24585.85,3 unidades en una venta ahorran $745 de cargo fijo ($3.750 → $3.005),47,MLA2471741386,MLAU295567968,https://vendedores.mercadolibre.com.ar/publicar/kit?pre_charged_ups=MLAU295567968
multipack,3,CR01600000PZAS6EPU45,cargo fijo,745.0,0.0,,Pinza Bulit Universal - Acero Al Carbono - 4.5 Pulgadas,10963.0,32889.0,745.0,0.0272,0.15,Bulit,0.0272,la economía del kit,gold_special,31995.68,3 unidades en una venta ahorran $745 de cargo fijo ($3.750 → $3.005),43,MLA908798687,MLAU279852635,https://vendedores.mercadolibre.com.ar/publicar/kit?pre_charged_ups=MLAU279852635
multipack,3,CR0160000SPXSANS10TE,cargo fijo,745.0,0.0,,Adhesivo Epoxi Suprabond Transparente Superpox - 90 Segundos,8386.0,25158.0,745.0,0.0408,0.15,Suprabond,0.0408,la economía del kit,gold_pro,24131.56,3 unidades en una venta ahorran $745 de cargo fijo ($3.750 → $3.005),38,MLA1828551558,MLAU387880429,https://vendedores.mercadolibre.com.ar/publicar/kit?pre_charged_ups=MLAU387880429
multipack,3,CR0390000000XTEV5050,cargo fijo,745.0,0.0,,Tira Luces Led Crafters Exterior 12v Rollo 5 Mts 72w - Verde,10000.0,30000.0,745.0,0.0298,0.25,Crafters,0.0298,la economía del kit,gold_pro,29106.68,3 unidades en una venta ahorran $745 de cargo fijo ($3.750 → $3.005),36,MLA1439435067,MLAU425551618,https://vendedores.mercadolibre.com.ar/publicar/kit?pre_charged_ups=MLAU425551618
multipack,3,CR016000000000SLTVMI,cargo fijo,745.0,0.0,,Burlete De Vinilo Autoadhesivo Suprabond 5 Metros Marrón Mar,9408.0,28224.0,745.0,0.0326,0.15,Suprabond,0.0326,la economía del kit,gold_pro,27304.15,3 unidades en una venta ahorran $745 de cargo fijo ($3.750 → $3.005),36,MLA1139081627,MLAU3091933178,https://vendedores.mercadolibre.com.ar/publicar/kit?pre_charged_ups=MLAU3091933178
multipack,3,CR0160000000ESPFXAI4,cargo fijo,745.0,0.0,,Espátula Bulit Flexible S700 - Acero Inoxidable - 4 Pulgadas,10649.44,31948.32,745.0,0.0272,0.15,Bulit,0.0272,la economía del kit,gold_pro,31078.46,3 unidades en una venta ahorran $745 de cargo fijo ($3.750 → $3.005),33,MLA1720477406,MLAU282417432,https://vendedores.mercadolibre.com.ar/publicar/kit?pre_charged_ups=MLAU282417432
multipack,3,CR016000000000MTJ150,cargo fijo,745.0,0.0,,Adhesivo Suprabond Montajes En Pomo De 150g Blanco,9662.97,28988.91,745.0,0.0301,0.15,Suprabond,0.0301,la economía del kit,gold_special,28116.7,3 unidades en una venta ahorran $745 de cargo fijo ($3.750 → $3.005),33,MLA828370410,MLAU272183239,https://vendedores.mercadolibre.com.ar/publicar/kit?pre_charged_ups=MLAU272183239
multipack,3,CR0160000MEDREGALD30,cargo fijo,745.0,0.0,,Regla Aluminio Bulit 30cm,8823.0,26469.0,745.0,0.0331,0.15,Bulit,0.0331,la economía del kit,gold_special,25591.92,3 unidades en una venta ahorran $745 de cargo fijo ($3.750 → $3.005),31,MLA824912839,MLAU273698484,https://vendedores.mercadolibre.com.ar/publicar/kit?pre_charged_ups=MLAU273698484
multipack,3,CR0160000000GFXU110T,cargo fijo,745.0,0.0,,Sellador Silicona Universal Suprabond Transparente 110ml,10738.0,32214.0,745.0,0.0283,0.15,Suprabond,0.0283,la economía del kit,gold_pro,31303.88,3 unidades en una venta ahorran $745 de cargo fijo ($3.750 → $3.005),29,MLA1635765991,MLAU276259123,https://vendedores.mercadolibre.com.ar/publicar/kit?pre_charged_ups=MLAU276259123
multipack,3,CR0390000000XTEA5050,cargo fijo,745.0,0.0,,Tira Luces Led Crafters Exterior 12v Rollo 5 Mts 72w - Azul ,10000.0,30000.0,745.0,0.0373,0.25,Crafters,0.0373,la economía del kit,gold_pro,28879.7,3 unidades en una venta ahorran $745 de cargo fijo ($3.750 → $3.005),29,MLA1439461023,MLAU423711567,https://vendedores.mercadolibre.com.ar/publicar/kit?pre_charged_ups=MLAU423711567
multipack,3,CR0300000000049008NE,cargo fijo,745.0,0.0,,Spot Embutido Móvil Redondo Ar111 Lampara Led Aro Negro,8354.0,25062.0,745.0,0.0356,0.25,180° Iluminación,0.0356,la economía del kit,gold_special,24168.68,3 unidades en una venta ahorran $745 de cargo fijo ($3.750 → $3.005),24,MLA1957814000,MLAU2877062273,https://vendedores.mercadolibre.com.ar/publicar/kit?pre_charged_ups=MLAU2877062273
multipack,3,CR0390000000XTER5050,cargo fijo,745.0,0.0,,Tira Luces Led Crafters Exterior 12v Rollo 5 Mts 72w - Rojo ,10000.0,30000.0,745.0,0.0331,0.25,Crafters,0.0331,la economía del kit,gold_pro,29005.67,3 unidades en una venta ahorran $745 de cargo fijo ($3.750 → $3.005),23,MLA1439474119,MLAU423712079,https://vendedores.mercadolibre.com.ar/publicar/kit?pre_charged_ups=MLAU423712079
multipack,3,CR01600000CHMF30UT14,cargo fijo,745.0,0.0,,Barras Suprabond Finas Ultratransparentes 175g,10536.0,31608.0,745.0,0.0316,0.15,Suprabond,0.0316,la economía del kit,gold_pro,30608.13,3 unidades en una venta ahorran $745 de cargo fijo ($3.750 → $3.005),21,MLA1139041360,MLAU218133244,https://vendedores.mercadolibre.com.ar/publicar/kit?pre_charged_ups=MLAU218133244
multipack,3,CR0080POLYBAGAG,cargo fijo,745.0,0.0,,Bolsa Crafters Polybag Color Azul Diseño Crafters 55cm - 35c,9990.0,29970.0,745.0,0.0377,0.25,Crafters,0.0377,la economía del kit,gold_pro,28840.07,3 unidades en una venta ahorran $745 de cargo fijo ($3.750 → $3.005),18,MLA1547105479,MLAU3440517714,https://vendedores.mercadolibre.com.ar/publicar/kit?pre_charged_ups=MLAU3440517714
multipack,3,CR01600000DES8PL6X38,cargo fijo,745.0,0.0,,Destornillador Bulit Profesional Serie 800 Phillips #6x38mm,10392.0,31176.0,745.0,0.0287,0.15,Bulit,0.0287,la economía del kit,gold_special,30282.68,3 unidades en una venta ahorran $745 de cargo fijo ($3.750 → $3.005),17,MLA868553777,MLAU297971337,https://vendedores.mercadolibre.com.ar/publicar/kit?pre_charged_ups=MLAU297971337
multipack,3,CR0160000000ESPFXAI2,cargo fijo,745.0,0.0,,Espátula Bulit Flexible S700 - Acero Inoxidable - 2 Pulgadas,9377.0,28131.0,745.0,0.0318,0.15,Bulit,0.0318,la economía del kit,gold_pro,27237.68,3 unidades en una venta ahorran $745 de cargo fijo ($3.750 → $3.005),16,MLA907609068,MLAU279770577,https://vendedores.mercadolibre.com.ar/publicar/kit?pre_charged_ups=MLAU279770577
multipack,3,CR0160000000LLV712VA,cargo fijo,745.0,0.0,,Llave Combinada Bulit S700 - Acodada Cromo Vanadio - 12mm,8719.0,26157.0,745.0,0.0342,0.15,Bulit,0.0342,la economía del kit,gold_special,25263.68,3 unidades en una venta ahorran $745 de cargo fijo ($3.750 → $3.005),16,MLA1563497077,MLAU264966807,https://vendedores.mercadolibre.com.ar/publicar/kit?pre_charged_ups=MLAU264966807
multipack,3,CR0300000000049008BL,cargo fijo,745.0,0.0,,Spot Embutido Móvil Redondo Ar111 Lampara Led Aro Blanco,8354.0,25062.0,745.0,0.0356,0.25,180° Iluminación,0.0356,la economía del kit,gold_special,24168.68,3 unidades en una venta ahorran $745 de cargo fijo ($3.750 → $3.005),16,MLA1957724072,MLAU2882077842,https://vendedores.mercadolibre.com.ar/publicar/kit?pre_charged_ups=MLAU2882077842
multipack,3,CR016000000000ESPFX5,cargo fijo,745.0,0.0,,Espátula Bulit Flexible -  Acero Al Carbono - 5 Pulgadas,8342.0,25026.0,745.0,0.0374,0.15,Bulit,0.0374,la economía del kit,gold_pro,24088.97,3 unidades en una venta ahorran $745 de cargo fijo ($3.750 → $3.005),16,MLA907279547,MLAU306168476,https://vendedores.mercadolibre.com.ar/publicar/kit?pre_charged_ups=MLAU306168476
multipack,3,CR0160000000LLV7VA13,cargo fijo,745.0,0.0,,Llave Combinada Bulit S700 - Acodada Cromo Vanadio - 13mm,9355.0,28065.0,745.0,0.0318,0.15,Bulit,0.0318,la economía del kit,gold_special,27171.68,3 unidades en una venta ahorran $745 de cargo fijo ($3.750 → $3.005),15,MLA1600413992,MLAU3089868890,https://vendedores.mercadolibre.com.ar/publicar/kit?pre_charged_ups=MLAU3089868890
multipack,3,CR042000000000020022,cargo fijo,745.0,0.0,,Escoba La Gauchita Max Exteriores Resistente Rosca Universal,8812.0,26436.0,745.0,0.0328,0.25,La Gauchita,0.0328,la economía del kit,gold_special,25570.16,3 unidades en una venta ahorran $745 de cargo fijo ($3.750 → $3.005),15,MLA1470525451,MLAU2942589382,https://vendedores.mercadolibre.com.ar/publicar/kit?pre_charged_ups=MLAU2942589382
multipack,3,CR0300000000049013NE,cargo fijo,745.0,0.0,,Lámpara Plafón Spot Semi Embutido Gu10 Led Cuadrado Negro,9866.0,29598.0,745.0,0.0302,0.25,180° Iluminación,0.0302,la economía del kit,gold_special,28704.68,3 unidades en una venta ahorran $745 de cargo fijo ($3.750 → $3.005),14,MLA1957816008,MLAU2877052441,https://vendedores.mercadolibre.com.ar/publicar/kit?pre_charged_ups=MLAU2877052441
multipack,3,CR01600000SBDTRPR50B,cargo fijo,745.0,0.0,,Adhesivo Suprabond Transparente Precisión - Pomo 50 Ml Trans,9066.0,27198.0,745.0,0.0364,0.15,Suprabond,0.0364,la economía del kit,gold_pro,26208.99,3 unidades en una venta ahorran $745 de cargo fijo ($3.750 → $3.005),14,MLA1681399993,MLAU3814032600,https://vendedores.mercadolibre.com.ar/publicar/kit?pre_charged_ups=MLAU3814032600
multipack,3,CR016000000SPXSA16TE,cargo fijo,745.0,0.0,,Adhesivo Epoxi Suprabond Transparente Superpox - 10 Minutos,8386.0,25158.0,745.0,0.0394,0.15,Suprabond,0.0394,la economía del kit,gold_pro,24166.3,3 unidades en una venta ahorran $745 de cargo fijo ($3.750 → $3.005),14,MLA1139075420,MLAU217079705,https://vendedores.mercadolibre.com.ar/publicar/kit?pre_charged_ups=MLAU217079705
multipack,3,CR0160000DES7PL6X100,cargo fijo,745.0,0.0,,Destornillador Bulit Profesional Serie 700 Plano #6x100mm,9080.33,27240.99,745.0,0.032,0.15,Bulit,0.032,la economía del kit,gold_special,26369.0,3 unidades en una venta ahorran $745 de cargo fijo ($3.750 → $3.005),13,MLA903865923,MLAU276785307,https://vendedores.mercadolibre.com.ar/publicar/kit?pre_charged_ups=MLAU276785307
multipack,3,CR01600DES8TX20X1006,cargo fijo,745.0,0.0,,Destornillador Bulit Profesional Serie 800 Torx #20x100-6,10828.0,32484.0,745.0,0.0268,0.15,Bulit,0.0268,la economía del kit,gold_special,31614.53,3 unidades en una venta ahorran $745 de cargo fijo ($3.750 → $3.005),12,MLA868564700,MLAU295505701,https://vendedores.mercadolibre.com.ar/publicar/kit?pre_charged_ups=MLAU295505701
multipack,3,CR0160000DES8PH1X300,cargo fijo,745.0,0.0,,Destornillador Bulit Profesional Serie 800 Phillips #1x300mm,10105.0,30315.0,745.0,0.0295,0.15,Bulit,0.0295,la economía del kit,gold_special,29421.68,3 unidades en una venta ahorran $745 de cargo fijo ($3.750 → $3.005),12,MLA908006433,MLAU306180568,https://vendedores.mercadolibre.com.ar/publicar/kit?pre_charged_ups=MLAU306180568
multipack,3,CR0160000DES8PL6X100,cargo fijo,745.0,0.0,,Destornillador Bulit Profesional Serie 800 Plano #6x100mm,10004.0,30012.0,745.0,0.0298,0.15,Bulit,0.0298,la economía del kit,gold_special,29118.68,3 unidades en una venta ahorran $745 de cargo fijo ($3.750 → $3.005),12,MLA868558832,MLAU295760057,https://vendedores.mercadolibre.com.ar/publicar/kit?pre_charged_ups=MLAU295760057
multipack,3,CR020000000000006001,cargo fijo,745.0,0.0,,Tira Led Crafters Rollo X 5 Metros 12v Interior Blanco Frío ,9540.88,28622.64,745.0,0.0393,0.25,Crafters,0.0393,la economía del kit,gold_pro,27497.57,3 unidades en una venta ahorran $745 de cargo fijo ($3.750 → $3.005),12,MLA1847897516,MLAU407813456,https://vendedores.mercadolibre.com.ar/publicar/kit?pre_charged_ups=MLAU407813456
multipack,3,CR01600000GMXACR110B,cargo fijo,745.0,0.0,,Sellador Acrílico Pintable Suprabond 110ml Blanco,10697.13,32091.39,745.0,0.0269,0.15,Suprabond,0.0269,la economía del kit,gold_special,31227.56,3 unidades en una venta ahorran $745 de cargo fijo ($3.750 → $3.005),11,MLA1139047517,MLAU317887292,https://vendedores.mercadolibre.com.ar/publicar/kit?pre_charged_ups=MLAU317887292
multipack,3,CR0390000000XTIV5050,cargo fijo,745.0,0.0,,Tira Luces Led Crafters Interior 12v Rollo 5 Mts 72w - Verde,9972.01,29916.03,745.0,0.0292,0.25,Crafters,0.0292,la economía del kit,gold_pro,29043.55,3 unidades en una venta ahorran $745 de cargo fijo ($3.750 → $3.005),11,MLA1439499615,MLAU425546620,https://vendedores.mercadolibre.com.ar/publicar/kit?pre_charged_ups=MLAU425546620
multipack,3,CR021000000000001039,cargo fijo,745.0,0.0,,Plafon Led Spot Cuadrado 24w Embutir Panel 30x25 Cm Interior,9677.0,29031.0,745.0,0.0308,0.25,N2M Electrónica,0.0308,la economía del kit,gold_special,28137.68,3 unidades en una venta ahorran $745 de cargo fijo ($3.750 → $3.005),11,MLA1495286633,MLAU3165530068,https://vendedores.mercadolibre.com.ar/publicar/kit?pre_charged_ups=MLAU3165530068
multipack,3,CR01600000000GFXJ60R,cargo fijo,745.0,0.0,,Sellador Suprabond Silicona Para Alta Temperatura Pomo 60ml,8764.0,26292.0,745.0,0.034,0.15,Suprabond,0.034,la economía del kit,gold_pro,25398.68,3 unidades en una venta ahorran $745 de cargo fijo ($3.750 → $3.005),11,MLA1483074760,MLAU297308459,https://vendedores.mercadolibre.com.ar/publicar/kit?pre_charged_ups=MLAU297308459
multipack,3,CR01600000DES7PH2X38,cargo fijo,745.0,0.0,,Destornillador Bulit Cromo Vanadio S700 Phillips #2x38mm,8264.0,24792.0,745.0,0.036,0.15,Bulit,0.036,la economía del kit,gold_special,23898.68,3 unidades en una venta ahorran $745 de cargo fijo ($3.750 → $3.005),11,MLA855312332,MLAU292467265,https://vendedores.mercadolibre.com.ar/publicar/kit?pre_charged_ups=MLAU292467265
multipack,3,CR01600DES8TX10X1005,cargo fijo,745.0,0.0,,Destornillador Bulit Profesional Serie 800 Torx #10x100-5,8266.0,24798.0,745.0,0.036,0.15,Bulit,0.036,la economía del kit,gold_special,23904.68,3 unidades en una venta ahorran $745 de cargo fijo ($3.750 → $3.005),10,MLA868563695,MLAU296768262,https://vendedores.mercadolibre.com.ar/publicar/kit?pre_charged_ups=MLAU296768262
multipack,3,CR016000000000PINS72,cargo fijo,745.0,0.0,,Pincel Bulit Serie 700 Pura Cerda 100% Natural 2 Pulgadas,10549.64,31648.92,745.0,0.0282,0.15,Bulit,0.0282,la economía del kit,gold_pro,30755.6,3 unidades en una venta ahorran $745 de cargo fijo ($3.750 → $3.005),7,MLA909808102,MLAU3084535047,https://vendedores.mercadolibre.com.ar/publicar/kit?pre_charged_ups=MLAU3084535047
multipack,3,CR01600000DES8PH2X38,cargo fijo,745.0,0.0,,Destornillador Bulit Profesional Serie 800 Phillips #2x38mm,10004.0,30012.0,745.0,0.0298,0.15,Bulit,0.0298,la economía del kit,gold_special,29118.68,3 unidades en una venta ahorran $745 de cargo fijo ($3.750 → $3.005),7,MLA868553195,MLAU295292769,https://vendedores.mercadolibre.com.ar/publicar/kit?pre_charged_ups=MLAU295292769
multipack,3,CR016000000SPXSA25AE,cargo fijo,745.0,0.0,,Superadhesivo Suprabond 2 Componentes Con Acero En Polvo,8386.0,25158.0,745.0,0.0395,0.15,Suprabond,0.0395,la economía del kit,gold_pro,24164.43,3 unidades en una venta ahorran $745 de cargo fijo ($3.750 → $3.005),7,MLA1139075442,MLAU224912963,https://vendedores.mercadolibre.com.ar/publicar/kit?pre_charged_ups=MLAU224912963
multipack,3,CR01600DES8TX15X1006,cargo fijo,745.0,0.0,,Destornillador Bulit Profesional Serie 800 Torx #15x100-6,10105.0,30315.0,745.0,0.0295,0.15,Bulit,0.0295,la economía del kit,gold_special,29421.68,3 unidades en una venta ahorran $745 de cargo fijo ($3.750 → $3.005),6,MLA868563014,MLAU297436121,https://vendedores.mercadolibre.com.ar/publicar/kit?pre_charged_ups=MLAU297436121
multipack,3,CR042000000000070026,cargo fijo,745.0,0.0,,Escobillón La Gauchita Max Exteriores Pisos Fibra Resistente,8812.0,26436.0,745.0,0.0338,0.25,La Gauchita,0.0338,la economía del kit,gold_special,25542.68,3 unidades en una venta ahorran $745 de cargo fijo ($3.750 → $3.005),6,MLA2073380200,MLAU3164742772,https://vendedores.mercadolibre.com.ar/publicar/kit?pre_charged_ups=MLAU3164742772
multipack,3,CR031000000000003226,cargo fijo,745.0,0.0,,Foco Led Ar111 De Crafters Para Iluminación Blanco Frío 15w,10466.52,31399.56,745.0,0.0285,0.25,Crafters,0.0285,la economía del kit,gold_pro,30506.24,3 unidades en una venta ahorran $745 de cargo fijo ($3.750 → $3.005),5,MLA2173868564,MLAU3274965482,https://vendedores.mercadolibre.com.ar/publicar/kit?pre_charged_ups=MLAU3274965482
multipack,3,CR01600000DSDS80115S,cargo fijo,745.0,0.0,,Disco Diamantado Bulit Serie 80 Segmentado 115mm Amarillo,9111.0,27333.0,745.0,0.0318,0.15,Bulit,0.0318,la economía del kit,gold_special,26463.93,3 unidades en una venta ahorran $745 de cargo fijo ($3.750 → $3.005),5,MLA799205069,MLAU282900580,https://vendedores.mercadolibre.com.ar/publicar/kit?pre_charged_ups=MLAU282900580
multipack,3,CR0160000DES8PL5X150,cargo fijo,745.0,0.0,,Destornillador Bulit Profesional Serie 800 Plano #5x150mm,8264.0,24792.0,745.0,0.036,0.15,Bulit,0.036,la economía del kit,gold_special,23898.68,3 unidades en una venta ahorran $745 de cargo fijo ($3.750 → $3.005),5,MLA868558686,MLAU270854483,https://vendedores.mercadolibre.com.ar/publicar/kit?pre_charged_ups=MLAU270854483
multipack,3,CR0160000DSDS400115C,cargo fijo,745.0,0.0,,Disco Diamantado Bulit Serie 400 Continuo 115mm   Azul Marin,8802.0,26406.0,745.0,0.0329,0.15,Bulit,0.0329,la economía del kit,gold_special,25537.01,3 unidades en una venta ahorran $745 de cargo fijo ($3.750 → $3.005),4,MLA818033291,MLAU285934524,https://vendedores.mercadolibre.com.ar/publicar/kit?pre_charged_ups=MLAU285934524
multipack,3,CR033000000000001720,cargo fijo,745.0,0.0,,Plafón Led 6w Cuadrado Negro N2m Electrónica Luz Fría Techo ,8496.0,25488.0,745.0,0.035,0.25,N2M Electrónica,0.035,la economía del kit,gold_special,24594.68,3 unidades en una venta ahorran $745 de cargo fijo ($3.750 → $3.005),3,MLA2752802072,MLAU3714963062,https://vendedores.mercadolibre.com.ar/publicar/kit?pre_charged_ups=MLAU3714963062
multipack,3,CR01600000DES8PH2X75,cargo fijo,745.0,0.0,,Destornillador Bulit Profesional Serie 800 Phillips #2x75mm,9574.0,28722.0,745.0,0.0311,0.15,Bulit,0.0311,la economía del kit,gold_special,27828.68,3 unidades en una venta ahorran $745 de cargo fijo ($3.750 → $3.005),2,MLA1439478464,MLAU247818034,https://vendedores.mercadolibre.com.ar/publicar/kit?pre_charged_ups=MLAU247818034
multipack,3,CR01600000DES7PL6X38,cargo fijo,745.0,0.0,,Destornillador Bulit Profesional Serie 700 Plano #6x38mm,8264.0,24792.0,745.0,0.036,0.15,Bulit,0.036,la economía del kit,gold_special,23898.68,3 unidades en una venta ahorran $745 de cargo fijo ($3.750 → $3.005),2,MLA907268183,MLAU306086166,https://vendedores.mercadolibre.com.ar/publicar/kit?pre_charged_ups=MLAU306086166
multipack,3,CR0160000000000SLTEA,cargo fijo,745.0,0.0,,Burlete Autoadhesivo Suprabond Puerta Ventana - 5 Metros Gri,10518.31,31554.93,745.0,0.0272,0.15,Suprabond,0.0272,la economía del kit,gold_special,30695.06,3 unidades en una venta ahorran $745 de cargo fijo ($3.750 → $3.005),1,MLA1863881731,MLAU4170871397,https://vendedores.mercadolibre.com.ar/publicar/kit?pre_charged_ups=MLAU4170871397
multipack,3,CR0160000000LLV7VA14,cargo fijo,745.0,0.0,,Llave Combinada Bulit S700 - Acodada Cromo Vanadio - 14mm,10328.0,30984.0,745.0,0.0288,0.15,Bulit,0.0288,la economía del kit,gold_special,30090.68,3 unidades en una venta ahorran $745 de cargo fijo ($3.750 → $3.005),1,MLA1398289495,MLAU258514237,https://vendedores.mercadolibre.com.ar/publicar/kit?pre_charged_ups=MLAU258514237
multipack,3,CR016000000LLV7VA916,cargo fijo,745.0,0.0,,Llave Combinada Bulit Acodada Cromo Vanadio - 9/16 Pulgadas,10328.0,30984.0,745.0,0.0281,0.15,Bulit,0.0281,la economía del kit,gold_special,30111.98,3 unidades en una venta ahorran $745 de cargo fijo ($3.750 → $3.005),1,MLA1398238443,MLAU3089868436,https://vendedores.mercadolibre.com.ar/publicar/kit?pre_charged_ups=MLAU3089868436
multipack,3,CR0390000000XTIR5050,cargo fijo,745.0,0.0,,Tira Luces Led Crafters Interior 12v Rollo 5 Mts 72w - Rojo ,9972.01,29916.03,745.0,0.036,0.25,Practiled,0.036,la economía del kit,gold_pro,28839.9,3 unidades en una venta ahorran $745 de cargo fijo ($3.750 → $3.005),1,MLA1439473469,MLAU425541710,https://vendedores.mercadolibre.com.ar/publicar/kit?pre_charged_ups=MLAU425541710
multipack,3,CR016000000000SLTEAM,cargo fijo,745.0,0.0,,Burlete Autoadhesivo Suprabond Puerta Ventana - 5 Metros Mar,9918.0,29754.0,745.0,0.033,0.15,Suprabond,0.033,la economía del kit,gold_special,28773.22,3 unidades en una venta ahorran $745 de cargo fijo ($3.750 → $3.005),1,MLA1863956869,MLAU4170871401,https://vendedores.mercadolibre.com.ar/publicar/kit?pre_charged_ups=MLAU4170871401
multipack,3,CR0160000DES7PL6X150,cargo fijo,745.0,0.0,,Destornillador Bulit Profesional Serie 700 Plano #6x150mm,9718.0,29154.0,745.0,0.0306,0.15,Bulit,0.0306,la economía del kit,gold_special,28260.68,3 unidades en una venta ahorran $745 de cargo fijo ($3.750 → $3.005),1,MLA907263880,MLAU304760345,https://vendedores.mercadolibre.com.ar/publicar/kit?pre_charged_ups=MLAU304760345
multipack,3,CR0160000000LLV7VA12,cargo fijo,745.0,0.0,,Llave Combinada Bulit - Acodada Cromo Vanadio - 1/2 Pulgadas,9418.0,28254.0,745.0,0.0316,0.15,Bulit,0.0316,la economía del kit,gold_special,27360.68,3 unidades en una venta ahorran $745 de cargo fijo ($3.750 → $3.005),1,MLA1398289493,MLAU243138045,https://vendedores.mercadolibre.com.ar/publicar/kit?pre_charged_ups=MLAU243138045
multipack,3,CR016000000000PINS23,cargo fijo,745.0,0.0,,Pincel Bulit Serie 200 Pura Cerda - 3 Pulgadas,9265.79,27797.37,745.0,0.0365,0.15,Bulit,0.0365,la economía del kit,gold_pro,26781.64,3 unidades en una venta ahorran $745 de cargo fijo ($3.750 → $3.005),1,MLA1588485219,MLAU303819607,https://vendedores.mercadolibre.com.ar/publicar/kit?pre_charged_ups=MLAU303819607
multipack,3,CR0160000000ESPFXAI5,cargo fijo,745.0,0.0,,Espátula Bulit Flexible S700 - Acero Inoxidable - 5 Pulgadas,10856.0,32568.0,745.0,0.0274,0.15,Bulit,0.0274,la economía del kit,gold_pro,31674.68,3 unidades en una venta ahorran $745 de cargo fijo ($3.750 → $3.005),0,MLA3183451290,MLAU274860198,https://vendedores.mercadolibre.com.ar/publicar/kit?pre_charged_ups=MLAU274860198
multipack,3,CR0160000000000SLTVI,cargo fijo,745.0,0.0,,Burlete Autoadhesivo Suprabond Puerta Ventana - 5 Metros Bla,10793.84,32381.52,745.0,0.0277,0.15,Suprabond,0.0277,la economía del kit,gold_special,31483.61,3 unidades en una venta ahorran $745 de cargo fijo ($3.750 → $3.005),0,MLA1864096025,MLAU4170871399,https://vendedores.mercadolibre.com.ar/publicar/kit?pre_charged_ups=MLAU4170871399
multipack,3,CR033000000000001725,cargo fijo,745.0,0.0,,Panel Led Redondo Embutir 18w Plafon Marco Negro Cálido Blan,10142.0,30426.0,745.0,0.0294,0.25,Crafters,0.0294,la economía del kit,gold_special,29532.68,3 unidades en una venta ahorran $745 de cargo fijo ($3.750 → $3.005),0,MLA1670077093,MLAU3771496279,https://vendedores.mercadolibre.com.ar/publicar/kit?pre_charged_ups=MLAU3771496279
multipack,3,CR0300000000049013BL,cargo fijo,745.0,0.0,,Lámpara Plafón Spot Semi Embutido Gu10 Led Cuadrado Blanco B,9866.0,29598.0,745.0,0.0302,0.25,180° Iluminación,0.0302,la economía del kit,gold_special,28704.68,3 unidades en una venta ahorran $745 de cargo fijo ($3.750 → $3.005),0,MLA1670051467,MLAU3780973152,https://vendedores.mercadolibre.com.ar/publicar/kit?pre_charged_ups=MLAU3780973152
multipack,3,CR042000000000160106 X 5 UNIDADES,cargo fijo,745.0,0.0,,Esponja Go! Superficies Antiadherentes X 5u Amarillo,9305.0,27915.0,745.0,0.032,0.25,La Gauchita,0.032,la economía del kit,gold_special,27021.68,3 unidades en una venta ahorran $745 de cargo fijo ($3.750 → $3.005),0,MLA2239193094,MLAU3351747589,https://vendedores.mercadolibre.com.ar/publicar/kit?pre_charged_ups=MLAU3351747589
multipack,3,CR033000000000001719,cargo fijo,745.0,0.0,,Panel Led Redondo Embutir 12w Cálido Plafon Marco Negro Negr,8496.0,25488.0,745.0,0.035,0.25,Crafters,0.035,la economía del kit,gold_special,24594.68,3 unidades en una venta ahorran $745 de cargo fijo ($3.750 → $3.005),0,MLA1806522889,MLAU4014471347,https://vendedores.mercadolibre.com.ar/publicar/kit?pre_charged_ups=MLAU4014471347
